Player Tier,Career Score,raw_score,Name,Draft Year,Pick Number,Drafted By,NBA Team,NBA Dev Score,NBA Win%,NBA PPG,Rel PPG,NBA OPPG,Rel OPPG,NBA SRS,NBA Pace,NBA ORtg,Rel ORtg,NBA DRtg,Rel DRtg,NBA NRtg,NBA Expected Win%,NBA Net PPG,POS,Relatives,Age,Height,Weight,College,College Strength,Seasons Played (College),CT_Win%,CT_PTS/G,CT_PTSA/G,CT_SRS,CT_SOS,CT_ORtg,CT_DRtg,C_G,C_GS,C_GS%,C_MPG,C_FG,C_FGA,C_FG%,C_3P,C_3PA,C_3P%,C_FT,C_FTA,C_FT%,C_DRB,C_ORB,C_TRB,C_AST,C_STL,C_BLK,C_TOV,C_PF,C_PTS,C_PER,C_TS%,C_3PAr,C_FTr,C_PProd,C_ORB%,C_DRB%,C_TRB%,C_AST%,C_STL%,C_BLK%,C_TOV%,C_USG%,C_OWS,C_DWS,C_WS,C_WS/40,C_OBPM,C_DBPM,C_BPM,C_FG/40,C_FGA/40,C_3P/40,C_3PA/40,C_FT/40,C_FTA/40,C_ORB/40,C_DRB/40,C_TRB/40,C_AST/40,C_STL/40,C_BLK/40,C_TOV/40,C_PF/40,C_PTS/40,C_FG/100,C_FGA/100,C_3P/100,C_3PA/100,C_FT/100,C_FTA/100,C_ORB/100,C_DRB/100,C_TRB/100,C_AST/100,C_STL/100,C_BLK/100,C_TOV/100,C_PF/100,C_PTS/100,C_ORtg,C_DRtg,NBA_seasons,NBA_G,NBA_GS,NBA_MP/G,NBA_FG/G,NBA_FGA/G,NBA_FG%,NBA_3P/G,NBA_3PA/G,NBA_3P%,NBA_2P/G,NBA_2PA/G,NBA_2P%,NBA_eFG%,NBA_FT/G,NBA_FTA/G,NBA_FT%,NBA_ORB/G,NBA_DRB/G,NBA_TRB/G,NBA_AST/G,NBA_STL/G,NBA_BLK/G,NBA_TOV/G,NBA_PF/G,NBA_PTS/G,NBA_GS%,C_AST_TO,C_ORB_DRB,C_BLK_MPG,BMI,Rel NBA Pace,C_STOCKS/40,Wingspan,Wingspan/Height,Weight/Height
7,96.44,59.05,Kyrie Irving,2011,1,CLE,CLE,3,0.232,95.5,-4.1,104.5,4.9,-8.88,93,102.2,-5.1,111.8,4.5,-9.6,0.22,-9,"PG,SG",1,19.26,75.5,191,Duke,4,1,0.865,80.9,64.7,24.5,8.31,115.2,92.2,11,8,0.727,27.5,5,9.5,0.529,1.6,3.5,0.462,5.8,6.5,0.901,2.8,0.5,3.4,4.3,1.5,0.5,2.5,2.1,17.5,32.5,0.697,0.375,0.683,189,2.3,10.6,6.7,29.8,3,1.8,16.4,26.4,1.8,0.6,2.4,0.32,9.8,5,14.8,7.3,13.7,2.4,5.1,8.4,9.4,0.8,4.1,4.9,6.2,2.1,0.8,3.6,3,25.3,10.3,19.6,3.4,7.3,12,13.4,1.1,5.8,7,8.8,3,1.1,5.1,4.3,36.1,135.1,92.7,14,779,779,34.5,8.7,18.4,0.474,2.4,6.1,0.394,6.3,12.3,0.514,0.54,3.8,4.3,0.888,0.8,3.3,4.1,5.6,1.3,0.4,2.5,2.3,23.7,100,1.72,0.179,0.018,22.918,0.9,2.9,76,1.007,2.53
0,27.98,16.69,Derrick Williams,2011,2,MIN,MIN,2,0.207,101.1,1.5,107.7,8.1,-5.97,96.5,104.2,-3.1,111.1,3.8,-6.8,0.293,-6.6,"PF,SF",0,20.08,80.75,248,Arizona,3,2,0.789,76.4,67.9,16.54,7.99,112.8,100.2,38,38,1,30,5.9,10,0.595,1.1,1.9,0.568,6.5,8.7,0.746,5.5,2.8,8.3,1.1,1,0.7,2.6,2.8,19.5,32.8,0.69,0.195,0.871,675,11.8,21.9,17,8.7,1.9,2.3,15.7,28.9,6,1.9,7.9,0.279,9.6,2.5,12.1,7.9,13.3,1.5,2.6,8.7,11.6,3.7,7.3,11,1.5,1.3,0.9,3.5,3.7,26,11.8,19.9,2.2,3.9,12.9,17.4,5.5,11,16.5,2.3,1.9,1.4,5.2,5.6,38.8,128.8,97.3,7,428,112,20.7,3.1,7.2,0.434,0.6,2,0.3,2.5,5.2,0.484,0.475,2.1,3,0.71,0.8,3.1,4,0.7,0.5,0.3,0.9,1.2,8.9,26.168,0.423,0.509,0.023,25.723,4.4,2.2,85.5,1.059,3.071
5,55.03,33.43,Tristan Thompson,2011,4,CLE,CLE,3,0.232,95.5,-4.1,104.5,4.9,-8.88,93,102.2,-5.1,111.8,4.5,-9.6,0.22,-9,"C,PF",0,20.28,80.75,227,Texas,3,1,0.778,75,62.2,20.82,7.96,109.9,91.1,36,34,0.944,30.7,4.8,8.8,0.546,0,0,0,3.5,7.3,0.487,4,3.8,7.8,1.3,0.9,2.4,1.8,2.8,13.1,24.2,0.536,0,0.829,475,14,13.7,13.8,8.1,1.8,7.2,12.7,22.4,2.8,2.7,5.5,0.2,4.4,4.5,8.9,6.2,11.4,0,0,4.6,9.5,5,5.2,10.2,1.6,1.2,3.1,2.3,3.6,17.1,9.2,16.8,0,0,6.8,14,7.4,7.7,15.1,2.4,1.8,4.6,3.4,5.3,25.2,112.5,89.3,13,819,478,24.9,3.4,6.5,0.52,0,0.1,0.238,3.4,6.4,0.522,0.521,1.6,2.7,0.592,3.1,4.8,7.8,1,0.5,0.6,1.1,2.1,8.3,58.364,0.722,0.95,0.078,24.752,0.9,4.3,85.25,1.056,2.811
5,72.59,44.29,Brandon Knight,2011,8,DET,DET,1,0.366,97,-2.6,100.6,1,-3.78,89.2,107.7,0.4,111.7,4.4,-4,0.378,-3.6,"PG,SG",0,19.56,75.25,177,Kentucky,4,1,0.763,74.9,63.5,20.3,8.91,112.8,95.6,38,38,1,35.9,5.7,13.5,0.423,2.3,6.1,0.377,3.6,4.5,0.795,3.4,0.7,4,4.2,0.7,0.2,3.2,2.2,17.3,19.3,0.553,0.45,0.333,652,2.2,10.2,6.3,23.4,1.1,0.6,16.8,27,3.6,1.8,5.3,0.157,4.5,0.9,5.5,6.4,15.1,2.6,6.8,4,5,0.7,3.8,4.5,4.7,0.7,0.2,3.5,2.4,19.3,9.6,22.8,3.9,10.2,6,7.6,1.1,5.7,6.8,7.1,1.1,0.4,5.3,3.7,29.1,109.9,101.5,9,451,349,29.3,5,12.2,0.411,1.6,4.5,0.352,3.4,7.7,0.445,0.476,2.4,2.9,0.807,0.5,2.5,3.1,3.9,0.9,0.2,2.4,2,14,77.384,1.312,0.206,0.006,22.992,-2.9,0.9,78.75,1.047,2.352
7,88.41,54.08,Kemba Walker,2011,9,CHA,CHA,0,0.415,93.3,-6.3,97.3,-2.3,-4.08,89.6,103.4,-3.9,107.8,0.5,-4.4,0.354,-4,PG,0,21.13,73,184,UConn,3,3,0.78,72.4,64.9,17.95,10.44,109.2,97.8,41,41,1,37.6,7.7,18,0.428,1.8,5.5,0.33,6.3,7.7,0.819,4.1,1.3,5.4,4.5,1.9,0.2,2.3,1.4,23.5,29.9,0.543,0.307,0.426,930,3.9,11.5,7.9,28,3.1,0.5,9.5,32.4,7.3,2.4,9.7,0.251,9.2,3.9,13.1,8.2,19.2,1.9,5.9,6.7,8.2,1.4,4.4,5.8,4.8,2,0.2,2.4,1.5,25,12.6,29.4,3,9,10.3,12.5,2.1,6.8,8.9,7.3,3.1,0.3,3.7,2.2,38.4,121.2,98.9,12,750,697,33.1,6.7,15.9,0.418,2.2,6.2,0.36,4.4,9.7,0.455,0.488,3.8,4.5,0.84,0.6,3.2,3.8,5.3,1.2,0.4,2.1,1.5,19.3,92.933,1.957,0.317,0.005,22.79,-2.5,2.2,75.5,1.034,2.521
0,7.03,3.73,Jimmer Fredette,2011,10,MIL,SAC,0,0.293,99.4,-0.2,104.7,5.1,-4.8,95.2,103.5,-3.8,109,1.7,-5.6,0.329,-5.3,"SG,PG",0,22.33,74.5,196,BYU,0,4,0.865,81.4,67.9,18.65,5.76,113.4,94.6,37,37,1,35.8,9.4,20.7,0.452,3.4,8.5,0.396,6.8,7.6,0.894,2.8,0.6,3.4,4.3,1.3,0,3.5,1.3,28.9,30.9,0.594,0.409,0.369,986,2,8.3,5.2,28.8,2.1,0.1,12.7,37.8,6.6,1.9,8.5,0.256,10,0.8,10.8,10.5,23.1,3.7,9.5,7.6,8.5,0.7,3.1,3.8,4.8,1.5,0,4,1.5,32.3,14.7,32.5,5.3,13.3,10.7,12,1,4.4,5.4,6.8,2.1,0,5.6,2.1,45.4,118,100,6,241,7,13.3,2.2,5.3,0.409,0.8,2.2,0.372,1.4,3.2,0.434,0.484,0.8,0.9,0.879,0.2,0.8,1,1.4,0.4,0,0.9,0.9,6,2.905,1.229,0.214,0,24.898,3.1,1.5,76.5,1.027,2.631
7,88.18,53.94,Klay Thompson,2011,11,GSW,GSW,4,0.439,103.4,3.8,105.7,6.1,-2,94.8,108.2,0.9,110.7,3.4,-2.4,0.427,-2.3,SG,2,21.37,79.25,206,Washington State,0,3,0.629,72.9,67.4,12.27,6.81,104.9,97,34,33,0.971,34.7,7.1,16.2,0.436,2.9,7.2,0.398,4.6,5.4,0.838,4.5,0.7,5.2,3.7,1.6,0.9,3.4,2.9,21.6,26.1,0.574,0.446,0.336,694,2.6,14,8.6,25,2.8,3.1,15.3,32.8,3.7,2.2,5.8,0.198,6.8,3,9.8,8.1,18.7,3.3,8.3,5.3,6.3,0.8,5.2,6,4.3,1.9,1.1,3.9,3.4,24.9,11.9,27.3,4.9,12.2,7.7,9.2,1.2,7.6,8.8,6.3,2.8,1.6,5.7,4.9,36.3,109.8,95.8,12,865,814,32.1,7.1,15.8,0.451,3.1,7.6,0.411,4,8.2,0.487,0.549,1.8,2.1,0.86,0.5,3,3.5,2.3,0.8,0.5,1.6,2,19.1,94.104,1.088,0.156,0.026,22.957,2.7,3,81,1.022,2.599
3,23.97,14.21,Alec Burks,2011,12,UTA,UTA,1,0.476,99.4,-0.2,101.3,1.7,-1.44,91,108.1,0.8,110.1,2.8,-2,0.439,-1.9,"SG,SF",0,19.93,78,193,Colorado,1,2,0.632,79.6,73.3,11.45,5.61,114,105,38,37,0.974,31.4,6.6,14.1,0.469,0.7,2.5,0.292,6.6,7.9,0.825,4.1,2.4,6.5,2.9,1.1,0.3,2.6,2.3,20.5,29.4,0.574,0.179,0.564,771,9.2,14.8,12.1,19.6,2,1,12.7,32.3,5.6,1,6.6,0.221,8,0,8.1,8.4,17.9,0.9,3.2,8.3,10.1,3.1,5.2,8.3,3.8,1.4,0.4,3.3,3,26.1,12.2,25.9,1.4,4.7,12.1,14.6,4.4,7.6,12,5.4,2,0.6,4.8,4.3,37.8,120.2,106,14,791,158,22.2,3.5,8.4,0.415,1.2,3.2,0.386,2.3,5.2,0.433,0.488,2.4,2.9,0.805,0.5,2.8,3.3,1.9,0.7,0.2,1.1,1.8,10.6,19.975,1.115,0.585,0.01,22.447,-1.1,1.8,82,1.051,2.474
5,46.94,28.42,Markieff Morris,2011,13,PHO,PHO,0,0.488,105,5.4,105.9,6.3,-0.46,94.4,109.5,2.2,110.4,3.1,-0.9,0.476,-0.9,"PF,C",1,21.81,81.25,241,Kansas,4,3,0.921,81.2,64.7,24.1,7.62,116,92.4,38,34,0.895,24.4,5.1,8.7,0.589,0.7,1.6,0.424,2.7,4,0.673,5.6,2.7,8.3,1.4,0.8,1.1,2.1,2.8,13.6,29.1,0.642,0.178,0.462,485,13.9,24.7,19.7,11,1.9,4.9,16.2,25.5,3.6,2.4,6,0.257,6.7,3.6,10.3,8.4,14.3,1.1,2.5,4.4,6.6,4.4,9.2,13.7,2.3,1.3,1.9,3.4,4.7,22.4,12.1,20.5,1.5,3.7,6.4,9.5,6.4,13.2,19.6,3.3,1.9,2.7,4.8,6.7,32.1,121.5,88.1,14,791,381,23.3,3.9,8.9,0.443,0.8,2.4,0.341,3.1,6.4,0.482,0.49,1.5,1.9,0.779,1.1,3.7,4.9,1.5,0.8,0.5,1.4,2.6,10.2,48.167,0.667,0.482,0.045,25.656,2.3,3.2,82.75,1.018,2.966
5,58.17,35.37,Marcus Morris,2011,14,HOU,PHO,0,0.488,105,5.4,105.9,6.3,-0.46,94.4,109.5,2.2,110.4,3.1,-0.9,0.476,-0.9,"PF,C",1,21.81,80.75,230,Kansas,4,3,0.921,81.2,64.7,24.1,7.62,116,92.4,38,35,0.921,28.3,6.3,11.1,0.57,0.7,2,0.342,3.9,5.7,0.688,5,2.6,7.6,1.6,0.8,0.6,1.8,2.6,17.2,29.3,0.625,0.181,0.511,600,11.5,19,15.5,11.4,1.7,2.4,11.4,26.9,4.9,2.3,7.2,0.269,8,2.9,10.9,8.9,15.7,1,2.8,5.5,8,3.7,7.1,10.8,2.3,1.2,0.9,2.5,3.6,24.3,12.8,22.4,1.4,4.1,7.9,11.5,5.3,10.2,15.5,3.3,1.7,1.3,3.6,5.2,34.9,126.5,92.5,13,832,509,26.6,4.4,10.1,0.435,1.6,4.1,0.377,2.8,5.9,0.475,0.512,1.6,2.1,0.774,0.8,3.6,4.4,1.5,0.7,0.3,1.1,2.1,12,61.178,0.889,0.52,0.021,24.979,2.3,2.1,82,1.015,2.848
7,91.43,55.95,Kawhi Leonard,2011,15,IND,SAS,4,0.744,103.7,4.1,98,-1.6,5.86,92.3,111.8,4.5,105.6,-1.7,6.2,0.683,5.7,SF,0,19.99,79,227,San Diego State,2,2,0.919,71.9,59.2,17.96,6.36,112.1,92.4,36,36,1,32.6,5.9,13.2,0.444,0.7,2.4,0.291,3.1,4,0.759,7.5,3.1,10.6,2.5,1.4,0.6,2.1,2.5,15.5,26.5,0.512,0.181,0.305,567,11.4,26.2,19,16,2.7,1.9,12.3,27.6,3.6,3.2,6.8,0.231,5.3,3.9,9.2,7.2,16.2,0.9,2.9,3.8,4.9,3.8,9.2,13,3.1,1.7,0.7,2.6,3,19,11.3,25.4,1.3,4.6,5.9,7.8,5.9,14.4,20.4,4.9,2.7,1.1,4.1,4.8,29.8,112.5,86.3,13,733,704,31.8,7.3,14.6,0.499,1.6,4.1,0.392,5.7,10.5,0.54,0.554,3.9,4.5,0.86,1.2,5.2,6.4,3.1,1.7,0.6,1.7,1.7,20.1,96.044,1.19,0.413,0.018,25.247,0.2,2.4,87,1.101,2.873
7,89.17,54.55,Nikola VuÄeviÄ,2011,16,PHI,ORL,3,0.634,99.2,-0.4,93.7,-5.9,4.92,91.2,107.9,0.6,102,-5.3,5.9,0.683,5.5,C,0,20.67,83.75,260,USC,2,3,0.559,66.2,62.7,11.52,7.96,102.6,97.1,34,34,1,34.9,6.3,12.5,0.505,0.9,2.4,0.349,3.6,4.8,0.755,7.4,2.9,10.3,1.6,0.5,1.4,1.7,2.8,17.1,27.1,0.578,0.195,0.383,558,9.8,25.6,17.7,11,0.9,4.4,10.3,25.5,4.2,2.4,6.6,0.221,6.7,2.8,9.4,7.2,14.4,1,2.8,4.1,5.5,3.3,8.5,11.8,1.8,0.6,1.6,2,3.2,19.6,11.3,22.3,1.5,4.3,6.4,8.5,5.1,13.3,18.3,2.8,0.9,2.5,3,5,30.5,119,94.3,14,972,908,31.4,7.3,14.7,0.497,0.9,2.7,0.348,6.4,12.1,0.53,0.529,1.6,2.1,0.77,2.5,8,10.5,2.9,0.8,0.9,1.7,2.4,17.2,93.416,0.941,0.392,0.04,22.883,-0.9,2.2,88.5,1.057,3.104
3,49.26,29.86,Iman Shumpert,2011,17,NYK,NYK,2,0.512,106.5,6.9,105.7,6.1,0.48,95.6,110.9,3.6,110.1,2.8,0.8,0.524,0.8,SG,0,21,77.5,222,Georgia Tech,0,3,0.419,67.8,67.1,6.42,5.68,97.3,96.2,31,31,1,32,5.7,14.1,0.406,1.4,4.9,0.278,4.5,5.6,0.806,4.2,1.7,5.9,3.5,2.7,0.2,2.3,2.8,17.3,25.4,0.517,0.346,0.401,528,5.7,16.4,10.6,25.7,5,0.7,12.2,29.1,2.8,2.1,4.9,0.196,5.4,4.2,9.6,7.1,17.6,1.7,6.1,5.7,7.1,2.1,5.2,7.4,4.4,3.4,0.2,2.9,3.5,21.7,10.3,25.4,2.4,8.8,8.2,10.2,3.1,7.6,10.7,6.3,5,0.3,4.2,5,31.3,109.8,92.8,10,461,246,24.9,2.7,6.8,0.391,1.1,3.1,0.337,1.6,3.6,0.438,0.469,0.8,1.1,0.764,0.7,2.6,3.3,1.8,1.1,0.3,1.1,2.3,7.2,53.362,1.522,0.405,0.006,24.99,3.5,3.6,81.5,1.052,2.865
0,38.08,22.94,Chris Singleton,2011,18,WAS,WAS,0,0.28,97.3,-2.3,104.7,5.1,-7.3,93.8,102.4,-4.9,110.2,2.9,-7.8,0.268,-7.4,"SF,PF",0,21.59,81,230,Florida State,1,3,0.676,69.1,62,13.48,6.45,99.3,89.2,28,25,0.893,29.1,4.4,10.2,0.434,1.3,3.4,0.368,3,4.5,0.667,4.8,2.1,6.8,1.2,2,1.5,2.2,3.2,13.1,21.9,0.531,0.332,0.441,344,8.2,17,12.8,8.9,3.9,5.9,15,24.5,1.5,2.4,3.9,0.191,3.3,5.6,9,6.1,14.1,1.7,4.7,4.1,6.2,2.9,6.5,9.4,1.6,2.7,2,3,4.4,18,8.8,20.3,2.5,6.7,6,8.9,4.1,9.4,13.6,2.3,3.9,2.9,4.3,6.4,26,105.6,84.2,3,148,62,17.6,1.6,4.2,0.376,0.4,1.2,0.319,1.2,3,0.4,0.423,0.6,0.9,0.633,0.8,2.4,3.2,0.6,0.8,0.4,0.7,2.2,4.1,41.892,0.545,0.438,0.052,23.329,1.7,4.7,85,1.049,2.84
5,82.4,50.36,Tobias Harris,2011,19,CHA,ORL,3,0.634,99.2,-0.4,93.7,-5.9,4.92,91.2,107.9,0.6,102,-5.3,5.9,0.683,5.5,"PF,SF",1,18.94,79.75,223,Tennessee,2,1,0.559,69.9,67.5,11.08,8.73,103.4,99.9,34,33,0.971,29.2,5.4,11.8,0.46,0.7,2.2,0.303,3.8,5,0.753,5.3,2,7.3,1.3,0.7,0.9,1.8,2.1,15.3,23.8,0.54,0.189,0.423,476,7.5,20.6,14,10.4,1.4,3.4,11.4,27.2,2.9,1.5,4.4,0.177,5.5,1.8,7.3,7.5,16.2,0.9,3.1,5.2,6.8,2.7,7.3,9.9,1.8,1,1.2,2.5,2.8,21,11.1,24.1,1.4,4.6,7.7,10.2,4,10.8,14.8,2.6,1.4,1.7,3.7,4.2,31.3,112.7,98.8,14,970,850,31.7,6.2,12.9,0.478,1.3,3.7,0.366,4.8,9.2,0.523,0.531,2.4,2.9,0.836,1,5.2,6.2,2.4,0.8,0.6,1.4,2,16.1,87.629,0.722,0.377,0.031,24.752,-0.9,2.2,83,1.041,2.796
0,7.16,3.81,Nolan Smith,2011,21,POR,POR,1,0.585,96.3,-3.3,94.8,-4.8,1.84,87.9,108.8,1.5,107.1,-0.2,1.7,0.561,1.5,PG,1,22.92,75.5,188,Duke,4,4,0.865,80.9,64.7,24.5,8.31,115.2,92.2,37,37,1,34,7,15.4,0.458,1.5,4.4,0.35,5.1,6.2,0.813,3.3,1.2,4.5,5.1,1.2,0.1,3.2,1.9,20.6,25.7,0.564,0.287,0.405,779,4.1,10.1,7.2,30.3,2,0.2,14.8,30.7,5.1,2.3,7.4,0.234,7.5,2.3,9.9,8.3,18,1.8,5.2,5.9,7.3,1.4,3.9,5.3,6,1.4,0.1,3.7,2.3,24.3,11.8,25.7,2.6,7.4,8.5,10.4,2,5.5,7.5,8.6,2,0.1,5.3,3.3,34.6,116.8,96,2,84,4,9.9,1.3,3.5,0.371,0.2,0.9,0.26,1.1,2.6,0.407,0.403,0.5,0.7,0.714,0.3,0.7,1,1.2,0.3,0,0.8,1,3.3,4.762,1.594,0.364,0.003,23.483,-4.2,1.5,77.5,1.026,2.49
5,74.56,45.51,Kenneth Faried,2011,22,DEN,DEN,3,0.61,107.5,7.9,102.7,3.1,4.8,95.6,112.3,5,107.3,0,5,0.659,4.8,"PF,C",0,21.6,79.5,225,Morehead State University,0,4,0.714,68.9,61.8,2.81,-3.13,106.2,95.2,35,34,0.971,34.7,6.7,10.7,0.623,0,0,0,4,6.9,0.577,8.8,5.7,14.5,1.1,1.9,2.3,2.6,3.1,17.3,34.7,0.619,0,0.644,588,20,31.4,25.6,7.4,3.4,8.8,15.8,24.5,4.7,3.6,8.3,0.272,6.2,2.3,8.5,7.7,12.3,0,0,4.6,7.9,6.6,10.1,16.7,1.2,2.2,2.7,3,3.6,19.9,11.9,19.1,0,0,7.1,12.3,10.2,15.8,26,1.9,3.4,4.2,4.7,5.5,31,121,84,8,478,385,24.5,4.6,8.4,0.546,0,0.1,0.222,4.6,8.3,0.55,0.548,2.2,3.3,0.654,3.1,5.1,8.1,1,0.7,0.8,1.3,2.5,11.4,80.544,0.423,0.648,0.066,24.995,3.5,4.9,84,1.057,2.83
0,1.5,0.31,Sharife Cooper,2021,48,ATL,ATL,3,0.569,113.7,1.6,111.4,-0.7,2.14,97.6,115.7,3.4,113.3,1,2.4,0.569,2.3,PG,0,20.04,73,180,Auburn,2,1,0.481,77.2,76.4,10.02,9.28,104.1,103.1,12,12,1,33.1,6,15.3,0.391,1.1,4.8,0.228,7.1,8.6,0.825,3.6,0.7,4.3,8.1,1,0.3,4.2,2.7,20.2,22.9,0.519,0.31,0.56,270,2.2,11.3,6.9,51.9,1.6,0.7,17.7,33.1,1.4,0.3,1.7,0.174,4.7,-0.4,4.3,7.3,18.5,1.3,5.7,8.6,10.4,0.8,4.3,5.1,9.8,1.2,0.3,5,3.2,24.4,9.9,25.2,1.8,7.8,11.7,14.1,1.1,5.9,7,13.3,1.6,0.4,6.9,4.4,33.2,110.6,106.6,1,13,0,3,0.2,1.1,0.214,0.1,0.5,0.167,0.2,0.6,0.25,0.25,0,0,0,0,0.4,0.4,0.4,0,0,0.4,0.1,0.5,0,1.929,0.194,0.009,23.667,-1.6,1.5,77,1.055,2.466
0,26.21,15.6,MarShon Brooks,2011,25,BOS,BRK,0,0.293,94.2,-5.4,100.4,0.8,-6.28,89.9,103.1,-4.2,109.9,2.6,-6.8,0.293,-6.2,SG,0,22.41,77.25,195,Providence,1,4,0.469,75.8,75.3,6.91,6.44,104.8,104.2,32,31,0.969,36.5,8.6,17.8,0.483,2.1,6.2,0.34,5.3,6.8,0.772,4.8,2.3,7,2.5,1.5,1.2,3.1,2.5,24.6,28.8,0.584,0.345,0.384,720,6.3,14.2,10.2,16,2.3,3,12.7,30.6,4.8,1.2,5.9,0.203,8.8,1.5,10.3,9.5,19.6,2.3,6.7,5.8,7.5,2.5,5.2,7.7,2.7,1.6,1.3,3.4,2.7,27,13.1,27.1,3.2,9.4,8,10.4,3.4,7.3,10.7,3.8,2.3,1.9,4.7,3.8,37.5,118.3,104.4,5,200,50,17.3,3.1,6.9,0.447,0.5,1.6,0.345,2.5,5.3,0.478,0.487,1.3,1.7,0.751,0.7,1.5,2.1,1.4,0.6,0.2,1.2,1.3,8,25,0.806,0.479,0.033,23.428,-2.2,2.9,85,1.1,2.524
0,16.26,9.44,Jordan Hamilton,2011,26,DAL,DEN,3,0.61,107.5,7.9,102.7,3.1,4.8,95.6,112.3,5,107.3,0,5,0.659,4.8,SF,2,20.72,80.5,228,Texas,3,2,0.778,75,62.2,20.82,7.96,109.9,91.1,36,36,1,32.2,6.8,15.3,0.44,2.5,6.5,0.385,2.6,3.4,0.779,5.7,2,7.7,2.1,0.9,0.6,2.1,1.8,18.6,25.6,0.55,0.424,0.221,612,7,18.5,12.9,14.6,1.6,1.8,11.2,29.1,4,2.7,6.7,0.231,8.3,3.1,11.4,8.4,19.1,3.1,8.1,3.3,4.2,2.5,7,9.5,2.6,1.1,0.8,2.7,2.2,23.2,12.4,28.1,4.6,11.9,4.8,6.2,3.7,10.4,14.1,3.9,1.6,1.2,3.9,3.3,34.2,115.5,90.6,5,151,21,13.9,2.3,5.6,0.408,0.9,2.5,0.357,1.4,3,0.451,0.489,0.5,0.7,0.67,0.6,2.3,2.8,0.8,0.5,0.2,0.7,1,5.9,13.907,1,0.351,0.019,24.504,3.5,1.9,81.5,1.012,2.832
0,3.13,1.32,JaJuan Johnson,2011,27,NJN,BOS,4,0.683,96.5,-3.1,91.1,-8.5,4.83,90.4,106.2,-1.1,100.3,-7,5.9,0.695,5.4,"PF,C",0,22.37,82,220,Purdue,2,4,0.765,72.5,61.9,19.36,8.69,109.5,93.3,34,33,0.971,35.4,7.6,15.3,0.494,0.4,1.5,0.294,5,6.1,0.809,6.1,2.4,8.6,1,0.9,2.3,1.6,1.6,20.5,28.8,0.564,0.098,0.402,617,7.9,20.2,14.1,6.4,1.5,6.7,8.3,29.1,4.3,2.9,7.2,0.238,7,3.5,10.5,8.5,17.3,0.5,1.7,5.6,6.9,2.7,6.9,9.7,1.1,1,2.6,1.9,1.8,23.2,12.9,26.2,0.8,2.6,8.5,10.5,4.1,10.5,14.7,1.7,1.5,4,2.8,2.7,35.2,117.2,90.3,1,36,0,8.3,1.5,3.4,0.446,0,0,0,1.5,3.4,0.446,0.446,0.2,0.3,0.667,0.6,1.1,1.6,0.2,0.1,0.4,0.4,0.7,3.2,0,0.625,0.393,0.065,23.114,-1.7,3.6,86,1.049,2.683
0,19.38,11.37,Norris Cole,2011,28,CHI,MIA,4,0.707,102.1,2.5,94.6,-5,6.76,90.9,111.7,4.4,103.5,-3.8,8.2,0.744,7.5,PG,0,22.7,73.75,174,Cleveland State University,0,4,0.75,71,63.6,7.59,1.74,106.8,95.7,36,36,1,35.7,7,15.9,0.439,1.4,4.1,0.342,6.3,7.4,0.853,5.1,0.8,5.8,5.3,2.2,0.1,2.7,2.4,21.7,30,0.558,0.26,0.465,788,2.5,16.5,9.5,37,3.7,0.3,12.2,32.1,5.6,2.7,8.3,0.258,6.7,3.5,10.2,7.8,17.8,1.6,4.6,7.1,8.3,0.8,5.7,6.5,5.9,2.5,0.1,3,2.7,24.3,11.8,26.8,2.4,7,10.6,12.5,1.3,8.6,9.8,8.9,3.7,0.1,4.5,4.1,36.5,117.7,92.8,6,360,60,22.3,2.8,6.9,0.407,0.6,1.8,0.324,2.2,5.1,0.436,0.449,0.8,1.1,0.743,0.2,1.7,2,2.7,0.8,0.1,1.4,1.9,7,16.667,1.963,0.157,0.003,21.786,-1.2,2.6,74.25,1.007,2.359
3,23.79,14.1,Cory Joseph,2011,29,SAS,SAS,4,0.744,103.7,4.1,98,-1.6,5.86,92.3,111.8,4.5,105.6,-1.7,6.2,0.683,5.7,"PG,SG",0,19.85,75.25,186,Texas,3,1,0.778,75,62.2,20.82,7.96,109.9,91.1,36,36,1,32.4,3.8,8.9,0.422,1.4,3.5,0.413,1.4,2,0.699,2.9,0.6,3.6,3,1,0.3,1.5,1.8,10.4,15.1,0.526,0.391,0.227,372,2.2,9.5,6,17.3,1.9,0.9,13.1,17.3,2.2,2.2,4.4,0.152,2.7,3.8,6.5,4.7,11,1.8,4.3,1.7,2.5,0.8,3.6,4.4,3.7,1.3,0.4,1.9,2.2,12.9,6.9,16.3,2.6,6.4,2.6,3.7,1.2,5.3,6.5,5.5,1.9,0.6,2.7,3.3,19,112.7,95,14,866,191,21.1,2.6,5.8,0.44,0.6,1.7,0.35,2,4.1,0.478,0.492,1,1.2,0.786,0.5,1.9,2.4,2.9,0.7,0.2,1,1.6,6.7,22.055,2,0.207,0.009,22.992,0.2,1.7,77.5,1.03,2.472
7,84.03,51.37,Jimmy Butler,2011,30,CHI,CHI,0,0.756,98.6,-1,91.3,-8.3,6.53,90.4,108.3,1,100.3,-7,8,0.744,7.3,"SG,SF",0,21.78,79.75,222,Marquette,2,3,0.595,75.2,68.8,14.89,8.51,110.2,100.8,37,35,0.946,34.6,5.1,10.3,0.49,0.5,1.6,0.345,5.1,6.5,0.783,3.6,2.4,6.1,2.3,1.4,0.4,1.5,1.3,15.7,24,0.587,0.152,0.628,569,8.2,12,10.1,13.2,2.4,1.1,9.8,21.3,4.8,1.5,6.3,0.198,7.2,2.2,9.4,5.8,11.9,0.6,1.8,5.9,7.5,2.8,4.2,7,2.7,1.7,0.4,1.7,1.5,18.2,8.6,17.5,0.9,2.7,8.6,11,4.1,6.2,10.3,3.9,2.4,0.6,2.5,2.2,26.7,126.8,102.5,14,869,764,33.1,5.9,12.6,0.472,0.8,2.4,0.328,5.1,10.2,0.506,0.503,5.7,6.7,0.843,1.7,3.7,5.3,4.3,1.6,0.4,1.6,1.4,18.3,87.917,1.533,0.667,0.012,24.504,-1.7,2.1,79.5,0.997,2.784
0,2.29,0.8,Justin Harper,2011,32,CLE,ORL,3,0.634,99.2,-0.4,93.7,-5.9,4.92,91.2,107.9,0.6,102,-5.3,5.9,0.683,5.5,"PF,C",0,21.82,80.75,228,Richmond,0,4,0.784,69.6,61.2,11.22,2.79,109.5,96.3,37,37,1,31.8,6.6,12.4,0.534,2.1,4.6,0.448,2.5,3.2,0.797,5.2,1.7,6.9,1.2,0.6,1.2,1.5,2.2,17.9,29,0.642,0.375,0.257,561,6.5,18.6,12.8,8.9,1.2,4,9.8,26.8,4.8,2.3,7.1,0.24,8.2,1.5,9.7,8.3,15.6,2.6,5.8,3.2,4,2.1,6.6,8.7,1.5,0.8,1.6,1.9,2.8,22.4,13.2,24.7,4.1,9.2,5.1,6.3,3.3,10.4,13.8,2.3,1.2,2.5,3,4.4,35.5,123.6,94.9,3,22,0,6.8,0.8,2.4,0.34,0.4,1.3,0.276,0.5,1.1,0.417,0.415,0,0.1,0.333,0.2,0.6,0.8,0.2,0.1,0.1,0.5,0.5,2,0,0.8,0.327,0.038,23.576,-0.9,2.4,83.75,1.037,2.824
3,44.4,26.85,Kyle Singler,2011,33,DET,DET,1,0.366,97,-2.6,100.6,1,-3.78,89.2,107.7,0.4,111.7,4.4,-4,0.378,-3.6,SF,1,23.14,80.5,228,Duke,4,4,0.865,80.9,64.7,24.5,8.31,115.2,92.2,37,37,1,34.8,5.9,13.8,0.43,1.7,5.2,0.321,3.4,4.2,0.806,4.5,2.4,6.8,1.6,0.9,0.3,1.9,2.6,16.9,20,0.536,0.379,0.305,598,8,13.3,10.8,8.8,1.5,0.8,10.7,24.7,3.7,2.5,6.1,0.191,4.6,1.8,6.4,6.8,15.8,1.9,6,3.9,4.8,2.7,5.1,7.9,1.9,1.1,0.4,2.2,3,19.4,9.7,22.6,2.7,8.6,5.5,6.9,3.9,7.3,11.2,2.7,1.5,0.5,3.1,4.3,27.7,114.8,95.1,6,356,172,21.9,2.4,5.7,0.418,0.8,2.3,0.362,1.5,3.3,0.458,0.493,1,1.2,0.786,0.9,2,2.9,0.8,0.6,0.3,0.8,2.1,6.5,48.315,0.842,0.533,0.009,25.237,-2.9,1.5,82,1.019,2.832
0,15.77,9.14,Shelvin Mack,2011,34,WAS,ATL,3,0.537,95,-4.6,95.8,-3.8,-1.1,89.3,106.1,-1.2,107,-0.3,-0.9,0.476,-0.8,"PG,SG",0,21.17,74.5,209,Butler,0,3,0.737,71.2,64.1,11.53,5.02,109,98.1,38,37,0.974,32.1,5.3,13,0.408,2.3,6.5,0.354,3.2,4.1,0.769,3.8,0.7,4.5,3.4,0.8,0.1,2.4,1.7,16,21,0.537,0.499,0.316,593,2.6,14.4,8.4,24.9,1.5,0.3,14.1,28.6,3.3,1.6,5,0.163,5.6,1,6.6,6.6,16.2,2.9,8.1,3.9,5.1,0.9,4.7,5.6,4.3,1,0.1,3.1,2.2,20,10.2,25.1,4.4,12.5,6.1,7.9,1.4,7.3,8.6,6.7,1.5,0.2,4.7,3.4,31,109.9,100.9,8,456,56,18.4,2.6,6,0.423,0.7,2,0.33,1.9,4,0.47,0.478,0.8,1.1,0.731,0.3,1.7,2,3.1,0.7,0.1,1.2,1.2,6.6,12.281,1.417,0.184,0.003,26.87,-2.8,1.1,79.5,1.067,2.805
0,2.03,0.64,Tyler Honeycutt,2011,35,SAC,SAC,0,0.293,99.4,-0.2,104.7,5.1,-4.8,95.2,103.5,-3.8,109,1.7,-5.6,0.329,-5.3,SF,0,20.94,80.25,187,UCLA,3,2,0.676,70.1,66.3,11.7,7.93,103.8,98.2,33,33,1,35,4.4,10.8,0.406,1.7,4.6,0.362,2.4,3.2,0.736,5.7,1.5,7.2,2.8,0.9,2,3,1.6,12.8,17.4,0.519,0.428,0.299,415,5.3,17.8,11.9,16.8,1.5,5.5,19.8,22.3,1.2,2.1,3.3,0.115,3.6,3.5,7.1,5,12.3,1.9,5.3,2.7,3.7,1.7,6.5,8.2,3.2,1,2.3,3.5,1.8,14.6,7.5,18.4,2.9,7.9,4.1,5.5,2.6,9.8,12.4,4.8,1.5,3.5,5.2,2.7,21.9,99.7,96.3,2,24,0,5,0.5,1.5,0.314,0,0.2,0.2,0.4,1.3,0.333,0.329,0.2,0.3,0.714,0.3,0.8,1,0.4,0.2,0.2,0.3,0.2,1.2,0,0.933,0.263,0.057,19.088,3.1,3.3,81,1.009,2.33
0,13.88,7.97,Jordan Williams,2011,36,NJN,NJN,1,0.293,94.2,-5.4,100.4,0.8,-6.28,89.9,103.1,-4.2,109.9,2.6,-6.8,0.293,-6.2,C,0,20.7,81,247,Maryland,1,2,0.576,76.8,67.6,15,5.76,107,94.1,33,33,1,32.5,6.5,12,0.538,0,0,0,4,6.9,0.575,8.1,3.7,11.8,0.6,0.7,1.4,1.6,2.4,16.9,25.2,0.552,0,0.576,512,12.6,26,19.5,3.9,1.2,4.1,9.5,24.5,3.1,2.6,5.7,0.211,4.3,2,6.3,7.9,14.8,0,0,4.9,8.5,4.5,10,14.5,0.8,0.9,1.7,2,3,20.8,11.1,20.6,0,0,6.8,11.8,6.3,13.9,20.1,1.1,1.2,2.3,2.8,4.2,28.9,115.1,89.9,1,43,5,14.8,1.8,3.5,0.507,0,0,0,1.8,3.5,0.507,0.507,1,1.5,0.652,1.5,2.1,3.6,0.3,0.5,0.3,0.5,1.4,4.6,11.628,0.375,0.457,0.043,27.043,-2.2,2.6,84.25,1.04,3.049
0,2.52,0.94,Trey Thompkins,2011,37,LAC,LAC,1,0.39,98.6,-1,101.8,2.2,-2.71,92.8,105.3,-2,108.7,1.4,-3.3,0.39,-3.2,C,0,21.1,81.75,239,Georgia,1,3,0.636,68.7,64.4,10.43,6.13,104,97.5,30,29,0.967,31.2,6.5,13.4,0.481,0.8,2.5,0.311,2.7,4,0.689,5.8,1.9,7.6,1.4,1.1,1.7,2.5,2.2,16.4,24.2,0.536,0.184,0.295,433,7.3,20.4,14.2,11.1,2.2,5.7,14.2,29.9,1.9,2,3.8,0.164,3.9,2.9,6.8,8.3,17.2,1,3.2,3.5,5.1,2.4,7.4,9.8,1.8,1.4,2.1,3.2,2.9,21,12.8,26.6,1.5,4.9,5.4,7.9,3.7,11.4,15.1,2.8,2.2,3.3,5,4.4,32.6,104.3,93,1,24,0,5,1,2.5,0.393,0.2,0.5,0.308,0.8,2,0.417,0.426,0.2,0.3,0.714,0.2,0.8,1,0.1,0.1,0.1,0.3,0.4,2.4,0,0.56,0.328,0.054,25.656,0.7,3.5,85,1.04,2.924
5,77.26,47.18,Chandler Parsons,2011,38,HOU,HOU,2,0.524,105.9,6.3,103.7,4.1,2.37,94.2,111.3,4,109,1.7,2.3,0.573,2.2,"SF,PF",1,22.66,81.75,221,Florida,2,4,0.784,72.1,63.4,16.27,7.57,110.3,96.9,36,35,0.972,34.1,4.3,9,0.48,1.2,3.3,0.368,1.5,2.7,0.557,5.7,2.1,7.8,3.8,0.9,0.4,2.3,1.9,11.3,19.7,0.551,0.362,0.3,440,7.3,19.3,13.4,21.6,1.7,1.3,18,19.2,2.7,2.2,5,0.162,5.1,3.2,8.3,5,10.5,1.4,3.8,1.8,3.2,2.4,6.7,9.1,4.4,1.1,0.5,2.6,2.2,13.2,7.9,16.5,2.2,6,2.8,4.9,3.8,10.4,14.2,6.9,1.7,0.8,4.1,3.4,20.7,112.4,96,9,440,369,30.1,4.8,10.5,0.462,1.6,4.2,0.373,3.3,6.3,0.521,0.536,1.4,2,0.713,0.8,3.7,4.5,2.7,0.9,0.3,1.5,2,12.7,83.864,1.652,0.368,0.012,22.858,2.1,1.6,81.5,0.997,2.703
0,22.74,13.45,Jon Leuer,2011,40,MIL,MEM,3,0.561,99.9,0.3,97.6,-2,2.55,91.9,107.6,0.3,105.1,-2.2,2.5,0.585,2.3,"PF,C",0,22.11,83.5,223,Wisconsin,1,4,0.735,67.9,58.6,18.77,9.41,117.7,101.5,34,34,1,33.5,6.7,14.2,0.47,1.6,4.3,0.37,3.3,3.9,0.843,5.6,1.7,7.2,1.6,0.5,0.9,1.6,2.2,18.3,28.7,0.568,0.302,0.277,558,6.3,22.6,14.1,12.8,1,3.1,9,31.1,4.6,1.7,6.3,0.221,7.9,1.8,9.8,8,17,1.9,5.1,4,4.7,2,6.6,8.6,2,0.6,1.1,1.9,2.6,21.8,13.9,29.6,3.3,8.9,6.9,8.2,3.5,11.6,15.1,3.4,1,1.8,3.3,4.6,38.1,118.3,99.7,8,377,80,15.8,2.6,5.4,0.484,0.3,1,0.328,2.3,4.4,0.52,0.515,0.8,1.1,0.767,0.9,2.8,3.8,0.8,0.4,0.3,0.7,1.5,6.4,21.22,1,0.304,0.027,23.807,-0.2,1.7,84,1.006,2.671
0,13.79,7.91,Darius Morris,2011,41,LAL,LAL,2,0.695,101.5,1.9,95.4,-4.2,6.01,90.7,111,3.7,104.3,-3,6.7,0.707,6.1,PG,0,20.47,77.25,190,Michigan,2,2,0.6,66.5,62.5,14.21,10.68,106.3,99.9,35,34,0.971,34.8,5.7,11.7,0.489,0.5,1.8,0.25,3.1,4.3,0.715,3.1,0.9,4,6.7,1,0,2.9,2.1,15,22.7,0.545,0.156,0.367,609,3.2,10.8,7,44.2,1.9,0.1,17.6,27.3,3.8,1.5,5.3,0.173,4.5,1.8,6.3,6.6,13.5,0.5,2.1,3.5,5,1,3.5,4.6,7.7,1.2,0,3.4,2.4,17.3,10.6,21.7,0.8,3.4,5.7,8,1.6,5.7,7.3,12.4,1.9,0.1,5.4,3.9,27.8,111.4,102.1,4,132,17,11.1,1.3,3.3,0.384,0.4,1.1,0.322,0.9,2.2,0.416,0.439,0.4,0.6,0.63,0.3,0.7,1,1.4,0.3,0,0.8,1,3.3,12.879,2.31,0.29,0,23.088,-1.4,1.2,79.5,1.029,2.46
0,30.87,18.48,Malcolm Lee,2011,43,CHI,MIN,2,0.207,101.1,1.5,107.7,8.1,-5.97,96.5,104.2,-3.1,111.1,3.8,-6.8,0.293,-6.6,SG,0,21.09,77.5,198,UCLA,3,3,0.676,70.1,66.3,11.7,7.93,103.8,98.2,33,33,1,33.1,4.3,9.8,0.437,1.2,4,0.295,3.4,4.4,0.778,2.4,0.7,3.1,2,0.7,0.2,1.7,2.4,13.1,15.3,0.553,0.409,0.446,398,2.6,7.8,5.3,12.9,1.2,0.6,12.5,20.8,2.4,1.1,3.6,0.131,2.1,1.2,3.3,5.2,11.8,1.4,4.8,4.1,5.3,0.8,2.9,3.7,2.5,0.8,0.3,2,2.9,15.8,7.7,17.7,2.1,7.2,6.1,7.9,1.3,4.3,5.5,3.7,1.2,0.4,3.1,4.4,23.8,113.2,104.2,3,36,12,14.8,1.4,3.8,0.382,0.3,0.9,0.294,1.2,2.8,0.412,0.419,0.7,1,0.703,0.7,1.1,1.8,1.4,0.6,0.3,0.8,1.4,3.9,33.333,1.176,0.292,0.006,21.085,4.4,1.1,81.75,1.055,2.555
0,25,14.85,Charles Jenkins,2011,44,GSW,GSW,4,0.439,103.4,3.8,105.7,6.1,-2,94.8,108.2,0.9,110.7,3.4,-2.4,0.427,-2.3,"PG,SG",0,22.32,75.25,216,Hofstra,0,4,0.636,70.8,69.7,-0.03,0.13,107.9,106.3,33,33,1,37.3,7.5,14.6,0.517,2,4.8,0.42,5.5,6.7,0.824,2.8,0.5,3.4,4.8,1.7,0.7,2.2,2,22.6,31.4,0.635,0.326,0.459,706,1.8,8.8,5.3,31.5,2.9,1.9,11.1,28.7,6.4,0.9,7.3,0.236,8.4,1.2,9.6,8.1,15.6,2.1,5.1,5.9,7.2,0.6,3,3.6,5.1,1.9,0.7,2.4,2.1,24.2,12.5,24.1,3.3,7.9,9.1,11.1,0.9,4.7,5.6,7.9,2.9,1.1,3.7,3.3,37.4,128,107.8,2,110,29,12.1,1.6,3.7,0.434,0,0.2,0.182,1.6,3.5,0.449,0.439,0.4,0.6,0.754,0.1,0.8,0.9,1.9,0.4,0.1,0.7,1,3.7,26.364,2.182,0.179,0.019,27.424,2.7,2.6,79.5,1.056,2.87
3,45.71,27.66,Dennis Smith Jr.,2017,9,DAL,DAL,3,0.402,97.9,-7.7,100.8,-4.8,-2.52,92.2,105.6,-3.2,108.8,0,-3.2,0.402,-2.9,PG,0,19.58,74,180,NC State,1,1,0.469,77.6,79.6,6.09,8.09,107.1,109.8,32,32,1,34.8,6,13.1,0.455,1.7,4.8,0.359,4.5,6.3,0.715,3.8,0.8,4.6,6.2,1.9,0.4,3.4,2.1,18.1,23.1,0.563,0.364,0.476,621,2.7,11.5,7.3,34.2,3.1,1.2,17.3,27.2,3.1,0.9,4,0.142,5.4,1.1,6.5,6.9,15.1,2,5.5,5.1,7.2,0.9,4.3,5.2,7.1,2.2,0.5,3.9,2.4,20.8,9.5,21,2.7,7.6,7.1,10,1.3,6,7.3,9.8,3.1,0.7,5.4,3.3,29,112.2,109.1,7,326,152,23.3,3.8,9.2,0.407,0.8,2.8,0.298,2.9,6.5,0.454,0.452,1.4,2,0.674,0.7,2.3,3,4.2,1.2,0.3,1.9,2.1,9.7,46.626,1.824,0.211,0.011,24.377,-4.2,2.7,75,1.014,2.432
0,3.33,1.44,Andrew Goudelock,2011,46,LAL,LAL,2,0.695,101.5,1.9,95.4,-4.2,6.01,90.7,111,3.7,104.3,-3,6.7,0.707,6.1,"SG,PG",0,22.55,74.75,198,College of Charleston,0,4,0.703,76.2,69,6.17,-1.04,112.7,102,37,37,1,35.2,8.6,18.9,0.455,3.5,8.7,0.407,3,3.6,0.821,3.2,0.7,3.9,4.2,0.9,0.2,3.2,1.8,23.7,26.7,0.575,0.461,0.192,830,2.3,9.9,6.3,26.4,1.5,0.5,13.5,34.5,5.3,1.2,6.5,0.199,7.4,-1.4,6,9.8,21.5,4,9.9,3.4,4.1,0.8,3.6,4.4,4.8,1,0.2,3.7,2,26.9,14.4,31.8,6,14.6,5,6.1,1.1,5.4,6.5,7.1,1.5,0.3,5.4,3,39.8,115.1,105.7,3,49,0,9.7,1.6,4,0.393,0.6,1.7,0.345,1,2.3,0.429,0.467,0.3,0.3,0.875,0.1,0.6,0.7,0.5,0.2,0,0.6,0.7,4,0,1.312,0.219,0.006,25.464,-1.4,1.2,76.25,1.02,2.649
0,2.13,0.7,Travis Leslie,2011,47,LAC,LAC,1,0.39,98.6,-1,101.8,2.2,-2.71,92.8,105.3,-2,108.7,1.4,-3.3,0.39,-3.2,SG,0,21.24,76.25,205,Georgia,1,3,0.636,68.7,64.4,10.43,6.13,104,97.5,33,33,1,32.2,5.4,10.9,0.492,0.4,1.3,0.302,3.3,4.1,0.801,4,3.2,7.2,2.9,1.2,0.6,2.2,1.9,14.4,24.9,0.561,0.119,0.378,486,12.2,13.6,12.9,20.6,2.3,2,14.3,24.4,3.4,1.7,5.2,0.195,6.5,2.3,8.9,6.7,13.6,0.5,1.6,4.1,5.1,4,4.9,8.9,3.7,1.5,0.8,2.7,2.4,17.9,10.3,21,0.8,2.5,6.4,7.9,6.2,7.6,13.8,5.7,2.3,1.2,4.1,3.7,27.8,116.9,98.1,1,10,0,4.5,0.5,1.4,0.357,0,0,0,0.5,1.4,0.357,0.357,0.4,0.9,0.444,0.6,0.3,0.9,0.5,0.2,0.2,0.2,0.4,1.4,0,1.318,0.8,0.019,24.699,0.7,2.3,82.5,1.082,2.689
0,1.32,0.2,Keith Benson,2011,48,ATL,GSW,4,0.439,103.4,3.8,105.7,6.1,-2,94.8,108.2,0.9,110.7,3.4,-2.4,0.427,-2.3,C,1,22.86,83,217,Oakland,0,4,0.714,85.5,76.9,8.28,0.1,117.6,105.8,35,35,1,32.4,6.6,12.1,0.547,0.3,0.7,0.391,4.5,7,0.643,7.5,2.7,10.1,1.1,0.8,3.6,1.9,3.1,17.9,28.8,0.584,0.055,0.578,579,9.5,24.1,17.2,6.2,1.4,9.8,10.9,24.9,4,1.7,5.7,0.202,3.6,1.9,5.4,8.2,14.9,0.3,0.8,5.5,8.6,3.3,9.2,12.5,1.3,1,4.4,2.3,3.8,22.2,11.3,20.6,0.4,1.1,7.7,11.9,4.5,12.7,17.3,1.9,1.4,6.1,3.2,5.3,30.6,120.2,98.9,1,3,0,3,0,0.3,0,0,0,0,0,0.3,0,0,0,0,0,0.7,0.3,1,0,0,0,0,0,0,0,0.579,0.36,0.111,23.36,2.7,5.4,87.75,1.057,2.614
0,2.52,0.94,Josh Selby,2011,49,MEM,MEM,3,0.561,99.9,0.3,97.6,-2,2.55,91.9,107.6,0.3,105.1,-2.2,2.5,0.585,2.3,PG,0,20.25,75,195,Kansas,4,1,0.921,81.2,64.7,24.1,7.62,116,92.4,26,11,0.423,20.4,2.8,7.4,0.373,1.3,3.6,0.362,1.1,1.4,0.757,1.8,0.4,2.2,2.2,0.8,0,2,1.7,7.9,11.9,0.489,0.487,0.192,205,2.4,9.7,6.3,17.8,2.3,0.2,20.1,24.4,0.4,0.9,1.3,0.098,0.3,2.1,2.4,5.4,14.6,2.6,7.1,2.1,2.8,0.8,3.6,4.4,4.2,1.6,0.1,4,3.3,15.5,7.8,20.9,3.7,10.2,3,4,1.1,5.2,6.3,6.1,2.3,0.1,5.7,4.8,22.3,95.5,96.5,2,38,0,7.8,0.8,2.5,0.33,0.1,0.6,0.143,0.7,1.9,0.384,0.346,0.5,0.7,0.72,0.1,0.5,0.5,0.9,0.2,0,0.9,0.6,2.2,0,1.1,0.222,0,23.483,-0.2,1.7,77.25,1.03,2.6
0,4.33,2.06,Justin Wright-Foreman,2019,53,UTA,UTA,1,0.61,111.7,0.5,106.5,-4.7,5.28,100.3,110.9,0.5,105.7,-4.7,5.2,0.659,5.2,PG,0,21.66,74,190,Hofstra,0,4,0.771,83.4,72.9,4.68,-4.53,118.8,103.9,35,35,1,37.7,9.4,18.5,0.511,3.1,7.4,0.425,5.1,5.9,0.864,3.7,0.3,4,2.9,0.9,0.2,2.6,1.9,27.1,28.9,0.637,0.401,0.319,844,1.2,11.5,6.6,17.4,1.3,0.6,10.9,33,6.3,1,7.4,0.223,7.9,-1.9,6,10,19.6,3.3,7.8,5.4,6.2,0.4,3.9,4.3,3.1,0.9,0.2,2.8,2,28.7,14.6,28.6,4.9,11.5,7.9,9.1,0.5,5.7,6.3,4.5,1.3,0.3,4,3,42,123.8,108.7,1,4,0,11.3,1.8,5,0.35,0.5,2.5,0.2,1.3,2.5,0.5,0.4,0.8,1,0.75,0,1.3,1.3,1.8,0.5,0,0.8,1.3,4.8,0,1.115,0.081,0.005,24.332,0.3,1.1,79,1.068,2.568
0,1,0,Jon Diebler,2011,51,POR,POR,1,0.585,96.3,-3.3,94.8,-4.8,1.84,87.9,108.8,1.5,107.1,-0.2,1.7,0.561,1.5,SG,0,23.01,78.5,197,Ohio State,2,4,0.919,77.1,59.7,25.84,8.38,120,92.8,37,36,0.973,35.7,3.9,7.7,0.507,3.1,6.1,0.502,1.7,2.1,0.81,2.3,0.4,2.6,2.4,1,0.1,0.9,1,12.6,19.6,0.723,0.794,0.276,408,1.3,7.9,4.6,11.6,1.7,0.4,9.8,14.4,4.7,2.1,6.8,0.207,8,3.6,11.6,4.4,8.7,3.5,6.9,1.9,2.4,0.4,2.5,3,2.7,1.1,0.2,1.1,1.1,14.2,6.9,13.5,5.4,10.7,3,3.7,0.7,4,4.6,4.2,1.7,0.2,1.7,1.7,22.1,144.7,98.4,0,0,0,0,0,0,0,0,0,0,0,0,0,0,0,0,0,0,0,0,0,0,0,0,0,0,0,2.667,0.174,0.003,23.467,-4.2,1.3,78,0.994,2.51
0,9.86,5.48,Saben Lee,2020,38,UTA,DET,1,0.303,107.2,-4.6,110.8,-1,-4.38,97.6,109,-1.6,112.7,2.1,-3.6,0.394,-3.6,PG,1,21.01,74,183,Vanderbilt,0,3,0.344,71.7,75,3.16,6.41,101.7,106.3,32,17,0.531,32.9,6.3,12.9,0.483,1.2,3.8,0.322,4.8,6.4,0.752,3,0.6,3.5,4.2,1.5,0.3,3.1,1.8,18.6,24.3,0.58,0.292,0.498,594,1.9,11,6.3,31.9,2.7,0.9,16.2,29.4,3.4,0.7,4,0.152,4.9,0.4,5.3,7.6,15.7,1.5,4.6,5.9,7.8,0.7,3.6,4.3,5.1,1.9,0.3,3.8,2.2,22.6,10.9,22.5,2.1,6.6,8.4,11.2,1,5.2,6.1,7.3,2.7,0.5,5.4,3.1,32.3,111.3,107.9,4,134,8,14.5,1.8,4.2,0.421,0.3,1,0.271,1.5,3.2,0.465,0.452,1.4,1.9,0.734,0.4,1.5,1.9,2.8,0.7,0.2,0.9,1.2,5.2,5.97,1.355,0.2,0.009,23.483,-2.7,2.2,81,1.095,2.473
0,13.61,7.8,DeAndre Liggins,2011,53,ORL,OKC,4,0.671,104.8,5.2,101,1.4,3.81,92.7,111.2,3.9,107.2,-0.1,4,0.622,3.8,SG,0,23.23,78.25,202,Kentucky,4,3,0.763,74.9,63.5,20.3,8.91,112.8,95.6,38,28,0.737,31.6,2.9,6.9,0.424,0.9,2.4,0.391,1.8,2.8,0.648,3.4,0.6,4,2.5,1.2,0.7,1.4,2.5,8.6,14.5,0.523,0.348,0.398,338,2.2,11.8,7.2,14.2,2.3,2.3,14.9,15.8,1.8,2.1,3.9,0.129,1.4,4.5,5.9,3.7,8.8,1.2,3.1,2.3,3.5,0.7,4.4,5.1,3.2,1.5,0.9,1.8,3.1,10.9,5.6,13.3,1.8,4.6,3.4,5.3,1.1,6.6,7.7,4.8,2.3,1.4,2.8,4.7,16.5,109.1,97,5,177,24,10.8,0.7,1.8,0.402,0.2,0.7,0.352,0.5,1.1,0.432,0.469,0.3,0.5,0.549,0.3,1.2,1.4,0.7,0.6,0.2,0.5,1.1,2,13.559,1.786,0.176,0.022,24.232,0.6,2.4,83,1.061,2.581
3,31.87,19.1,E'Twaun Moore,2011,55,BOS,ORL,3,0.634,99.2,-0.4,93.7,-5.9,4.92,91.2,107.9,0.6,102,-5.3,5.9,0.683,5.5,"SG,PG",0,22.33,76,191,Purdue,2,4,0.765,72.5,61.9,19.36,8.69,109.5,93.3,34,33,0.971,33.9,6.5,14.5,0.447,2.1,5.1,0.4,2.9,4.1,0.709,3.6,1.5,5.1,3.2,1.2,0.5,1.8,2.1,18,23.9,0.545,0.354,0.285,573,5.1,12.5,8.8,20.9,2.2,1.6,9.8,28,3.7,2.2,5.9,0.205,7.1,3.1,10.2,7.7,17.2,2.4,6.1,3.5,4.9,1.8,4.3,6.1,3.8,1.4,0.6,2.1,2.5,21.3,11.6,26,3.7,9.2,5.3,7.4,2.7,6.5,9.2,5.7,2.2,0.9,3.2,3.7,32.2,114.4,94.9,10,598,191,21,3.2,7.1,0.455,0.9,2.4,0.388,2.3,4.7,0.489,0.521,0.6,0.8,0.742,0.5,1.5,2,1.8,0.7,0.2,0.9,1.6,7.9,31.94,1.778,0.417,0.015,23.088,-0.9,2,81.5,1.072,2.513
5,21.66,12.78,Malik Monk,2017,11,CHO,CHO,0,0.439,104.9,-0.7,104.7,-0.9,-0.07,95.7,108.8,0,108.6,-0.2,0.2,0.512,0.2,SG,0,19.39,75,190,Kentucky,4,1,0.842,84.9,71.5,23.88,10.49,113.8,95.9,38,37,0.974,32.1,6.6,14.7,0.45,2.7,6.9,0.397,3.9,4.7,0.822,2.2,0.3,2.5,2.3,0.9,0.5,2,1.9,19.8,21.5,0.586,0.47,0.323,660,1.1,7.3,4.2,13.3,1.6,1.5,10.4,27.2,3.9,1.9,5.8,0.189,6.5,2.5,9,8.2,18.3,3.4,8.6,4.9,5.9,0.4,2.7,3.1,2.9,1.2,0.6,2.5,2.4,24.8,11.1,24.7,4.6,11.6,6.5,8,0.5,3.7,4.2,3.8,1.6,0.8,3.3,3.2,33.3,118.2,100.8,8,523,83,22.8,4.4,10.2,0.434,1.8,5.1,0.35,2.6,5.1,0.518,0.521,1.7,1.9,0.848,0.4,2.3,2.6,3.2,0.6,0.3,1.6,1.7,12.3,15.87,1.15,0.136,0.016,24.931,-0.7,1.8,77,1.027,2.533
0,64.42,39.24,Isaiah Thomas,2011,60,SAC,SAC,0,0.293,99.4,-0.2,104.7,5.1,-4.8,95.2,103.5,-3.8,109,1.7,-5.6,0.329,-5.3,"PG,SG",0,22.38,70.25,186,Washington,0,3,0.686,83.1,70.7,20.11,7.74,114.5,97.4,35,35,1,31.9,5.4,12.1,0.445,1.7,4.9,0.349,4.3,6,0.719,2.8,0.7,3.5,6.1,1.3,0.1,3,2.1,16.8,22.9,0.563,0.408,0.498,625,2.5,9.5,6,32.7,2.3,0.2,16.6,26.2,4,1.5,5.5,0.199,6.2,1.9,8.1,6.7,15.1,2.2,6.2,5.4,7.5,0.9,3.5,4.4,7.6,1.7,0.1,3.7,2.7,21.1,9.4,21,3,8.6,7.5,10.5,1.3,4.8,6.1,10.6,2.3,0.1,5.2,3.7,29.2,117.4,100.8,12,556,362,28,5.7,13.1,0.434,1.9,5.2,0.363,3.8,8,0.481,0.506,4.2,4.8,0.872,0.5,1.9,2.4,4.8,0.8,0.1,2.2,2.1,17.5,65.108,2.033,0.25,0.003,27.732,3.1,1.8,73.75,1.05,2.648
7,97.09,59.45,Anthony Davis,2012,1,NOH,NOP,0,0.318,89.6,-6.7,93.4,-2.9,-3.11,88.3,100.9,-3.7,105.1,0.5,-4.2,0.364,-3.8,"C,PF",0,19.29,82.5,222,Kentucky,4,1,0.95,77.4,60.6,24.73,7.93,116.5,91.2,40,40,1,32,5.3,8.4,0.623,0.1,0.5,0.15,3.6,5.1,0.709,7.4,3,10.4,1.3,1.4,4.7,1,2,14.2,35.1,0.654,0.059,0.602,550,11.6,25.6,19,7.5,2.5,13.7,8.6,18.8,5.9,4.1,9.9,0.31,9.1,8.1,17.2,6.6,10.5,0.1,0.6,4.5,6.3,3.7,9.2,13,1.6,1.7,5.8,1.3,2.4,17.7,9.9,15.9,0.1,0.9,6.8,9.6,5.6,13.9,19.5,2.4,2.5,8.8,1.9,3.7,26.7,139,80.7,13,787,780,34.5,9,17.3,0.522,0.5,1.6,0.296,8.5,15.7,0.546,0.536,5.6,7,0.794,2.7,8,10.7,2.6,1.3,2.3,2,2.3,24.1,99.111,1.3,0.405,0.147,22.883,-3,7.5,89.5,1.085,2.691
3,71.71,43.75,Michael Kidd-Gilchrist,2012,2,CHA,CHA,0,0.106,87,-9.3,100.9,4.6,-13.96,91.1,95.2,-9.4,110.4,5.8,-15.2,0.106,-13.9,"SF,PF",0,18.75,79.5,233,Kentucky,4,1,0.95,77.4,60.6,24.73,7.93,116.5,91.2,40,39,0.975,31.1,4,8.2,0.491,0.3,1.3,0.255,3.6,4.8,0.745,4.9,2.6,7.4,1.9,1,0.9,2.2,2.4,11.9,21.2,0.57,0.156,0.589,497,10.3,17.3,14,10.8,1.9,2.8,17.3,20.6,3.4,2.6,6,0.192,4.1,3.6,7.7,5.1,10.5,0.4,1.6,4.6,6.2,3.3,6.2,9.5,2.4,1.3,1.2,2.8,3.1,15.3,7.7,15.8,0.6,2.5,6.9,9.3,5,9.4,14.4,3.6,1.9,1.8,4.2,4.7,23.1,115.5,92.3,8,446,356,24.6,3.3,6.9,0.474,0.1,0.2,0.272,3.2,6.7,0.481,0.478,1.8,2.5,0.715,1.6,3.8,5.4,1.2,0.7,0.7,0.9,2.1,8.4,79.821,0.864,0.531,0.029,25.989,-0.2,2.5,84,1.057,2.931
7,90.01,55.07,Bradley Beal,2012,3,WAS,WAS,0,0.303,93.6,-2.7,98.4,2.1,-5.14,92.5,101,-3.6,106.2,1.6,-5.2,0.333,-4.8,SG,0,18.99,76.75,202,Florida,2,1,0.703,75.9,65,18.25,7.33,115.4,98.8,37,37,1,34.2,4.7,10.6,0.445,1.7,5,0.339,3.6,4.7,0.769,5.4,1.4,6.7,2.2,1.4,0.8,2.1,2.1,14.8,22,0.575,0.473,0.44,522,4.8,20.3,12.3,12.7,2.5,2.6,14.3,23,3.6,2.1,5.7,0.18,5.4,2.9,8.4,5.5,12.4,2,5.9,4.2,5.5,1.6,6.3,7.9,2.6,1.6,1,2.5,2.4,17.2,8.5,19.1,3.1,9,6.4,8.4,2.4,9.6,12.1,4,2.5,1.5,3.8,3.7,26.5,115.4,96.9,13,801,752,34.4,7.9,17.1,0.464,2.1,5.7,0.376,5.8,11.4,0.509,0.527,3.6,4.3,0.821,0.9,3.2,4.1,4.3,1.1,0.4,2.4,2.3,21.5,93.883,1.048,0.259,0.023,25.762,1.2,2.6,80,1.042,2.632
3,49.8,30.19,Dion Waiters,2012,4,CLE,CLE,3,0.318,93,-3.3,100.2,3.9,-7.34,91.3,101.1,-3.5,108.9,4.3,-7.8,0.258,-7.2,SG,0,20.54,76,221,Syracuse,1,2,0.919,74.1,61,21.12,8.02,113.3,93.3,37,0,0,24.1,4.6,9.6,0.476,1.1,3.1,0.363,2.3,3.2,0.729,1.8,0.5,2.3,2.5,1.8,0.3,1.3,1.9,12.6,26.3,0.565,0.317,0.331,430,2.4,8.8,5.6,21.2,4.6,1.5,10.4,26.7,3.2,1.7,5,0.223,6,4.8,10.8,7.6,16,1.8,5.1,3.9,5.3,0.8,3,3.8,4.1,3,0.5,2.2,3.1,21,11.7,24.6,2.8,7.8,5.9,8.1,1.2,4.6,5.9,6.3,4.6,0.8,3.3,4.8,32.2,118.6,93.9,8,419,211,28.2,5,12.2,0.412,1.4,4,0.346,3.7,8.2,0.444,0.468,1.7,2.5,0.694,0.4,2.2,2.6,2.8,0.9,0.3,1.8,1.9,13.1,50.358,1.923,0.278,0.012,26.041,0,3.5,79.25,1.043,2.908
0,8.22,4.47,Thomas Robinson,2012,5,SAC,POR,1,0.424,97.2,0.9,97.8,1.5,-0.21,91.2,105.7,1.1,106.4,1.8,-0.7,0.485,-0.6,"PF,C",0,21.28,80.75,244,Kansas,4,3,0.821,73.5,61.7,21.72,9.93,108.8,91.4,39,39,1,31.8,6.7,13.3,0.505,0.2,0.4,0.5,4.2,6.1,0.682,9,2.9,11.9,1.8,1.1,0.9,2.7,2.7,17.7,27.4,0.549,0.027,0.462,660,11.1,33,22.2,13.1,2,2.9,14.2,30,3.7,3.5,7.2,0.231,5.4,3.4,8.8,8.4,16.7,0.2,0.5,5.2,7.7,3.6,11.3,14.9,2.3,1.4,1.1,3.3,3.4,22.3,12.5,24.7,0.3,0.7,7.8,11.4,5.4,16.7,22.1,3.4,2,1.6,5,5.1,33.1,109.8,84.6,5,313,12,13.4,2,4.3,0.47,0,0,0,2,4.3,0.472,0.47,0.8,1.6,0.505,1.7,3.1,4.8,0.6,0.5,0.4,1,1.7,4.9,3.834,0.667,0.322,0.028,25.214,-0.1,2.5,87.25,1.08,3.022
7,97.54,59.73,Damian Lillard,2012,6,POR,POR,1,0.424,97.2,0.9,97.8,1.5,-0.21,91.2,105.7,1.1,106.4,1.8,-0.7,0.485,-0.6,PG,1,21.95,74.75,189,Weber State,0,4,0.781,77.3,69.1,1.51,-3.65,113.6,101.5,32,32,1,34.5,7.2,15.5,0.467,2.9,7.2,0.409,7.1,8,0.887,4.5,0.5,5,4,1.5,0.2,2.3,1.9,24.5,34,0.635,0.465,0.519,746,1.9,15.8,9,27.1,2.5,0.7,10.7,33,6.7,1.4,8,0.291,9.1,0.7,9.8,8.4,17.9,3.4,8.3,8.3,9.3,0.6,5.2,5.8,4.6,1.7,0.3,2.7,2.2,28.4,12.4,26.6,5.1,12.4,12.3,13.8,0.9,7.8,8.7,6.9,2.5,0.4,4,3.3,42.2,128.4,101.6,13,900,900,36.2,8.1,18.4,0.439,3.1,8.4,0.371,5,10,0.495,0.523,5.8,6.5,0.899,0.6,3.7,4.3,6.7,1,0.3,2.8,1.9,25.1,100,1.739,0.111,0.006,23.483,-0.1,2,79.75,1.067,2.528
5,85.73,52.42,Harrison Barnes,2012,7,GSW,GSW,4,0.348,97.8,1.5,101.2,4.9,-2.79,92.3,105.4,0.8,109.1,4.5,-3.7,0.379,-3.4,"PF,SF",0,20.07,80,228,UNC,4,2,0.842,81.3,67.1,21.34,7.07,111.3,91.8,38,37,0.974,29.2,6,13.7,0.44,1.3,3.6,0.358,3.7,5.1,0.723,3.3,1.9,5.2,1.1,1.1,0.3,1.9,1.8,17.1,21.2,0.528,0.263,0.374,571,6.9,11.9,9.4,7.2,2,1.1,10.8,28.1,3.1,1.9,5,0.181,4.5,2.3,6.8,8.2,18.8,1.8,4.9,5.1,7,2.7,4.5,7.1,1.5,1.5,0.5,2.7,2.4,23.3,11.3,25.8,2.4,6.8,7,9.7,3.7,6.1,9.8,2.1,2,0.6,3.7,3.4,32.1,111.1,96.1,13,993,932,31.3,4.9,10.7,0.46,1.4,3.8,0.385,3.5,6.9,0.501,0.528,2.7,3.3,0.81,1,3.8,4.8,1.8,0.7,0.2,1.1,1.5,13.9,93.857,0.579,0.576,0.01,23.539,1,2,83.25,1.041,2.85
3,28.28,16.88,Terrence Ross,2012,8,TOR,TOR,4,0.348,90.7,-5.6,94,-2.3,-3.67,89.3,100.8,-3.8,104.5,-0.1,-3.7,0.379,-3.3,"SG,SF",0,21.39,79,197,Washington,0,2,0.686,75.6,70.1,10.79,5.27,106.2,98.4,35,35,1,31.1,6.1,13.4,0.457,2.1,5.5,0.371,2.1,2.7,0.766,5.1,1.4,6.4,1.4,1.3,0.9,2,2.8,16.4,22.3,0.558,0.413,0.2,504,4.7,19.2,11.6,9.2,2.3,3,12,25.3,3,1.8,4.9,0.178,5.1,2.8,7.9,7.9,17.3,2.6,7.1,2.6,3.5,1.8,6.5,8.3,1.8,1.6,1.2,2.6,3.6,21.1,11.2,24.4,3.7,10.1,3.7,4.9,2.5,9.2,11.7,2.5,2.3,1.7,3.6,5.1,29.9,113.6,96.8,11,733,187,24.5,4,9.6,0.418,1.8,5,0.362,2.2,4.6,0.48,0.513,1.1,1.4,0.837,0.3,2.5,2.8,1.3,0.8,0.3,1,1.7,11,25.512,0.7,0.275,0.029,22.447,-2,2.8,79.25,1.003,2.494
7,70.63,43.08,Andre Drummond,2012,9,DET,DET,1,0.379,90.9,-5.4,95.7,-0.6,-5.18,89.2,101,-3.6,106.3,1.7,-5.3,0.333,-4.8,C,0,18.87,83.75,279,UConn,3,1,0.588,68.7,64.5,12.27,8.07,106,99.5,34,30,0.882,28.4,4.6,8.6,0.538,0,0.1,0,0.8,2.6,0.295,4.2,3.4,7.6,0.4,0.8,2.7,1.5,2.2,10,21.9,0.509,0.007,0.301,328,14.2,17,15.6,3.4,1.8,9.9,13.5,20.9,1.4,1.5,2.9,0.121,2,2.9,4.9,6.5,12.1,0,0.1,1.1,3.6,4.7,5.9,10.6,0.6,1.2,3.8,2.2,3.1,14.1,10.1,18.8,0,0.1,1.7,5.7,7.4,9.2,16.6,1,1.8,5.9,3.4,4.8,21.9,103.1,97.3,13,904,663,26.8,5.2,9.7,0.542,0,0.2,0.129,5.2,9.5,0.548,0.543,2,4.1,0.486,4.2,8,12.1,1.2,1.3,1.3,1.8,2.9,12.5,73.341,0.267,0.81,0.095,28.199,-2.1,5,90.25,1.078,3.331
3,27.48,16.38,Austin Rivers,2012,10,NOH,LAC,1,0.606,97.5,1.2,95,-1.3,2.82,89.2,108.5,3.9,105.7,1.1,2.8,0.591,2.5,"SG,PG",3,19.9,77,203,Duke,4,1,0.794,77.3,68.6,17.05,8.4,112.3,99.7,34,33,0.971,33.2,5.1,11.8,0.433,1.7,4.7,0.365,3.6,5.4,0.658,2.8,0.6,3.4,2.1,1,0,2.3,2.2,15.5,16.9,0.538,0.396,0.458,488,2.2,10,6,13,1.7,0.1,13.9,25.2,2.4,1,3.5,0.124,3.2,0.8,4,6.2,14.2,2.1,5.6,4.3,6.5,0.7,3.3,4.1,2.5,1.2,0,2.8,2.7,18.7,9,20.8,3,8.2,6.3,9.5,1.1,4.9,6,3.7,1.7,0.1,4.1,3.9,27.3,107.8,104.7,11,707,184,23.8,3.1,7.5,0.419,1.1,3.2,0.349,2,4.3,0.47,0.493,1.1,1.7,0.653,0.3,1.7,2,2.1,0.7,0.2,1,2.1,8.5,26.025,0.913,0.214,0,24.162,-2.1,1.2,79.25,1.029,2.636
3,22.11,13.06,Meyers Leonard,2012,11,POR,POR,1,0.424,97.2,0.9,97.8,1.5,-0.21,91.2,105.7,1.1,106.4,1.8,-0.7,0.485,-0.6,"C,PF",0,20.33,85.25,250,Illinois,2,2,0.531,65.6,64.2,9.33,7.99,100.5,98.5,32,29,0.906,31.8,5.3,9.1,0.584,0,0.3,0.091,2.9,4,0.732,5.9,2.3,8.2,1.3,0.5,1.9,2.1,2.9,13.6,24.1,0.618,0.038,0.436,409,9.1,25.9,17.1,9.9,0.9,6.9,16.2,22,2.9,1.8,4.6,0.182,3.6,3.6,7.2,6.7,11.4,0,0.4,3.7,5,2.9,7.4,10.3,1.7,0.6,2.4,2.7,3.7,17.1,10.4,17.7,0.1,0.7,5.7,7.7,4.4,11.5,16,2.6,0.9,3.7,4.1,5.7,26.5,115.5,95.9,10,456,95,15.9,2.1,4.4,0.482,0.7,1.9,0.39,1.4,2.5,0.55,0.565,0.6,0.7,0.812,0.7,3.2,3.9,0.9,0.2,0.3,0.7,2.2,5.6,20.833,0.619,0.39,0.06,23.791,-0.1,3,87,1.021,2.933
3,26.76,15.94,Jeremy Lamb,2012,12,HOU,OKC,4,0.712,103.1,6.8,96.9,0.6,6.44,93,109.8,5.2,103.2,-1.4,6.5,0.697,6.2,SG,0,20.07,77.25,179,UConn,3,2,0.588,68.7,64.5,12.27,8.07,106,99.5,34,34,1,37.2,6.4,13.4,0.478,2.1,6.2,0.336,2.9,3.6,0.81,3.9,0.9,4.9,1.7,1.2,0.6,2,1.7,17.7,22.1,0.589,0.465,0.267,524,3,12.2,7.7,10.1,2.1,1.7,11.7,23.9,3.9,1.3,5.2,0.165,5.7,2,7.8,6.9,14.3,2.2,6.7,3.1,3.8,1,4.2,5.2,1.8,1.3,0.7,2.1,1.8,19.1,10.7,22.4,3.5,10.4,4.8,6,1.6,6.6,8.2,2.9,2.1,1,3.4,2.8,29.7,117.6,103.3,10,573,136,20.8,3.7,8.4,0.439,1,3.1,0.342,2.7,5.4,0.494,0.501,1.7,1.9,0.857,0.5,3.1,3.6,1.6,0.7,0.4,0.8,1.6,10.1,23.735,0.85,0.231,0.016,21.085,1.7,2,83,1.074,2.317
0,34.31,20.61,Kendall Marshall,2012,13,PHO,LAL,2,0.621,97.3,1,95.9,-0.4,1.96,90.5,106,1.4,104.4,-0.2,1.6,0.545,1.4,PG,0,20.85,76.25,198,UNC,4,2,0.842,81.3,67.1,21.34,7.07,111.3,91.8,36,35,0.972,33,2.9,6.3,0.467,0.8,2.2,0.354,1.5,2.2,0.696,2.4,0.2,2.6,9.8,1.2,0.2,2.8,1.6,8.1,17.2,0.558,0.351,0.351,420,0.5,7.9,4.2,45.1,2,0.5,27.8,13.9,2.6,1.8,4.4,0.147,3.8,2.8,6.6,3.5,7.6,0.9,2.7,1.9,2.7,0.2,3,3.2,11.8,1.4,0.2,3.4,1.9,9.9,4.9,10.4,1.3,3.7,2.5,3.7,0.3,4.1,4.4,16.3,2,0.3,4.7,2.6,13.6,114.9,98.4,4,160,57,19.3,2,4.9,0.399,0.8,2.2,0.37,1.2,2.8,0.422,0.48,0.3,0.5,0.611,0.1,1.4,1.6,4.9,0.7,0.1,1.8,1.1,5,35.625,3.5,0.083,0.006,23.625,-0.8,1.6,77.5,1.016,2.597
3,35.82,21.54,John Henson,2012,14,MIL,MIL,3,0.47,99,2.7,98.7,2.4,-0.23,93.7,105.5,0.9,105.2,0.6,0.3,0.515,0.3,"C,PF",0,21.49,82.5,216,UNC,4,3,0.842,81.3,67.1,21.34,7.07,111.3,91.8,35,34,0.971,29.1,5.9,11.7,0.5,0,0,0,2,3.9,0.511,7.4,2.5,9.9,1.3,0.6,2.9,1.3,1.6,13.7,24.7,0.505,0,0.329,439,9,27.1,17.9,8,1.1,9.6,8.7,23.1,2.3,2.7,5,0.195,4,5,9,8,16.1,0,0,2.7,5.3,3.5,10.2,13.7,1.7,0.8,4,1.8,2.2,18.8,11.1,22.2,0,0,3.7,7.3,4.8,14,18.8,2.4,1.1,5.5,2.4,3,25.9,110.2,86.6,8,445,160,19.7,3.2,6,0.54,0,0.2,0.25,3.2,5.8,0.549,0.544,1.1,1.9,0.568,1.8,3.5,5.3,1.1,0.5,1.4,1.1,2.2,7.6,35.955,1,0.338,0.1,22.237,2.4,4.8,89,1.079,2.618
3,54.18,32.9,Maurice Harkless,2012,15,PHI,ORL,3,0.561,94.2,-2.1,93.4,-2.9,0.46,89,105,0.4,104.1,-0.5,0.9,0.53,0.8,"SF,PF",0,19.12,80.75,207,St. John's,0,1,0.406,66.5,70.9,2.63,6.98,98.5,104.9,32,32,1,36.1,6,13.3,0.452,0.5,2.5,0.215,2.9,4.3,0.676,5.9,2.8,8.6,1.5,1.6,1.4,2.5,2.3,15.5,21.1,0.504,0.185,0.326,476,8.4,20.3,14,9.6,2.6,4.2,14,24.9,1.8,1.3,3.2,0.109,3,1,4,6.7,14.8,0.6,2.7,3.3,4.8,3,6.5,9.6,1.6,1.8,1.6,2.8,2.6,17.2,9.9,22,0.9,4.1,4.8,7.2,4.5,9.7,14.2,2.4,2.6,2.3,4.1,3.8,25.6,102.3,102,10,621,372,22.6,2.7,5.7,0.474,0.6,1.9,0.32,2.1,3.8,0.551,0.528,0.8,1.3,0.624,1.1,2.5,3.5,0.9,0.9,0.6,0.8,2,6.9,59.903,0.6,0.475,0.039,22.811,-2.3,3.4,84,1.04,2.563
0,1,0,Royce White,2012,16,HOU,SAC,0,0.333,98.8,2.5,104.4,8.1,-4.95,94.7,103.8,-0.8,109.8,5.2,-6,0.318,-5.6,"SF,PF",0,21.21,80,261,Iowa State,0,3,0.676,73.2,67.2,13.32,7.32,108.6,99.7,34,33,0.971,31.5,5.1,9.6,0.534,0.1,0.4,0.333,3,6,0.498,6.8,2.5,9.3,5,1.2,0.9,3.8,2.6,13.4,22.8,0.536,0.037,0.625,528,9.4,26.2,17.7,34.5,2.2,3,23.4,26.5,2.1,2,4.1,0.152,4.3,3.8,8.2,6.5,12.2,0.1,0.4,3.8,7.6,3.2,8.6,11.8,6.3,1.5,1.2,4.9,3.3,17,9.7,18.1,0.2,0.7,5.6,11.3,4.7,12.8,17.5,9.4,2.2,1.8,7.2,4.9,25.2,103.3,95.4,1,3,0,3,0,0.3,0,0,0,0,0,0.3,0,0,0,0,0,0,0,0,0,0,0,0,0.7,0,0,1.316,0.368,0.029,29.605,3.4,2.7,84,1.05,3.262
3,38.47,23.18,Tyler Zeller,2012,17,DAL,CLE,3,0.318,93,-3.3,100.2,3.9,-7.34,91.3,101.1,-3.5,108.9,4.3,-7.8,0.258,-7.2,C,3,22.44,84.5,247,UNC,4,4,0.842,81.3,67.1,21.34,7.07,111.3,91.8,38,38,1,28.2,5.8,10.5,0.553,0,0,0,4.8,5.9,0.808,5.8,3.8,9.6,0.9,0.9,1.5,1.9,2.7,16.3,29.9,0.616,0,0.563,580,14.1,21.9,17.9,6.3,1.7,5.3,12.6,24.5,4.6,2.5,7.1,0.265,6.8,3.9,10.7,8.2,14.9,0,0,6.8,8.4,5.5,8.2,13.6,1.3,1.3,2.2,2.7,3.8,23.2,11.3,20.5,0,0,9.3,11.5,7.5,11.3,18.8,1.9,1.7,3,3.8,5.2,32,125.6,89.7,8,414,166,17.5,2.8,5.5,0.508,0,0.1,0.286,2.8,5.4,0.512,0.511,1.3,1.7,0.764,1.5,2.9,4.4,0.9,0.3,0.6,0.8,2.2,6.9,40.097,0.474,0.655,0.053,24.907,0,3.5,84,0.994,2.923
3,48.96,29.67,Terrence Jones,2012,18,HOU,HOU,2,0.515,98.1,1.8,97.9,1.6,0.57,91.7,105.5,0.9,105.2,0.6,0.2,0.515,0.2,"SF,PF",2,20.46,81.5,252,Kentucky,4,2,0.95,77.4,60.6,24.73,7.93,116.5,91.2,38,34,0.895,29.3,4.7,9.3,0.5,0.4,1.3,0.327,2.6,4.2,0.627,4.6,2.5,7.2,1.3,1.3,1.8,1.6,2.4,12.3,24.3,0.547,0.138,0.446,465,10.7,17.5,14.3,8.7,2.7,5.8,12.6,22.4,3.1,2.7,5.8,0.209,5.2,4.9,10.2,6.3,12.7,0.6,1.8,3.6,5.7,3.4,6.3,9.8,1.8,1.8,2.4,2.2,3.3,16.8,9.6,19.1,0.9,2.7,5.4,8.5,5.2,9.5,14.7,2.8,2.7,3.7,3.4,4.9,25.4,115.3,88.9,6,234,118,23.8,4.2,8.4,0.501,0.4,1.3,0.297,3.8,7.1,0.539,0.524,1.6,2.5,0.621,1.7,4,5.7,1,0.6,1.2,0.9,1.7,10.4,50.427,0.812,0.543,0.061,26.864,0.4,4.2,86.25,1.058,3.092
0,15.22,8.8,Andrew Nicholson,2012,19,ORL,ORL,3,0.561,94.2,-2.1,93.4,-2.9,0.46,89,105,0.4,104.1,-0.5,0.9,0.53,0.8,"PF,C",0,22.55,81.5,234,St. Bonaventure,0,4,0.625,70.4,65,8.25,2.84,107,98.8,32,32,1,30.1,6.9,12,0.571,0.7,1.7,0.434,4,5.2,0.776,5.8,2.6,8.4,1,0.7,2,2.5,2.8,18.5,31.6,0.638,0.138,0.429,515,11.1,25.1,18.1,9.4,1.3,7.3,14.7,29.5,4,1.7,5.8,0.24,7.2,2.1,9.4,9.1,16,1,2.2,5.3,6.9,3.5,7.7,11.2,1.4,0.9,2.6,3.3,3.7,24.6,14.1,24.6,1.5,3.4,8.2,10.6,5.3,11.9,17.2,2.1,1.3,4,5.1,5.8,37.8,120.1,95.2,5,285,36,14.3,2.5,5.3,0.467,0.3,1,0.321,2.2,4.4,0.498,0.495,0.7,0.9,0.773,0.7,2.3,3,0.4,0.3,0.3,0.7,1.6,6,12.632,0.4,0.448,0.066,25.45,-2.3,3.5,88,1.08,2.871
3,60.92,37.07,Jared Sullinger,2012,21,BOS,BOS,4,0.591,91.8,-4.5,89.3,-7,2.26,90.4,101,-3.6,98.2,-6.4,2.8,0.591,2.5,"SF,PF",0,20.31,81,268,Ohio State,2,2,0.795,74.7,59.8,23.95,9.07,111.6,89.4,37,36,0.973,30.4,6.2,11.9,0.519,0.4,1.1,0.4,4.7,6.2,0.768,6.1,3.1,9.2,1.2,1.2,1.1,1.9,2.9,17.5,30.2,0.591,0.091,0.519,610,12.4,25.8,18.9,8.6,2.3,4,11.5,27.9,4.8,3,7.9,0.28,7.5,4.1,11.7,8.1,15.6,0.6,1.4,6.2,8.1,4.1,8,12.1,1.6,1.5,1.4,2.5,3.9,23,12.2,23.4,0.9,2.1,9.3,12.2,6.2,11.9,18.1,2.5,2.3,2.1,3.8,5.8,34.5,121.8,86,5,269,172,24.3,4.4,10,0.436,0.5,1.9,0.272,3.8,8.1,0.476,0.463,1.5,2.1,0.723,2.5,4.9,7.5,1.8,0.7,0.6,1.2,2.9,10.8,63.941,0.632,0.508,0.036,28.278,-0.9,2.9,85.25,1.052,3.309
0,1.74,0.46,Fab Melo,2012,22,BOS,BOS,4,0.591,91.8,-4.5,89.3,-7,2.26,90.4,101,-3.6,98.2,-6.4,2.8,0.591,2.5,C,0,22.02,84,255,Syracuse,1,2,0.919,74.1,61,21.12,8.02,113.3,93.3,30,30,1,25.4,3.3,5.8,0.566,0,0,0,1.3,2,0.633,3.2,2.7,5.8,0.7,0.5,2.9,1.4,2.8,7.8,20.7,0.581,0,0.347,237,12.3,14.6,13.5,5,1.2,13,17.6,16.5,1.5,1.5,3,0.156,1,4.3,5.3,5.1,9.1,0,0,2,3.1,4.2,5,9.2,1.1,0.8,4.6,2.3,4.5,12.3,7.9,13.9,0,0,3.1,4.8,6.4,7.6,14.1,1.7,1.2,7.1,3.5,6.8,18.8,112.9,94.2,1,6,0,6,0.5,1,0.5,0,0,0,0.5,1,0.5,0.5,0.2,0.7,0.25,0,0.5,0.5,0,0.3,0.3,0.2,1.2,1.2,0,0.5,0.844,0.114,24.246,-0.9,5.4,86.5,1.03,3.036
0,7.95,4.3,John Jenkins,2012,23,ATL,ATL,3,0.606,96.6,0.3,93.2,-3.1,2.67,90.2,104.9,0.3,101.2,-3.4,3.7,0.621,3.4,SG,0,21.31,76.25,212,Vanderbilt,0,3,0.694,72.6,65,15.71,8.04,109.7,98.1,35,35,1,33.6,6.2,13.1,0.474,3.8,8.7,0.439,3.7,4.4,0.837,2.4,0.5,2.9,1.2,0.8,0.3,1.6,1.2,19.9,26,0.656,0.666,0.334,579,1.7,9.1,5.4,8.4,1.5,1,9.4,26.2,5.4,1.1,6.5,0.223,10.3,1.5,11.8,7.4,15.6,4.6,10.4,4.4,5.2,0.5,2.9,3.4,1.4,1,0.4,1.9,1.4,23.7,11.3,23.8,6.9,15.8,6.6,7.9,0.8,4.4,5.2,2.2,1.5,0.6,2.9,2.2,36.1,129.4,104.3,6,171,8,12.8,1.8,4.1,0.441,0.7,1.9,0.367,1.1,2.3,0.503,0.524,0.7,0.8,0.847,0.2,1.3,1.5,0.8,0.2,0.1,0.6,0.6,5,4.678,0.75,0.208,0.009,26.041,-1.1,1.4,80.5,1.056,2.78
0,5.4,2.72,Jared Cunningham,2012,24,CLE,CLE,3,0.318,93,-3.3,100.2,3.9,-7.34,91.3,101.1,-3.5,108.9,4.3,-7.8,0.258,-7.2,SG,0,21.1,77,188,Oregon State,0,3,0.583,78.9,72.7,8.84,3.38,109,100.4,36,35,0.972,34.6,5.5,12.2,0.45,1.4,4.1,0.338,5.5,7.5,0.737,2.8,1,3.8,2.8,2.5,0.4,2.8,2.4,17.9,22.1,0.568,0.336,0.614,609,3.4,10.4,6.8,15.7,4.1,1.2,15.2,26,3.4,1.6,5,0.162,3.4,1.6,5,6.4,14.1,1.6,4.8,6.4,8.7,1.2,3.3,4.4,3.2,2.9,0.5,3.3,2.8,20.7,9,19.9,2.3,6.7,9,12.2,1.6,4.6,6.3,4.6,4.1,0.7,4.6,3.9,29.2,111.4,100.5,4,84,3,7.2,0.7,2.1,0.347,0.2,0.7,0.306,0.5,1.3,0.369,0.402,0.7,1,0.674,0.1,0.6,0.7,0.5,0.3,0,0.4,0.9,2.3,3.571,1,0.357,0.012,23.356,0,3.4,78.5,1.019,2.442
0,27.1,16.15,Tony Wroten,2012,25,MEM,PHI,1,0.53,93.6,-2.7,89.4,-6.9,3.59,89.7,103.9,-0.7,99.2,-5.4,4.7,0.652,4.2,"PG,SG",0,19.2,78,203,Washington,0,1,0.686,75.6,70.1,10.79,5.27,106.2,98.4,35,27,0.771,30.3,5.7,12.8,0.443,0.3,1.6,0.161,4.4,7.5,0.583,2.7,2.3,5,3.7,1.9,0.4,3.8,2.7,16,20.4,0.488,0.125,0.591,579,8,10.7,9.3,24.5,3.5,1.2,18.7,31.2,1.6,1.6,3.2,0.12,2.5,2.2,4.7,7.5,16.8,0.3,2.1,5.8,9.9,3,3.6,6.6,4.9,2.5,0.5,5,3.5,21.1,10.5,23.8,0.5,3,8.2,14.1,4.3,5.1,9.4,6.9,3.5,0.7,7,5,29.8,98.8,98.7,4,145,34,21.2,4,9.6,0.413,0.6,2.5,0.231,3.4,7.1,0.477,0.443,2.6,3.9,0.647,0.7,1.8,2.5,3,0.9,0.2,2.6,1.8,11.1,23.448,0.974,0.852,0.013,23.948,-1.6,3,81,1.038,2.603
3,44.24,26.75,Miles Plumlee,2012,26,IND,PHO,0,0.5,98.4,2.1,98.6,2.3,0.29,92.6,106.2,1.6,106.5,1.9,-0.3,0.485,-0.2,C,2,23.81,83.75,252,Duke,4,4,0.794,77.3,68.6,17.05,8.4,112.3,99.7,34,16,0.471,20.5,2.6,4.3,0.61,0,0,0,1.4,2.2,0.632,4.2,2.9,7.1,0.5,0.5,0.9,1.2,2.3,6.6,21.8,0.621,0,0.521,247,16.6,24.6,20.6,5.1,1.5,4.2,18.7,16.1,1.9,1.2,3.1,0.177,4.1,2.1,6.2,5.1,8.4,0,0,2.8,4.4,5.7,8.2,13.9,1,1,1.8,2.4,4.5,13,7.5,12.3,0,0,4,6.4,8.3,12,20.3,1.5,1.5,2.7,3.5,6.5,19,121.1,96.4,7,346,168,16.4,2.2,4,0.542,0,0,0,2.2,4,0.542,0.542,0.6,1.1,0.543,1.6,2.9,4.5,0.5,0.4,0.7,0.9,1.6,4.9,48.555,0.417,0.69,0.044,25.656,1.3,2.8,84.75,1.012,3.009
0,6.56,3.44,Arnett Moultrie,2012,27,MIA,PHI,1,0.53,93.6,-2.7,89.4,-6.9,3.59,89.7,103.9,-0.7,99.2,-5.4,4.7,0.652,4.2,"PF,C",0,21.6,82.75,233,Mississippi State,0,4,0.636,72,67.8,9.13,4.86,107.6,101.2,30,30,1,35.8,6,10.9,0.549,0.3,0.6,0.444,4.1,5.3,0.78,6.8,3.7,10.5,1.2,0.8,0.8,2.4,2.2,16.4,25.2,0.61,0.055,0.485,479,12.2,23.5,17.7,7,1.4,2.1,15.3,23.3,3.6,1.4,5,0.186,4.8,0.4,5.2,6.7,12.2,0.3,0.7,4.6,5.9,4.1,7.6,11.7,1.3,0.9,0.9,2.7,2.5,18.3,10.3,18.7,0.5,1,7.1,9.1,6.3,11.6,17.9,2,1.4,1.3,4.2,3.8,28,118.3,100.4,2,59,2,12.4,1.6,2.9,0.547,0,0,0,1.6,2.9,0.547,0.547,0.4,0.6,0.667,1.5,1.6,3.1,0.2,0.4,0.2,0.4,1.1,3.6,3.39,0.5,0.544,0.022,25.157,-1.6,1.8,86.25,1.042,2.816
0,15.22,8.8,Perry Jones,2012,28,OKC,OKC,4,0.712,103.1,6.8,96.9,0.6,6.44,93,109.8,5.2,103.2,-1.4,6.5,0.697,6.2,"PF,C",0,20.75,83.25,234,Baylor,3,2,0.789,74.7,65.3,16.54,8.03,111,97.1,33,33,1,30.7,5.5,11,0.5,0.3,1,0.303,2.2,3.1,0.696,4.9,2.7,7.6,1.3,0.8,0.6,1.7,2.3,13.5,21.2,0.539,0.091,0.28,421,11,19.8,15.4,8.7,1.6,2.1,12,23.3,2.7,1.6,4.2,0.167,3.7,1.5,5.2,7.2,14.4,0.4,1.3,2.8,4,3.5,6.4,10,1.7,1.1,0.8,2.2,3,17.6,10.7,21.4,0.6,1.9,4.2,6,5.2,9.6,14.8,2.5,1.6,1.2,3.3,4.5,26.2,113.4,98,3,143,21,11.7,1.4,3.2,0.42,0.3,0.9,0.293,1.1,2.4,0.466,0.459,0.4,0.7,0.66,0.3,1.4,1.8,0.4,0.3,0.2,0.4,0.9,3.4,14.685,0.765,0.551,0.02,23.809,1.7,1.9,85.75,1.03,2.811
0,5.64,2.87,Marquis Teague,2012,29,CHI,CHI,0,0.758,96.3,0,88.2,-8.1,7.43,89.1,107.4,2.8,98.3,-6.3,9.1,0.773,8.1,"SG,PG",1,19.32,74,180,Kentucky,4,1,0.95,77.4,60.6,24.73,7.93,116.5,91.2,40,40,1,32.6,3.6,8.8,0.412,0.7,2,0.325,2.1,3,0.714,2.1,0.4,2.5,4.8,0.9,0.3,2.7,2.3,10,13.2,0.491,0.227,0.338,457,1.6,7.1,4.5,25.6,1.7,0.8,21.1,20.2,1.7,1.8,3.5,0.108,0.8,1.4,2.3,4.5,10.8,0.8,2.5,2.6,3.7,0.5,2.6,3.1,5.9,1.1,0.3,3.3,2.8,12.3,6.7,16.3,1.2,3.7,3.9,5.5,0.8,3.9,4.7,8.8,1.7,0.5,5,4.2,18.6,101.7,99.5,3,91,3,10,0.9,2.7,0.343,0.1,0.5,0.222,0.8,2.2,0.369,0.363,0.4,0.6,0.661,0.1,0.9,1,1.5,0.3,0.1,0.8,1.1,2.4,3.297,1.778,0.19,0.009,24.049,-2.2,1.4,79.25,1.071,2.432
0,33.55,20.14,Festus Ezeli,2012,30,GSW,GSW,4,0.348,97.8,1.5,101.2,4.9,-2.79,92.3,105.4,0.8,109.1,4.5,-3.7,0.379,-3.4,C,0,22.68,83.5,264,Vanderbilt,0,4,0.694,72.6,65,15.71,8.04,109.7,98.1,26,22,0.846,23.2,3.4,6.3,0.539,0,0,0,3.2,5.3,0.604,3.5,2.4,5.9,0.3,0.4,2,2.2,3.2,10.1,21,0.567,0,0.842,254,13,19.2,16.1,2.9,1.1,9,20.1,25.2,1.1,1,2.1,0.14,0.4,3.3,3.7,5.9,10.9,0,0,5.6,9.2,4.1,6.1,10.2,0.5,0.7,3.4,3.8,5.4,17.4,9,16.7,0,0,8.5,14.1,6.3,9.3,15.6,0.8,1.1,5.3,5.9,8.3,26.5,103.4,96.1,3,170,61,14.1,1.6,3.2,0.513,0,0,0,1.6,3.2,0.513,0.513,1,1.7,0.557,1.7,2.5,4.3,0.4,0.3,1,0.8,1.9,4.2,35.882,0.136,0.686,0.086,25.831,1,4.1,89.75,1.075,3.162
0,35.48,21.33,Jeff Taylor,2012,31,CHA,CHA,0,0.106,87,-9.3,100.9,4.6,-13.96,91.1,95.2,-9.4,110.4,5.8,-15.2,0.106,-13.9,SF,1,23.09,79.25,213,Vanderbilt,0,4,0.694,72.6,65,15.71,8.04,109.7,98.1,36,36,1,32.1,5.8,11.8,0.493,1.8,4.3,0.423,2.6,4.4,0.605,3.4,2.1,5.6,1.7,1.3,0.4,2.2,1.9,16.1,23.7,0.58,0.366,0.369,546,8.4,13.3,10.9,12.6,2.4,1.4,13.6,26.4,3.6,1.6,5.2,0.18,6.2,1.8,8,7.3,14.7,2.3,5.4,3.3,5.4,2.7,4.3,6.9,2.1,1.6,0.6,2.7,2.3,20.1,11.1,22.5,3.5,8.2,5,8.3,4.1,6.5,10.6,3.3,2.4,0.8,4.2,3.5,30.7,114.4,99.8,3,132,50,19.4,2.3,5.5,0.409,0.6,1.9,0.319,1.6,3.6,0.458,0.465,1,1.4,0.665,0.6,1.4,2,0.8,0.5,0.2,0.7,1.8,6.1,37.879,0.773,0.618,0.012,25.247,-0.2,2.2,78.25,0.987,2.688
0,14.25,8.2,Bernard James,2012,33,CLE,DAL,3,0.545,95.8,-0.5,94.8,-1.5,1.78,91.4,103.3,-1.3,102.3,-2.3,1,0.53,1,C,0,27.38,82,230,Florida State,1,2,0.714,69.8,62.9,14.53,7.62,102.2,92.1,35,35,1,28,4.5,7.4,0.606,0,0,0,1.8,3.3,0.552,5,3.1,8.1,0.5,0.7,2.3,2.1,1.9,10.8,23.3,0.602,0,0.448,359,13.6,21.4,17.6,3.6,1.6,9.5,18.9,20,2,2.3,4.3,0.176,3.6,4,7.6,6.4,10.6,0,0,2.6,4.7,4.4,7.2,11.6,0.7,1.1,3.4,3,2.8,15.4,9.5,15.7,0,0,3.9,7,6.5,10.7,17.1,1,1.6,5,4.4,4.1,22.9,109.8,89.1,3,92,13,8.3,0.8,1.7,0.497,0,0,0,0.8,1.6,0.507,0.497,0.6,0.8,0.68,0.9,1.4,2.3,0.1,0.2,0.7,0.4,1.1,2.2,14.13,0.238,0.62,0.082,24.963,0.1,4.5,87,1.061,2.805
3,50.78,30.8,Jae Crowder,2012,34,CLE,DAL,3,0.545,95.8,-0.5,94.8,-1.5,1.78,91.4,103.3,-1.3,102.3,-2.3,1,0.53,1,"SF,PF",1,21.97,78.5,241,Marquette,2,2,0.771,75.4,65.9,16.92,7.5,106.6,93.3,35,35,1,32.9,6.2,12.5,0.498,1.7,5.1,0.345,3.4,4.6,0.735,6.4,2,8.4,2.1,2.5,1,1.3,2.7,17.5,28.8,0.598,0.406,0.372,551,7,22.6,14.7,13.5,4.3,3.1,7.9,23.4,4.5,3.1,7.6,0.263,8.4,5.4,13.8,7.5,15.1,2.1,6.1,4.1,5.6,2.4,7.8,10.2,2.5,3.1,1.2,1.5,3.2,21.3,10.6,21.4,3,8.7,5.8,7.9,3.4,11,14.4,3.6,4.3,1.7,2.2,4.6,30.1,125.7,85.9,13,812,436,24.8,3.2,7.6,0.418,1.5,4.4,0.347,1.7,3.3,0.513,0.518,1.4,1.7,0.777,0.7,3.5,4.2,1.6,1,0.3,0.8,2,9.3,53.695,1.615,0.312,0.03,27.038,0.1,4.3,81.25,1.035,3.07
7,75.85,46.31,Draymond Green,2012,35,GSW,GSW,4,0.348,97.8,1.5,101.2,4.9,-2.79,92.3,105.4,0.8,109.1,4.5,-3.7,0.379,-3.4,"PF,C",0,22.31,79.5,236,Michigan State,3,4,0.784,71.6,59.3,21.32,9.81,109.7,90.9,37,36,0.973,33.2,5.7,12.8,0.449,1.4,3.6,0.388,3.4,4.7,0.723,8.5,2.1,10.6,3.8,1.5,0.9,3,2.8,16.2,26.1,0.542,0.284,0.367,610,8.2,30.7,19.8,24.2,2.7,3.3,16.8,28.2,3.5,3.6,7.1,0.23,6.5,5.6,12.1,6.9,15.4,1.7,4.4,4.1,5.6,2.6,10.3,12.8,4.6,1.8,1.1,3.6,3.4,19.6,10.6,23.6,2.6,6.7,6.3,8.7,4,15.8,19.7,7.1,2.7,1.8,5.6,5.3,30.1,109.6,83.6,13,881,726,28.7,3.2,7.1,0.449,0.8,2.6,0.32,2.4,4.5,0.525,0.508,1.4,2,0.71,1.1,5.8,6.9,5.6,1.3,1,2.3,2.9,8.7,82.406,1.267,0.247,0.027,25.742,1,2.9,85.25,1.072,2.969
0,4.12,1.93,Orlando Johnson,2012,36,SAC,IND,3,0.636,97.7,1.4,94.4,-1.9,2.6,90.7,106.7,2.1,103.1,-1.5,3.6,0.621,3.3,SG,0,23.29,77.25,224,UC Santa Barbara,0,5,0.645,73,66.4,4,-1.38,111.2,101.2,31,31,1,34.4,6.7,14.8,0.451,2.3,5.3,0.427,4.1,5.9,0.698,4.1,1.7,5.8,2.9,1.1,0.7,2.5,1.8,19.7,26,0.56,0.357,0.397,569,5.8,13.8,9.9,19,2,2.4,12.2,30.5,4,1.2,5.2,0.194,6.5,-0.2,6.3,7.8,17.2,2.6,6.1,4.8,6.8,1.9,4.8,6.7,3.4,1.3,0.9,2.8,2.1,22.9,12,26.6,4.1,9.5,7.4,10.6,3,7.4,10.4,5.3,2,1.3,4.4,3.3,35.5,115.5,102.6,3,103,1,10.8,1.1,3.2,0.358,0.5,1.5,0.311,0.7,1.7,0.398,0.43,0.5,0.6,0.727,0.3,1.4,1.7,0.7,0.2,0.1,0.5,0.8,3.2,0.971,1.16,0.415,0.02,23.948,-0.6,2.2,83.25,1.078,2.9
0,19.09,11.19,Quincy Acy,2012,37,TOR,SAC,0,0.333,98.8,2.5,104.4,8.1,-4.95,94.7,103.8,-0.8,109.8,5.2,-6,0.318,-5.6,"PF,SF",0,21.72,79.75,224,Baylor,3,4,0.789,74.7,65.3,16.54,8.03,111,97.1,38,38,1,29.7,4.2,7.2,0.577,0.1,0.1,0.6,3.6,4.6,0.782,4.8,2.6,7.4,1,0.9,1.8,1.9,3.1,12,23.5,0.638,0.018,0.635,436,10.9,20,15.5,6.5,1.8,6.6,16.6,19,3.5,2,5.6,0.198,3.4,3.4,6.9,5.6,9.7,0.1,0.2,4.8,6.2,3.5,6.5,10,1.3,1.2,2.5,2.5,4.1,16.1,8.3,14.5,0.2,0.3,7.2,9.2,5.2,9.7,14.9,2,1.8,3.7,3.7,6.2,24,123.1,95.3,7,337,60,16,1.7,3.9,0.444,0.5,1.6,0.35,1.2,2.3,0.506,0.513,0.9,1.1,0.759,0.9,2.6,3.5,0.6,0.4,0.4,0.6,2,4.9,17.804,0.526,0.542,0.061,26.237,3.4,3.7,86.75,1.088,2.809
0,22.76,13.46,Quincy Miller,2012,38,DEN,DEN,3,0.576,104.1,7.8,101.2,4.9,3.16,94.2,109.2,4.6,106.2,1.6,3,0.591,2.9,"SF,PF",0,19.6,82,219,Baylor,3,1,0.789,74.7,65.3,16.54,8.03,111,97.1,37,35,0.946,24.4,3.7,8.4,0.447,0.6,1.9,0.348,2.5,3.1,0.816,3.5,1.5,4.9,1.4,0.7,0.6,1.8,1.9,10.6,19.4,0.541,0.223,0.369,377,7.5,17.5,12.5,11.6,1.7,2.9,15.4,23.9,2.1,1.3,3.5,0.153,3.4,1.9,5.3,6.1,13.7,1.1,3.1,4.1,5,2.4,5.7,8.1,2.3,1.1,1.1,2.9,3.1,17.4,9.1,20.4,1.6,4.6,6.1,7.5,3.6,8.5,12,3.5,1.7,1.6,4.4,4.6,25.9,110.1,98.8,3,69,16,13.5,1.6,4.4,0.35,0.5,1.6,0.292,1.1,2.8,0.383,0.404,0.7,1,0.706,0.6,1.9,2.4,0.5,0.4,0.5,0.8,1.2,4.3,23.188,0.778,0.429,0.025,22.387,2.9,2.2,85.25,1.04,2.671
7,81.77,49.97,Khris Middleton,2012,39,DET,MIL,3,0.47,99,2.7,98.7,2.4,-0.23,93.7,105.5,0.9,105.2,0.6,0.3,0.515,0.3,"SF,SG",1,20.87,80.25,216,Texas A&M,0,3,0.438,61.1,61.5,5.57,6.54,96.2,96.8,20,17,0.85,28.8,5.1,12.3,0.415,1,3.9,0.26,2,2.6,0.75,3.7,1.3,5,2.3,1,0.3,2.2,1.9,13.2,18.9,0.486,0.313,0.211,251,5.4,17.1,11,20,2.1,1,13.7,29.7,0.7,0.9,1.6,0.114,4.3,1.9,6.2,7.1,17.1,1.4,5.4,2.7,3.6,1.8,5.1,6.9,3.1,1.3,0.3,3,2.6,18.3,11.2,27,2.2,8.5,4.3,5.7,2.9,8,10.9,4.9,2.1,0.5,4.7,4.1,28.9,98,97.6,13,776,671,30.7,6,13.1,0.46,1.8,4.7,0.387,4.2,8.4,0.501,0.529,2.7,3.1,0.878,0.6,4.1,4.8,4,1.2,0.2,2.1,2.5,16.6,86.469,1.045,0.351,0.01,24.257,2.4,1.6,82.75,1.031,2.692
3,42.67,25.78,Will Barton,2012,40,POR,POR,1,0.424,97.2,0.9,97.8,1.5,-0.21,91.2,105.7,1.1,106.4,1.8,-0.7,0.485,-0.6,SG,0,21.47,78,174,Memphis,1,2,0.743,74.7,63.1,16.86,5.26,110,93,35,34,0.971,35.3,6.6,12.9,0.509,1.1,3.1,0.346,3.8,5.1,0.749,6,2,8,2.9,1.4,0.7,2.1,2.1,18,26.6,0.587,0.237,0.396,617,7.6,20.2,14.2,17.4,2.4,2.1,12.3,25.8,4.6,2.6,7.2,0.232,6.9,2.8,9.8,7.4,14.6,1.2,3.5,4.3,5.8,2.3,6.8,9,3.3,1.6,0.8,2.4,2.4,20.4,11.1,21.8,1.8,5.2,6.5,8.6,3.4,10.1,13.4,4.9,2.4,1.2,3.6,3.6,30.4,119.3,92.3,11,679,286,25.2,4.2,9.7,0.43,1.3,3.7,0.355,2.8,6,0.477,0.498,1.6,2,0.787,0.7,3.4,4.1,2.7,0.7,0.4,1.4,1.5,11.2,42.121,1.381,0.333,0.02,20.151,-0.1,2.4,81.75,1.048,2.231
0,6.83,3.61,Tyshawn Taylor,2012,41,POR,BRK,0,0.333,93.1,-3.2,99.1,2.8,-6.37,90.1,102.9,-1.7,109.6,5,-6.6,0.288,-6,PG,0,22.2,76,177,Kansas,4,4,0.821,73.5,61.7,21.72,9.93,108.8,91.4,39,38,0.974,33.4,5.8,12.2,0.477,1.5,3.9,0.382,3.5,5.1,0.688,2.1,0.2,2.3,4.8,1.3,0.2,3.5,2,16.6,19.8,0.569,0.321,0.42,635,0.7,7.5,4.2,29.7,2.4,0.5,19.5,27.5,3.1,2.1,5.2,0.159,5,2.2,7.2,6.9,14.6,1.8,4.7,4.2,6.1,0.2,2.5,2.8,5.7,1.6,0.2,4.2,2.4,19.9,10.3,21.6,2.6,6.9,6.2,9.1,0.4,3.8,4.1,8.5,2.4,0.3,6.3,3.5,29.5,106.9,97.7,2,61,3,8,1,2.9,0.354,0.1,0.4,0.36,0.9,2.5,0.353,0.379,0.6,0.9,0.684,0.1,0.5,0.5,0.9,0.4,0,0.9,0.9,2.9,4.918,1.371,0.095,0.006,22.992,-1.2,1.8,78.25,1.03,2.329
0,3.28,1.41,Doron Lamb,2012,42,MIL,ORL,3,0.561,94.2,-2.1,93.4,-2.9,0.46,89,105,0.4,104.1,-0.5,0.9,0.53,0.8,SG,0,20.64,76.75,199,Kentucky,4,2,0.95,77.4,60.6,24.73,7.93,116.5,91.2,40,35,0.875,31.2,4.4,9.2,0.474,1.9,4.1,0.466,3.1,3.7,0.826,2.3,0.4,2.7,1.5,0.5,0.1,1.1,1.8,13.7,19.2,0.624,0.442,0.404,482,1.5,8.2,5.1,8.8,0.9,0.2,9.1,19.7,4.6,1.6,6.2,0.197,5.3,1.9,7.3,5.6,11.8,2.4,5.2,3.9,4.8,0.5,3,3.5,1.9,0.6,0.1,1.4,2.3,17.6,8.4,17.8,3.7,7.9,5.9,7.2,0.7,4.5,5.2,2.9,0.9,0.1,2.1,3.5,26.5,131.1,101,2,100,0,12.7,1.2,3.2,0.381,0.5,1.3,0.394,0.7,2,0.372,0.458,0.5,0.7,0.7,0.2,0.8,1,0.8,0.2,0,0.5,1.1,3.5,0,1.364,0.174,0.003,25.504,-2.3,0.7,78.75,1.026,2.593
3,10.49,5.87,Mike Scott,2012,43,ATL,ATL,3,0.606,96.6,0.3,93.2,-3.1,2.67,90.2,104.9,0.3,101.2,-3.4,3.7,0.621,3.4,"SF,PF",0,23.94,80.75,241,Virginia,2,5,0.688,62.5,54.2,12.51,4.23,101.9,88.4,32,32,1,31.2,6.7,11.9,0.563,0.2,0.6,0.3,4.3,5.4,0.808,6.1,2.2,8.3,1.2,0.7,0.5,2.1,1.8,18,30.7,0.62,0.052,0.45,522,9.7,26.2,18,10.7,1.4,1.8,12.6,30.9,4.2,2.6,6.8,0.27,7.7,2.6,10.4,8.6,15.3,0.2,0.8,5.6,6.9,2.8,7.8,10.6,1.5,0.8,0.6,2.7,2.2,23,14.1,25,0.4,1.3,9.1,11.3,4.6,12.8,17.4,2.4,1.4,1,4.4,3.7,37.7,118.4,87.4,9,555,34,16.5,2.6,5.7,0.453,0.9,2.5,0.362,1.7,3.2,0.521,0.531,0.7,0.9,0.757,0.7,2.4,3.1,0.9,0.3,0.1,0.6,1.5,6.7,6.126,0.571,0.361,0.016,25.965,-1.1,1.4,82.75,1.025,2.985
0,2.89,1.17,Kim English,2012,44,DET,DET,1,0.379,90.9,-5.4,95.7,-0.6,-5.18,89.2,101,-3.6,106.3,1.7,-5.3,0.333,-4.8,SG,0,23.75,77.75,192,Missouri,1,4,0.857,80.4,66.3,19.77,5.68,120.7,99.6,35,35,1,33.6,4.9,9.4,0.521,2.2,4.9,0.459,2.5,3.4,0.725,3.4,0.9,4.2,1.6,1.3,0.3,1.7,2.4,14.5,20.6,0.658,0.518,0.366,446,3.4,13,8.3,8.6,2.3,0.9,13.3,20,3.7,1.3,5,0.171,5.8,1.3,7.1,5.8,11.2,2.7,5.8,3,4.1,1,4,5,1.9,1.5,0.3,2,2.8,17.3,8.8,16.8,4,8.7,4.5,6.2,1.5,6.1,7.6,2.9,2.3,0.5,3,4.3,26,123.7,102.6,1,41,0,9.9,1,2.7,0.375,0.3,1.2,0.28,0.7,1.5,0.452,0.438,0.5,0.7,0.724,0.2,0.7,0.9,0.6,0.4,0.1,0.5,1.1,2.9,0,0.941,0.265,0.009,22.957,-2.1,1.8,78.5,1.01,2.469
7,75.11,45.85,Tyrese Maxey,2020,21,PHI,PHI,1,0.589,110.7,-1.1,108.4,-3.4,2.25,99,111.3,0.7,109,-1.6,2.4,0.575,2.3,"PG,SG",0,19.64,75,198,Kentucky,4,1,0.806,74.4,66.1,15.78,7.46,107.8,95.8,31,28,0.903,34.5,4.8,11.3,0.427,1.1,3.6,0.292,3.2,3.9,0.833,3.9,0.4,4.3,3.2,0.9,0.4,2.2,2.4,14,16.3,0.531,0.322,0.342,424,1.4,12.1,7.3,18.7,1.5,1.3,14.1,22.7,2.1,1.5,3.6,0.134,2.4,2,4.4,5.6,13.1,1.2,4.2,3.7,4.5,0.4,4.5,5,3.7,1,0.4,2.5,2.8,16.2,8.2,19.2,1.8,6.2,5.5,6.6,0.7,6.6,7.3,5.4,1.5,0.7,3.7,4,23.7,107.1,99.6,5,318,245,32,7,15.2,0.461,2.2,5.7,0.381,4.8,9.5,0.51,0.533,3.3,3.8,0.866,0.3,2.6,3,4.4,0.9,0.3,1.4,2,19.5,77.044,1.455,0.103,0.012,24.654,-1.3,1.4,78,1.04,2.64
0,13.19,7.54,Darius Miller,2012,46,NOH,NOH,0,0.318,89.6,-6.7,93.4,-2.9,-3.11,88.3,100.9,-3.7,105.1,0.5,-4.2,0.364,-3.8,SF,0,22.26,79.5,233,Kentucky,4,4,0.95,77.4,60.6,24.73,7.93,116.5,91.2,40,11,0.275,26.1,3.6,7.6,0.474,1.4,3.7,0.376,1.4,1.7,0.797,1.9,0.9,2.8,2.1,0.8,0.3,1.5,2.2,9.9,18.1,0.593,0.493,0.228,384,4.3,7.9,6.2,14.4,1.9,1.2,14.8,19.2,2.9,1.6,4.5,0.173,4.5,3.1,7.5,5.5,11.6,2.1,5.7,2.1,2.6,1.4,2.8,4.2,3.1,1.3,0.5,2.2,3.3,15.2,8.3,17.5,3.2,8.6,3.2,4,2.1,4.3,6.4,4.7,1.9,0.8,3.4,5,23,119.8,98.3,6,271,28,19.8,2,4.8,0.419,1.3,3.3,0.383,0.7,1.5,0.5,0.552,0.6,0.7,0.84,0.2,1.5,1.6,1.4,0.5,0.2,0.6,1.9,5.9,10.332,1.4,0.474,0.011,24.752,-3,1.8,81,1.019,2.931
0,1.53,0.33,Kevin Murphy,2012,47,UTA,UTA,1,0.545,99.7,3.4,99,2.7,0.92,91.4,106.8,2.2,106.1,1.5,0.7,0.515,0.7,SG,0,22.31,78.25,194,Tennessee Technological University,0,4,0.576,71.7,71.4,-3.81,-3.06,103.7,103.3,33,32,0.97,34.5,7.2,16.3,0.444,2.4,5.8,0.416,3.8,5.2,0.721,4.3,0.9,5.2,2.3,0.8,0.2,3.3,2.2,20.6,20.8,0.549,0.353,0.32,608,3.3,16.7,9.8,16.3,1.4,0.7,14.8,32.3,2.7,0.9,3.7,0.128,2.8,-2.2,0.6,8.4,18.9,2.8,6.7,4.4,6,1.1,5,6.1,2.7,1,0.2,3.8,2.5,23.9,12.2,27.5,4,9.7,6.3,8.8,1.5,7.3,8.9,3.9,1.4,0.4,5.5,3.6,34.9,105.6,106,1,17,0,3.1,0.4,1.6,0.25,0.1,0.3,0.2,0.4,1.4,0.261,0.268,0,0,0,0,0.2,0.2,0.1,0.1,0,0.2,0.2,0.9,0,0.697,0.209,0.006,20.544,0.1,1.2,78.75,1.006,2.479
0,16.69,9.71,Kyle O'Quinn,2012,49,ORL,ORL,3,0.561,94.2,-2.1,93.4,-2.9,0.46,89,105,0.4,104.1,-0.5,0.9,0.53,0.8,"C,PF",0,22.25,82,241,Norfolk State,0,4,0.722,68.9,67.1,-3.68,-5.39,99.8,97.1,36,36,1,31.3,5.7,9.9,0.573,0.2,0.9,0.188,4.3,6.2,0.696,7.2,3.2,10.3,1.4,0.7,2.7,2.6,3.3,15.9,28.6,0.616,0.089,0.626,548,12,27.9,19.8,10.9,1.3,9.2,17,24.9,3.7,2.5,6.2,0.219,3.2,1.8,5,7.3,12.7,0.2,1.1,5.5,8,4.1,9.2,13.2,1.8,0.9,3.4,3.4,4.2,20.3,10.7,18.6,0.3,1.7,8.1,11.6,5.9,13.4,19.3,2.7,1.3,5,4.9,6.1,29.7,116.2,91.1,8,472,65,14.2,2.3,4.4,0.517,0.1,0.3,0.218,2.2,4.1,0.539,0.524,0.8,1.1,0.74,1.3,3.3,4.6,1.4,0.4,1,1,2,5.4,13.771,0.538,0.444,0.086,24.963,-2.3,4.3,88.75,1.082,2.939
0,1.7,0.43,Kris Joseph,2012,51,BOS,BOS,4,0.591,91.8,-4.5,89.3,-7,2.26,90.4,101,-3.6,98.2,-6.4,2.8,0.591,2.5,SF,0,23.52,79,215,Syracuse,1,4,0.919,74.1,61,21.12,8.02,113.3,93.3,37,37,1,32.2,4.4,10.5,0.421,1.4,4,0.345,3.2,4.2,0.745,3.2,1.5,4.7,1.5,1.4,0.6,1.5,1.7,13.4,19.7,0.534,0.379,0.403,462,5.5,11.6,8.6,8.7,2.6,2.2,10.6,22.5,3,2,5,0.168,4.4,2.2,6.6,5.5,13.1,1.7,5,3.9,5.3,1.9,4,5.8,1.9,1.7,0.8,1.8,2.1,16.6,8.4,20.1,2.6,7.6,6,8.1,2.9,6.1,9,2.9,2.6,1.2,2.8,3.2,25.5,113.7,96.7,1,10,0,5.4,0.2,1.4,0.143,0,0.3,0,0.2,1.1,0.182,0.143,0.5,0.8,0.625,0.1,0.6,0.7,0.1,0.3,0,0.2,0.3,0.9,0,1,0.469,0.019,23.514,-0.9,2.5,83,1.051,2.722
0,1.39,0.24,Darius Johnson-Odom,2012,55,DAL,LAL,2,0.621,97.3,1,95.9,-0.4,1.96,90.5,106,1.4,104.4,-0.2,1.6,0.545,1.4,SG,0,22.74,75,212,Marquette,2,3,0.771,75.4,65.9,16.92,7.5,106.6,93.3,34,33,0.971,32.9,6.2,13.8,0.447,2.3,5.9,0.385,3.7,4.9,0.764,2.9,0.6,3.5,2.7,0.9,0.1,2.4,2,18.3,20.1,0.568,0.426,0.351,551,2.3,10.1,6.1,17.7,1.6,0.4,12.7,27.2,3.1,1.5,4.7,0.167,5.3,1.5,6.8,7.5,16.8,2.8,7.1,4.5,5.9,0.8,3.5,4.3,3.3,1.1,0.1,2.9,2.4,22.3,10.6,23.7,3.9,10.1,6.4,8.3,1.1,4.9,6,4.7,1.6,0.2,4,3.4,31.5,111.9,99.9,2,7,0,3,0,1.6,0,0,0.6,0,0,1,0,0,0,0.3,0,0.1,0.7,0.9,0.3,0.1,0,0.3,0.4,0,0,1.125,0.207,0.003,27.445,-0.8,1.2,79,1.053,2.827
0,11.34,6.4,Robbie Hummel,2012,58,MIN,MIN,2,0.394,97.9,1.6,100.1,3.8,-1.83,93.3,104.3,-0.3,106.6,2,-2.3,0.424,-2.2,SF,0,23.3,80.5,218,Purdue,2,5,0.629,71.8,66,13.88,8.05,111.3,102.2,35,35,1,32.2,5.5,13.3,0.417,2.1,5.4,0.383,3.2,3.9,0.825,5.6,1.6,7.2,1.9,0.7,1.2,0.9,2.1,16.4,25.7,0.54,0.404,0.295,533,5.5,24.3,14,12.6,1.3,4.2,5.7,26.3,4.2,1.4,5.6,0.197,7.8,1.6,9.4,6.9,16.5,2.6,6.7,4,4.9,2,7,8.9,2.3,0.8,1.5,1.1,2.6,20.3,10.7,25.5,4,10.3,6.2,7.5,3,10.8,13.8,3.6,1.3,2.3,1.8,4,31.5,120.1,101.6,2,98,9,14.3,1.5,3.6,0.418,0.5,1.4,0.343,1,2.1,0.469,0.487,0.4,0.5,0.867,0.7,2,2.7,0.5,0.3,0.1,0.3,1.5,3.9,9.184,2.111,0.286,0.037,23.539,2,2.3,80.5,1,2.708
0,1,0,Marcus Denmon,2012,59,SAS,SAS,4,0.758,103.7,7.4,96.5,0.2,7.28,92.9,110.9,6.3,103.2,-1.4,7.7,0.727,7.2,SG,1,22.27,75.25,188,Missouri,1,4,0.857,80.4,66.3,19.77,5.68,120.7,99.6,35,35,1,34.6,5.7,12.4,0.46,2.8,6.9,0.407,3.4,3.8,0.896,4,1,5,2.1,1.5,0,1.2,1,17.7,25.6,0.621,0.559,0.308,561,3.9,15.1,9.6,11.5,2.7,0.1,7.6,23.6,5.2,1.5,6.7,0.221,8.7,1.3,10,6.6,14.4,3.3,8,4,4.4,1.2,4.7,5.8,2.4,1.8,0,1.4,1.1,20.4,9.9,21.6,4.9,12.1,6,6.7,1.7,7,8.8,3.7,2.7,0,2,1.7,30.8,129.7,101.5,0,0,0,0,0,0,0,0,0,0,0,0,0,0,0,0,0,0,0,0,0,0,0,0,0,0,0,1.75,0.25,0,22.992,1.6,1.8,77,1.023,2.498
7,96.15,58.87,Ja Morant,2019,2,MEM,MEM,3,0.402,103.5,-7.7,106.1,-5.1,-2.08,96.6,106.1,-4.3,108.8,-1.6,-2.7,0.415,-2.6,PG,0,19.87,75,170,Murray State,0,2,0.848,82.6,68.3,8.96,-3.11,115,95.1,33,33,1,36.6,8,16.1,0.499,1.7,4.8,0.363,6.7,8.2,0.813,4.5,1.2,5.7,10,1.8,0.8,5.2,1.5,24.5,31.6,0.612,0.296,0.512,913,3.9,12.7,8.6,51.8,2.7,2.3,20.5,33.3,5.8,2.4,8.2,0.273,8.3,1.7,10,8.8,17.6,1.9,5.2,7.3,9,1.3,4.9,6.2,11,1.9,0.9,5.6,1.6,26.8,12.2,24.5,2.6,7.2,10.2,12.5,1.8,6.8,8.7,15.3,2.7,1.2,7.8,2.2,37.3,119.3,95.8,6,307,305,31.9,8.2,17.4,0.469,1.4,4.3,0.316,6.8,13.1,0.519,0.508,4.9,6.4,0.766,0.9,3.8,4.7,7.4,1,0.3,3.4,1.7,22.6,99.349,1.923,0.267,0.022,21.884,-3.4,2.8,79,1.053,2.267
3,57.65,35.05,Reggie Jackson,2011,24,OKC,OKC,4,0.671,104.8,5.2,101,1.4,3.81,92.7,111.2,3.9,107.2,-0.1,4,0.622,3.8,"PG,SG",0,21.19,75,208,Boston College,0,3,0.618,71.8,69.3,9.78,7.31,111.9,108,34,32,0.941,34.1,6.4,12.8,0.503,2.1,5,0.42,3.2,4,0.796,3.3,1,4.3,4.5,1.1,0.5,2.4,1.7,18.2,26.9,0.618,0.389,0.315,609,3.9,11.3,7.8,29.7,1.9,1.7,13.9,27.2,5,0.6,5.6,0.193,8.9,0.9,9.8,7.5,15,2.4,5.8,3.8,4.7,1.2,3.8,5,5.2,1.2,0.6,2.8,2,21.3,11.8,23.4,3.8,9.1,5.9,7.4,1.9,6,7.8,8.2,1.9,1,4.4,3.1,33.2,122.8,109.8,14,884,530,24.7,4.6,10.9,0.423,1.3,3.8,0.345,3.3,7,0.466,0.484,1.8,2.1,0.854,0.5,2.3,2.8,4.1,0.7,0.1,1.8,1.9,12.3,59.955,1.875,0.303,0.015,26.039,0.6,1.8,84,1.12,2.773
7,75.58,46.14,Victor Oladipo,2013,2,ORL,ORL,3,0.244,94.1,-4,101.1,3,-7.12,92.2,101.6,-4.2,109.1,3.3,-7.5,0.268,-7,"SG,PG",0,21.14,76.25,213,Indiana,2,3,0.806,78.6,62.1,24.92,8.39,116.3,91.9,36,36,1,28.4,5.1,8.4,0.599,0.8,1.9,0.441,2.7,3.6,0.746,3.7,2.6,6.3,2.1,2.2,0.8,2.3,2.5,13.6,28.9,0.671,0.224,0.428,478,11.8,15.1,13.5,15.2,4.6,2.8,18.5,22.2,4.2,2.6,6.7,0.264,8.9,6.2,15.1,7.1,11.9,1.2,2.7,3.8,5.1,3.6,5.2,8.9,2.9,3.1,1.1,3.3,3.5,19.2,10.6,17.7,1.8,4,5.7,7.6,5.4,7.8,13.3,4.3,4.6,1.6,4.8,5.2,28.7,125.7,87.3,10,504,397,32.2,6.2,14.2,0.436,1.6,4.7,0.347,4.6,9.5,0.48,0.493,2.9,3.7,0.788,0.6,3.9,4.5,3.9,1.6,0.5,2.5,2.4,16.9,78.77,0.913,0.703,0.028,25.25,0.2,4.2,81.25,1.066,2.793
3,56.99,34.64,Otto Porter Jr.,2013,3,WAS,WAS,0,0.354,93.2,-4.9,95.8,-2.3,-2.78,92.2,100.2,-5.6,103,-2.8,-2.7,0.402,-2.6,"SF,PF",0,20.06,80.5,198,Georgetown,0,2,0.781,64.7,56.4,15.86,7.61,102,89,31,30,0.968,35.4,5.4,11.3,0.48,1.4,3.3,0.422,3.9,5.1,0.777,5.7,1.8,7.5,2.7,1.8,0.9,1.5,2,16.2,27.3,0.59,0.291,0.449,477,6.7,20.9,13.9,18.5,3.3,3,10,24.1,4.2,3,7.1,0.26,8.2,5.4,13.7,6.1,12.8,1.6,3.7,4.4,5.7,2,6.5,8.5,3.1,2.1,1,1.7,2.2,18.3,9.8,20.4,2.5,6,7.1,9.2,3.2,10.3,13.5,4.9,3.3,1.6,2.7,3.6,29.3,122.3,85.3,11,527,319,25.4,4,8.3,0.477,1.3,3.3,0.397,2.7,5,0.529,0.555,1.1,1.3,0.797,1.1,3.8,4.9,1.5,1.1,0.4,0.8,1.7,10.3,60.531,1.8,0.316,0.025,22.325,0.2,3.1,85.5,1.062,2.46
3,47.36,28.68,Cody Zeller,2013,4,CHA,CHO,0,0.256,93.4,-4.7,102.7,4.6,-9.29,91.5,101.5,-4.3,111.5,5.7,-10,0.207,-9.3,C,3,20.72,84.25,230,Indiana,2,2,0.806,78.6,62.1,24.92,8.39,116.3,91.9,36,36,1,29.5,5.5,9.8,0.564,0,0.1,0,5.4,7.2,0.757,5.2,2.8,8,1.3,1,1.3,2.3,2.2,16.5,29.8,0.624,0.006,0.734,567,12.3,20.4,16.6,9.5,2.1,4.4,14.5,26.5,4.8,2.5,7.3,0.274,7.2,3.8,11.1,7.5,13.3,0,0.1,7.4,9.8,3.8,7.1,10.9,1.8,1.4,1.7,3.1,3,22.4,11.2,19.8,0,0.1,11,14.5,5.7,10.6,16.2,2.6,2.1,2.5,4.5,4.5,33.3,124.5,89.5,11,552,275,20.9,3,5.7,0.52,0.1,0.3,0.22,2.9,5.5,0.535,0.525,1.9,2.6,0.727,1.9,3.7,5.7,1.3,0.6,0.6,1,2.5,7.9,49.819,0.565,0.538,0.044,23.805,-0.5,3.1,82.75,0.982,2.73
3,34.83,20.93,Alex Len,2013,5,PHO,PHO,0,0.305,95.2,-2.9,101.6,3.5,-5.75,93.4,101.2,-4.6,108.1,2.3,-6.9,0.28,-6.4,C,0,20.02,85,225,Maryland,1,2,0.658,70.7,64,11.39,4.68,104.8,94.8,38,37,0.974,26.4,4.6,8.5,0.534,0,0.2,0.125,2.8,4,0.686,5,2.9,7.8,1,0.2,2.1,1.6,2.7,11.9,24.5,0.57,0.025,0.472,434,13.2,21,17.2,7.8,0.5,8,13.1,22.8,3,2,5,0.2,3.6,3.2,6.8,6.9,12.9,0,0.3,4.2,6.1,4.3,7.5,11.9,1.5,0.3,3.1,2.4,4,18,10.2,19.2,0.1,0.5,6.2,9.1,6.5,11.2,17.6,2.2,0.5,4.6,3.6,6,26.8,116.2,93.1,12,690,244,17,2.6,5.1,0.51,0.2,0.5,0.322,2.4,4.6,0.531,0.526,1.4,2,0.678,1.7,3.5,5.3,0.9,0.4,0.9,1.1,2.3,6.7,35.362,0.625,0.58,0.08,21.862,1.4,3.4,87.5,1.029,2.647
3,45.37,27.45,Nerlens Noel,2013,6,NOH,PHI,1,0.415,93.2,-4.9,96.5,-1.6,-3.51,91,102,-3.8,105.7,-0.1,-3.7,0.378,-3.3,"C,PF",0,19.21,83.75,206,Kentucky,4,1,0.636,72.6,64.5,13.96,5.81,107.9,95.8,24,24,1,31.9,4.1,6.9,0.59,0,0,0,2.3,4.3,0.529,6.8,2.7,9.5,1.6,2.1,4.4,1.9,2.6,10.5,27.3,0.583,0,0.627,257,10.4,23.9,17.4,9.5,3.9,13.2,17.3,17.4,1.6,2.3,3.9,0.206,4.3,7.8,12.1,5.1,8.7,0,0,2.9,5.4,3.4,8.5,11.9,2,2.6,5.5,2.4,3.2,13.1,7.7,13,0,0,4.3,8.1,5.1,12.7,17.8,3,3.9,8.3,3.5,4.9,19.6,112.9,82.3,9,467,223,22,2.9,5.4,0.546,0,0,0.2,2.9,5.4,0.548,0.547,1.3,1.9,0.655,1.9,4.1,6.1,1.1,1.3,1.5,1.3,2.6,7.1,47.752,0.842,0.397,0.138,23.807,-1,8.1,87.75,1.048,2.46
3,45.38,27.46,Ben McLemore,2013,7,SAC,SAC,0,0.341,100.2,2.1,105.1,7,-4.26,93.6,106.2,0.4,111.4,5.6,-5.2,0.341,-4.9,SG,0,20.37,76.75,189,Kansas,4,1,0.838,75.2,61.9,20.79,7.54,109.1,89.9,37,36,0.973,32.2,5.4,10.8,0.495,2,4.7,0.42,3.2,3.7,0.87,3.9,1.3,5.2,2,1,0.7,2.1,1.9,15.9,23.2,0.633,0.435,0.345,530,5,13.2,9.4,12.6,1.8,2.2,14.2,23.2,4.2,2.3,6.5,0.217,7.2,3.4,10.5,6.6,13.4,2.5,5.8,4,4.6,1.6,4.9,6.4,2.5,1.2,0.8,2.6,2.3,19.8,9.8,19.8,3.6,8.6,5.9,6.8,2.3,7.2,9.5,3.6,1.8,1.2,3.8,3.4,29.2,121.4,93.7,9,556,268,22.5,3.2,7.7,0.414,1.6,4.3,0.363,1.6,3.4,0.479,0.516,1.1,1.4,0.78,0.4,1.9,2.3,1,0.6,0.2,1.1,2.1,9,48.201,0.952,0.333,0.022,22.907,1.6,2,79.75,1.039,2.463
5,76.22,46.54,Kentavious Caldwell-Pope,2013,8,DET,DET,1,0.354,94.9,-3.2,98.8,0.7,-4.33,90.8,103.8,-2,108.1,2.3,-4.4,0.354,-3.9,SG,0,20.35,77.5,204,Georgia,1,2,0.469,60.8,61.6,5.39,6.17,95.9,97.1,32,30,0.938,33.9,5.8,13.4,0.433,2.6,7,0.373,4.2,5.3,0.799,5.9,1.2,7.1,1.8,2,0.5,2,2.2,18.5,27.7,0.579,0.523,0.393,521,4.3,21.3,12.9,16.8,3.8,1.9,11.1,29.2,3.9,2.4,6.2,0.23,8.4,4.1,12.5,6.9,15.8,3.1,8.3,5,6.2,1.4,7,8.3,2.1,2.4,0.6,2.4,2.6,21.8,11,25.4,5,13.3,8,10,2.2,11.1,13.3,3.4,3.8,1,3.8,4.1,34.9,115.7,91,12,912,770,29.6,4,9.3,0.428,1.7,4.6,0.367,2.3,4.7,0.487,0.518,1.5,1.8,0.822,0.6,2.4,3,1.8,1.2,0.3,1,1.8,11.2,84.43,0.9,0.203,0.015,23.948,-1.2,3,80,1.032,2.632
3,28.33,16.91,Trey Burke,2013,9,MIN,UTA,1,0.524,98,-0.1,98.1,0,0.3,90.9,106.7,0.9,106.8,1,-0.1,0.5,-0.1,PG,0,20.62,73.25,187,Michigan,2,2,0.795,75.2,63.3,21.29,10.05,116.1,97.7,39,39,1,35.3,6.6,14.4,0.463,1.9,5.1,0.384,3.4,4.3,0.801,2.6,0.5,3.2,6.7,1.6,0.5,2.2,1.9,18.6,28.7,0.569,0.354,0.296,776,1.9,9.6,5.7,37.3,2.8,1.5,11.9,28.3,6.7,1.8,8.6,0.249,9.4,3.7,13.1,7.5,16.3,2.2,5.7,3.9,4.8,0.6,3,3.6,7.5,1.8,0.6,2.5,2.1,21.1,11.7,25.3,3.4,9,6,7.5,1,4.7,5.6,11.8,2.8,0.9,3.9,3.3,32.9,123.4,100,9,498,130,20.9,3.7,9,0.41,1.1,3.3,0.345,2.6,5.7,0.448,0.473,1.1,1.3,0.81,0.3,1.4,1.8,3.1,0.6,0.1,1.1,1.3,9.6,26.104,3.045,0.192,0.014,25.68,-1.1,2.4,77.5,1.058,2.553
7,83.76,51.2,CJ McCollum,2013,10,POR,POR,1,0.402,97.5,-0.6,100.7,2.6,-2.53,91.4,105.8,0,109.2,3.4,-3.4,0.39,-3.2,"SG,PG",0,21.77,75.25,197,Lehigh,0,4,0.677,73.1,65.2,3.96,-3,109.7,97.9,12,11,0.917,31,8,16.2,0.495,2.8,5.3,0.516,5.2,6.1,0.849,4,1,5,2.9,1.4,0.3,2.7,1.8,23.9,34.7,0.628,0.33,0.376,250,4,15.8,10,24.9,2.7,1.2,12.3,37.2,1.9,0.6,2.4,0.261,9,0.3,9.3,10.3,20.9,3.5,6.9,6.7,7.8,1.3,5.2,6.5,3.8,1.8,0.4,3.4,2.3,30.9,15.5,31.3,5.3,10.3,10,11.8,1.9,7.7,9.7,5.6,2.7,0.6,5.2,3.4,46.3,118.5,98.1,12,787,690,32.1,7.5,16.5,0.453,2.5,6.4,0.397,4.9,10.1,0.488,0.53,2.1,2.7,0.799,0.6,3,3.6,3.8,0.9,0.4,1.8,2.1,19.6,87.675,1.074,0.25,0.01,22.438,-0.6,2.2,78.25,1.04,2.618
3,53.13,32.25,Michael Carter-Williams,2013,11,PHI,PHI,1,0.415,93.2,-4.9,96.5,-1.6,-3.51,91,102,-3.8,105.7,-0.1,-3.7,0.378,-3.3,"PG,SG",1,21.71,77.75,184,Syracuse,1,2,0.75,70.4,58.7,20.3,8.57,107.3,89.5,40,40,1,35.2,3.9,9.9,0.393,0.9,3,0.294,3.2,4.7,0.694,3.7,1.3,5,7.3,2.7,0.5,3.5,2.3,11.9,20.9,0.491,0.302,0.472,580,4,12.7,8.2,40.1,4.7,1.8,22.2,22.2,2.7,3.5,6.1,0.174,4,5.5,9.4,4.4,11.2,1,3.4,3.7,5.3,1.4,4.2,5.6,8.3,3.1,0.6,3.9,2.6,13.5,6.7,17.2,1.5,5.2,5.6,8.1,2.2,6.4,8.7,12.7,4.7,0.9,6,4,20.6,104.6,87.9,9,395,217,25.2,3.8,9.4,0.402,0.5,1.8,0.256,3.3,7.6,0.436,0.426,2.2,3.1,0.705,1,3.4,4.3,4.3,1.3,0.5,2.3,2.4,10.2,54.937,2.086,0.351,0.014,21.171,-1,3.7,79.25,1.019,2.367
5,76.47,46.69,Steven Adams,2013,12,OKC,OKC,4,0.732,105.7,7.6,96.5,-1.6,9.15,93.3,112.4,6.6,102.6,-3.2,9.8,0.78,9.2,C,0,19.93,84,255,Pitt,0,1,0.727,69.2,56,18.84,5.66,113.2,91.6,32,32,1,23.4,3.1,5.5,0.571,0,0,0,1,2.2,0.443,3.5,2.8,6.3,0.6,0.7,2,1.1,1.6,7.2,23.2,0.555,0,0.4,228,15.3,21,18,5.4,1.9,11.2,14.4,17.7,1.6,1.9,3.5,0.185,4,4.2,8.1,5.3,9.3,0,0,1.7,3.7,4.8,6,10.8,1.1,1.1,3.5,1.9,2.8,12.3,8.8,15.5,0,0,2.7,6.2,8,10,17.9,1.8,1.9,5.7,3.1,4.6,20.4,112.9,87.6,11,764,644,25.8,3.7,6.3,0.586,0,0,0.059,3.7,6.2,0.588,0.586,1.5,2.8,0.533,3.6,4.4,8,1.5,0.8,0.9,1.4,2.4,8.8,84.293,0.545,0.8,0.085,24.907,1.3,4.6,88.5,1.054,3.036
3,37.03,22.29,Kelly Olynyk,2013,13,DAL,BOS,4,0.506,96.5,-1.6,96.7,-1.4,-0.62,91.7,103.1,-2.7,103.3,-2.5,-0.2,0.494,-0.2,"C,PF",0,22.18,84,234,Gonzaga,3,4,0.914,77,59.9,20.43,4.14,118,91.7,32,27,0.844,26.4,6.7,10.7,0.629,0.3,0.9,0.3,4.1,5.3,0.776,4.9,2.4,7.3,1.7,0.7,1.1,2.4,2.3,17.8,36.2,0.675,0.088,0.497,516,11.8,22.6,17.4,15.1,1.6,5.1,15.4,30.7,4.7,1.9,6.7,0.315,10.4,3.6,13.9,10.2,16.2,0.4,1.4,6.2,8,3.6,7.5,11.1,2.6,1,1.7,3.6,3.4,27,15.6,24.8,0.7,2.2,9.6,12.3,5.6,11.5,17,4,1.6,2.6,5.6,5.2,41.4,127.1,89.9,12,800,283,22.5,3.6,7.5,0.486,1.2,3.1,0.371,2.5,4.4,0.567,0.562,1.7,2.2,0.796,1.2,3.9,5.2,2.5,0.8,0.5,1.6,2.9,10.2,35.375,0.708,0.49,0.042,23.584,-0.3,2.7,81.75,0.973,2.786
0,11.09,6.24,Shabazz Muhammad,2013,14,UTA,MIN,2,0.378,95.7,-2.4,98.1,0,-1.83,92.8,102.9,-2.9,105.4,-0.4,-2.5,0.415,-2.4,"SF,SG",0,20.61,78.25,222,UCLA,3,1,0.714,74.4,69.3,12.82,7.76,105.4,98.3,32,30,0.938,30.8,6.3,14.3,0.443,1.3,3.3,0.377,4,5.6,0.711,2.5,2.7,5.2,0.8,0.7,0.1,1.6,1.7,17.9,21.9,0.528,0.232,0.395,520,9.9,9.3,9.6,5.8,1.3,0.4,8.6,29.8,2.9,0.8,3.7,0.149,5.8,-1.1,4.7,8.2,18.5,1.6,4.3,5.2,7.3,3.5,3.2,6.8,1.1,0.9,0.2,2.1,2.1,23.2,11.8,26.6,2.3,6.2,7.5,10.5,5.1,4.7,9.7,1.6,1.3,0.2,3,3.1,33.3,110.1,105.4,5,278,16,17.2,3.4,7.2,0.473,0.4,1.4,0.319,2.9,5.8,0.51,0.504,1.8,2.4,0.751,1.1,1.7,2.8,0.5,0.3,0.1,0.7,1,9,5.755,0.5,1.08,0.003,26.018,0.8,1.1,83,1.061,2.837
0,18.17,10.62,Shane Larkin,2013,18,ATL,BRK,0,0.598,96.9,-1.2,95.1,-3,1.25,88.8,108.2,2.4,106.2,0.4,2,0.561,1.8,PG,0,20.73,71.5,171,Miami (FL),2,2,0.806,69.7,60.6,16.98,7.87,108.5,94.3,36,35,0.972,36.4,5.1,10.6,0.479,1.9,4.7,0.406,2.4,3.1,0.777,3.4,0.5,3.8,4.6,2,0.1,2.3,1.6,14.5,22.6,0.6,0.445,0.293,537,1.6,11.4,6.5,26.1,3.4,0.3,15.9,21.3,4.3,2.3,6.5,0.199,5.2,3.8,9.1,5.6,11.7,2.1,5.2,2.7,3.4,0.5,3.7,4.2,5,2.2,0.1,2.5,1.8,15.9,8.7,18.2,3.3,8.1,4.2,5.3,0.8,5.8,6.6,7.8,3.4,0.2,3.9,2.8,24.9,119.2,95.9,4,256,41,19.1,2.1,5,0.422,0.5,1.4,0.336,1.7,3.7,0.454,0.468,0.8,1,0.777,0.3,1.6,1.9,2.9,0.9,0.1,1.2,1.5,5.5,16.016,2,0.147,0.003,24.383,-3.2,2.3,70.75,0.99,2.392
3,46.74,28.3,Tony Snell,2013,20,CHI,CHI,0,0.549,93.2,-4.9,92.9,-5.2,-0.02,89.3,103.5,-2.3,103.2,-2.6,0.4,0.512,0.3,"SG,SF",0,21.62,79.25,198,New Mexico,0,3,0.829,67.3,60.6,13.24,6.58,103.3,93.1,35,35,1,31.2,4.1,9.7,0.422,1.8,4.7,0.39,2.5,2.9,0.843,2.2,0.4,2.6,2.9,0.8,0.5,2.1,1.3,12.5,17,0.562,0.481,0.299,408,1.6,8.9,5.2,22.4,1.6,1.9,15.6,22.8,2.1,1.5,3.6,0.133,4.1,2.1,6.2,5.3,12.5,2.3,6,3.1,3.7,0.5,2.9,3.4,3.7,1.1,0.6,2.6,1.7,16,8.1,19.3,3.6,9.3,4.9,5.8,0.8,4.4,5.2,5.7,1.6,1,4.1,2.6,24.8,107,99.5,9,601,310,21.8,2.2,5.2,0.431,1.2,3.1,0.394,1,2.1,0.486,0.549,0.5,0.5,0.846,0.3,2,2.3,1.1,0.4,0.2,0.5,1.4,6.1,51.581,1.381,0.182,0.016,22.277,-2.7,1.7,83.5,1.054,2.498
3,33.67,20.21,Gorgui Dieng,2013,21,UTA,MIN,2,0.378,95.7,-2.4,98.1,0,-1.83,92.8,102.9,-2.9,105.4,-0.4,-2.5,0.415,-2.4,"C,PF",0,23.43,82.75,230,Louisville,3,3,0.875,74.5,58.8,24.82,9.14,110.3,87.1,33,32,0.97,31.1,3.8,7.1,0.534,0,0,0,2.2,3.4,0.652,6,3.4,9.4,2,1.3,2.5,1.8,2.6,9.8,23.8,0.562,0,0.479,352,12.9,23.6,18.1,12.3,2.6,9.4,17,17,2.5,3.2,5.6,0.219,5.1,6.4,11.5,4.9,9.1,0,0,2.8,4.4,4.4,7.7,12.1,2.6,1.7,3.2,2.3,3.3,12.6,7.3,13.7,0,0,4.3,6.6,6.6,11.6,18.2,3.9,2.6,4.9,3.5,5,19,115.9,81.9,10,628,209,20.1,2.8,5.6,0.496,0.3,0.9,0.355,2.5,4.7,0.522,0.524,1.5,1.9,0.791,1.7,4,5.6,1.3,0.7,0.9,1.1,2.1,7.3,33.28,1.111,0.567,0.08,24.932,0.8,4.9,87.5,1.057,2.779
3,52.74,32.01,Mason Plumlee,2013,22,BRK,BRK,0,0.598,96.9,-1.2,95.1,-3,1.25,88.8,108.2,2.4,106.2,0.4,2,0.561,1.8,C,2,23.31,84.5,238,Duke,4,4,0.833,77.2,65.3,21.45,9.57,113.1,95.7,36,36,1,34.7,6.1,10.3,0.599,0,0,0,4.8,7.1,0.681,7.2,2.7,9.9,1.9,1,1.4,2.9,2.6,17.1,26.3,0.628,0,0.688,605,9.7,25.1,17.4,11.5,1.7,4,17.4,24.5,4.3,2.6,6.9,0.22,5.9,3.6,9.5,7.1,11.8,0,0,5.5,8.1,3.1,8.3,11.5,2.2,1.2,1.7,3.3,2.9,19.7,10.4,17.3,0,0,8.1,11.9,4.6,12.2,16.8,3.3,1.7,2.4,4.8,4.3,28.9,117.2,92.2,12,860,478,21.9,3.2,5.3,0.595,0,0.1,0.039,3.2,5.3,0.602,0.596,1.7,3,0.577,2.1,4.7,6.7,2.4,0.7,0.8,1.4,2.7,8,55.581,0.655,0.375,0.04,24.501,-3.2,2.9,83,0.982,2.817
0,39.24,23.66,Solomon Hill,2013,23,IND,IND,3,0.605,94.7,-3.4,90.7,-7.4,3.34,90.2,104.3,-1.5,99.8,-6,4.4,0.642,4,"SF,PF",0,22.27,79,226,Arizona,3,4,0.771,73.4,63.6,17.31,7.48,109.5,94.9,35,35,1,33,4.5,9.9,0.458,1.6,4.2,0.39,2.7,3.5,0.766,3.6,1.7,5.3,2.7,1.1,0.6,2.2,2.2,13.4,20.1,0.579,0.423,0.359,468,6.6,13.9,10.2,16.8,2.1,1.8,16,21.4,3.3,1.8,5.1,0.176,5.6,2.7,8.3,5.5,12,2,5.1,3.3,4.3,2.1,4.4,6.5,3.3,1.4,0.7,2.7,2.6,16.2,8.2,17.9,3,7.6,4.9,6.4,3.2,6.5,9.7,4.9,2.1,1,4,3.9,24.3,116.3,97.7,9,448,189,21.5,1.9,4.9,0.388,0.8,2.4,0.331,1.1,2.4,0.445,0.471,0.9,1.1,0.797,0.6,2.5,3.1,1.5,0.7,0.2,0.8,1.7,5.5,42.188,1.227,0.472,0.018,24.504,-1.8,2.1,81,1.025,2.861
3,51.11,31,Tim Hardaway Jr.,2013,24,NYK,NYK,2,0.659,100,1.9,95.7,-2.4,3.73,89.8,111.1,5.3,106.3,0.5,4.7,0.646,4.3,SG,1,21.28,78.25,199,Michigan,2,3,0.795,75.2,63.3,21.29,10.05,116.1,97.7,38,38,1,34.8,5.3,12.1,0.437,1.9,5.1,0.374,2,2.9,0.694,4.4,0.2,4.7,2.4,0.7,0.4,1.9,1.9,14.5,17.7,0.538,0.424,0.241,505,0.8,16.3,8.4,13,1.2,1.4,12.2,23.7,2.8,1.7,4.5,0.136,3.6,1.8,5.5,6.1,13.9,2.2,5.9,2.3,3.4,0.3,5.1,5.3,2.8,0.8,0.5,2.1,2.2,16.7,9.5,21.7,3.4,9.2,3.6,5.2,0.4,7.9,8.3,4.4,1.2,0.8,3.3,3.4,26,108.5,100.7,12,813,422,27.4,4.7,11.4,0.417,2.3,6.3,0.361,2.5,5.1,0.486,0.517,2,2.4,0.815,0.3,2.6,2.9,1.8,0.6,0.1,1,1.6,13.7,51.907,1.263,0.045,0.011,23.467,-2.2,1.3,79,1.01,2.543
3,48.5,29.39,Reggie Bullock,2013,25,LAC,LAC,1,0.683,101.1,3,94.6,-3.5,6.43,91.1,110.6,4.8,103.6,-2.2,7.1,0.72,6.5,"SF,SG",0,22.28,79,200,UNC,4,3,0.694,76.7,69.2,14.57,8.06,106.8,96.3,35,35,1,31.4,4.9,10.2,0.483,2.5,5.8,0.436,1.6,2.1,0.767,4.4,2,6.5,2.9,1.3,0.3,1.2,1.4,13.9,23.7,0.625,0.567,0.205,460,6.7,17.2,11.5,16.6,2.2,0.9,9.9,18.5,4.1,1.6,5.7,0.207,8.1,2.9,11.1,6.3,12.9,3.2,7.3,2,2.7,2.6,5.6,8.2,3.7,1.6,0.4,1.6,1.8,17.7,8.7,18.1,4.5,10.3,2.8,3.7,3.6,7.9,11.5,5.1,2.2,0.5,2.2,2.5,24.8,130.4,98.2,11,556,294,22.6,2.6,6.1,0.424,1.6,4.1,0.385,1,2,0.506,0.554,0.5,0.6,0.827,0.3,2.3,2.6,1.2,0.6,0.1,0.5,1.4,7.3,52.878,2.417,0.455,0.01,22.772,-0.9,2,80.75,1.022,2.532
3,75.58,46.14,Andre Roberson,2013,26,MIN,OKC,4,0.732,105.7,7.6,96.5,-1.6,9.15,93.3,112.4,6.6,102.6,-3.2,9.8,0.78,9.2,"SG,SF",0,21.56,79,206,Colorado,1,3,0.636,67.6,63.6,11.91,7.91,101.4,95.4,31,30,0.968,33.4,4.3,8.9,0.48,0.6,1.9,0.328,1.7,3.2,0.551,8.2,3,11.2,1.4,2.2,1.3,2.4,2.5,10.9,21.9,0.524,0.211,0.356,348,10.6,29.4,20,9.4,3.9,4.4,18.7,19.9,1.4,2.9,4.3,0.166,3.3,4.8,8.1,5.1,10.6,0.7,2.2,2.1,3.8,3.6,9.8,13.4,1.7,2.6,1.6,2.9,3,13,7.8,16.2,1.1,3.4,3.2,5.8,5.4,15,20.4,2.6,3.9,2.4,4.4,4.5,19.8,102.1,84.5,7,307,269,22.2,1.9,3.9,0.473,0.4,1.4,0.253,1.5,2.5,0.6,0.519,0.4,0.9,0.468,1.2,2.8,4,0.9,0.9,0.6,0.6,2.1,4.5,87.622,0.583,0.366,0.039,23.514,1.3,4.2,83,1.051,2.608
0,12.44,7.08,Archie Goodwin,2013,29,OKC,PHO,0,0.305,95.2,-2.9,101.6,3.5,-5.75,93.4,101.2,-4.6,108.1,2.3,-6.9,0.28,-6.4,"SG,PG",0,18.86,77.25,189,Kentucky,4,1,0.636,72.6,64.5,13.96,5.81,107.9,95.8,33,33,1,31.8,4.8,10.8,0.44,0.5,1.9,0.266,4.1,6.4,0.637,3.2,1.5,4.6,2.7,1.1,0.5,3.1,2.9,14.1,16.9,0.509,0.179,0.594,467,5.6,11.2,8.5,16.8,2.1,1.4,18.1,27.2,1.6,1.5,3.1,0.117,1,1.1,2.1,6,13.6,0.6,2.4,5.2,8.1,1.8,4,5.8,3.4,1.4,0.6,3.9,3.7,17.8,9,20.4,1,3.7,7.7,12.1,2.7,5.9,8.7,5,2.1,0.9,5.8,5.5,26.6,100.1,99.1,4,165,15,14.5,2.2,5.2,0.429,0.3,1.2,0.236,2,4,0.484,0.455,1.6,2.3,0.7,0.5,1.5,2,1.2,0.4,0.2,1.2,1.2,6.3,9.091,0.871,0.469,0.016,23.167,1.4,2,81.5,1.055,2.447
3,30.64,18.34,Allen Crabbe,2013,31,CLE,POR,1,0.402,97.5,-0.6,100.7,2.6,-2.53,91.4,105.8,0,109.2,3.4,-3.4,0.39,-3.2,"SG,SF",0,21.21,78.25,197,California,0,3,0.636,67.2,64.3,10.59,7.71,100.7,96.4,33,33,1,36.2,6.5,14.2,0.459,1.9,5.6,0.348,3.4,4.2,0.813,5.1,1,6.1,2.6,1.1,0.7,2.5,2.1,18.4,22.3,0.568,0.393,0.297,548,3.3,16,9.8,16.2,1.9,1.9,13.5,26.6,3.3,1.8,5.1,0.17,6,2.4,8.4,7.2,15.7,2.1,6.2,3.8,4.7,1.1,5.6,6.7,2.9,1.2,0.8,2.8,2.3,20.3,10.8,23.6,3.2,9.3,5.7,7,1.7,8.4,10.1,4.4,1.9,1.2,4.2,3.5,30.6,110.8,97.8,7,381,113,24,3.2,7.6,0.425,1.6,4.2,0.387,1.6,3.4,0.471,0.531,1,1.2,0.831,0.3,2.5,2.8,1.1,0.6,0.3,0.7,2,9.1,29.659,1.04,0.196,0.019,24.232,-0.6,2,83.25,1.064,2.518
0,2.79,1.11,Carrick Felix,2013,33,CLE,CLE,3,0.293,96.5,-1.6,101.2,3.1,-4.87,92.3,104.3,-1.5,109.4,3.6,-5.1,0.341,-4.7,SG,0,22.86,78.25,203,Arizona State,1,3,0.629,71.8,67.5,8.82,4.57,104.5,98.3,35,34,0.971,35.3,5.4,10.8,0.5,1.5,4,0.374,2.3,3.5,0.664,6.1,2.1,8.1,1.6,1.4,1.1,2,3,14.6,21.5,0.586,0.368,0.323,481,7.1,20,13.6,9.6,2.4,3.2,13.8,21.3,3,2.1,5.1,0.165,3.7,2.3,6,6.1,12.2,1.7,4.5,2.6,4,2.4,6.9,9.2,1.8,1.6,1.3,2.3,3.4,16.6,9.1,18.1,2.5,6.7,3.9,5.9,3.5,10.2,13.7,2.7,2.4,1.9,3.4,5,24.5,112.7,96.2,1,7,0,5.4,1,2,0.5,0.3,0.7,0.4,0.7,1.3,0.556,0.571,0.4,0.6,0.75,0.1,0.7,0.9,0.6,0,0,0.6,0.6,2.7,0,0.8,0.344,0.031,22.702,0.3,2.9,81.25,1.038,2.594
0,32.63,19.57,Isaiah Canaan,2013,34,HOU,PHI,1,0.415,93.2,-4.9,96.5,-1.6,-3.51,91,102,-3.8,105.7,-0.1,-3.7,0.378,-3.3,"PG,SG",0,22.1,72,188,Murray State,0,4,0.677,72.8,66.8,1.25,-2.86,106.9,98.1,31,30,0.968,36.5,6.9,16.1,0.431,3,8.2,0.37,4.9,6,0.822,2.9,0.6,3.5,4.3,1.5,0.1,3.2,1.9,21.8,25.2,0.576,0.509,0.371,650,2,10,5.9,27.6,2.5,0.4,14.3,30.9,4.5,1.3,5.9,0.207,5.8,0,5.8,7.6,17.6,3.3,9,5.4,6.5,0.7,3.2,3.9,4.7,1.7,0.1,3.5,2.1,23.9,11.3,26.3,5,13.4,8,9.8,1,4.8,5.8,7,2.5,0.2,5.2,3.1,35.7,116.1,101.6,6,235,77,20.4,2.6,7.1,0.371,1.6,4.4,0.351,1.1,2.6,0.404,0.481,1.3,1.6,0.836,0.3,1.6,1.9,1.9,0.6,0.1,1.1,1.5,8.1,32.766,1.344,0.207,0.003,25.712,-1,1.8,76.5,1.062,2.611
0,8.03,4.35,Glen Rice Jr.,2013,35,PHI,WAS,0,0.354,93.2,-4.9,95.8,-2.3,-2.78,92.2,100.2,-5.6,103,-2.8,-2.7,0.402,-2.6,SG,1,22.48,77.75,211,Georgia Tech,0,3,0.355,60.2,62.6,1.74,4.13,94.8,98.6,21,10,0.476,29.9,4.9,10.6,0.457,1.4,4.3,0.333,1.9,3.1,0.606,4.8,2,6.7,2.3,1.3,0.9,2.3,2.4,13,23,0.539,0.404,0.296,266,8,20.7,14.2,19.1,2.8,3.3,15.9,25.9,1.3,1.1,2.4,0.156,5.3,2.8,8,6.5,14.2,1.9,5.7,2.5,4.2,2.6,6.4,9,3.1,1.8,1.1,3.1,3.2,17.5,10.3,22.5,3,9.1,4,6.6,4.1,10.1,14.2,4.8,2.8,1.8,4.8,5,27.6,105.9,95.3,2,16,1,9.5,0.9,3.3,0.269,0.4,1.5,0.25,0.5,1.8,0.286,0.327,0.6,0.8,0.692,0.4,1.1,1.5,0.6,0.4,0.1,0.7,1.1,2.7,6.25,1,0.417,0.03,24.209,0.2,2.9,81.25,1.045,2.714
0,29.46,17.61,Ray McCallum,2013,36,SAC,SAC,0,0.341,100.2,2.1,105.1,7,-4.26,93.6,106.2,0.4,111.4,5.6,-5.2,0.341,-4.9,PG,0,22.04,73.75,191,Detroit Mercy,0,3,0.606,77.8,70.9,6.72,1.62,111,101.1,33,33,1,36.6,6.5,13.2,0.491,1.3,3.9,0.323,4.5,6.2,0.717,3.8,1.3,5.1,4.5,1.9,0.6,2.1,2,18.7,25.7,0.578,0.298,0.47,617,4,14.3,8.7,23.8,3,1.8,11.3,24.4,4.7,1.3,6,0.2,6.3,1.1,7.3,7.1,14.4,1.4,4.3,4.9,6.8,1.4,4.1,5.5,4.9,2.1,0.7,2.3,2.2,20.4,10.1,20.6,2,6.1,6.9,9.7,2,5.9,7.9,6.9,3,0.9,3.2,3.1,29.1,121.5,102.3,3,154,46,18.2,2.4,5.9,0.408,0.5,1.4,0.335,2,4.6,0.43,0.447,0.7,0.9,0.711,0.5,1.5,2,2.4,0.5,0.2,1,1.2,6,29.87,2.143,0.342,0.016,23.823,1.6,2.8,75.25,1.02,2.59
0,1.91,0.56,Tony Mitchell,2013,37,DET,DET,1,0.354,94.9,-3.2,98.8,0.7,-4.33,90.8,103.8,-2,108.1,2.3,-4.4,0.354,-3.9,"SF,PF",0,21.22,80.75,236,University of North Texas,0,2,0.375,66.2,68.8,-6.38,-2.71,96.6,100.5,32,29,0.906,32.4,4.4,9.9,0.44,0.9,3.1,0.3,3.3,4.9,0.675,6.1,2.4,8.5,0.8,1,2.7,2.4,2.9,13,20.8,0.53,0.314,0.494,395,8.4,23.1,15.4,5.7,1.8,8.5,16.6,22.7,1.6,1.8,3.3,0.128,1,1.2,2.2,5.4,12.3,1.2,3.9,4.1,6.1,3,7.5,10.5,1,1.2,3.4,3,3.6,16,8,18.1,1.7,5.7,6,8.9,4.4,11.1,15.6,1.5,1.8,5,4.4,5.3,23.7,102.5,95.9,1,21,0,3.8,0.2,0.6,0.417,0,0,1,0.2,0.5,0.364,0.458,0.5,0.9,0.579,0.7,0.5,1.2,0.1,0.3,0.1,0.2,0.4,1,0,0.333,0.393,0.083,25.723,-1.2,4.6,86.5,1.071,2.923
0,35.01,21.04,Nate Wolters,2013,38,WAS,MIL,3,0.463,98.9,0.8,100.4,2.3,-1.83,94.7,103.6,-2.2,105.2,-0.6,-1.6,0.451,-1.5,PG,0,22.11,76.75,196,South Dakota State,0,4,0.714,73.4,65.7,2.35,-3.27,113.1,101.3,33,33,1,38.1,7.3,15.1,0.485,1.9,5.1,0.379,5.7,7,0.813,4.5,1.1,5.6,5.8,1.7,0.1,2.3,1.5,22.3,32,0.604,0.339,0.461,750,3.7,15.4,9.5,34.3,2.8,0.4,11.2,29.8,7,1.6,8.5,0.272,8.3,1.3,9.6,7.7,15.9,2,5.4,6,7.3,1.1,4.7,5.9,6.1,1.8,0.1,2.5,1.6,23.4,12.1,24.8,3.2,8.4,9.3,11.5,1.8,7.4,9.2,9.6,2.8,0.2,3.8,2.5,36.6,126.9,101,3,84,31,18.8,2.3,5.4,0.423,0.2,0.8,0.261,2.1,4.6,0.452,0.442,0.7,1.1,0.635,0.5,1.7,2.2,2.5,0.5,0.2,0.8,1,5.5,36.905,2.522,0.244,0.003,23.356,2.7,1.9,75.75,0.987,2.554
0,9.31,5.14,Jeff Withey,2013,39,POR,UTA,1,0.524,98,-0.1,98.1,0,0.3,90.9,106.7,0.9,106.8,1,-0.1,0.5,-0.1,C,0,23.3,84.5,222,Kansas,4,4,0.838,75.2,61.9,20.79,7.54,109.1,89.9,37,36,0.973,30.9,5,8.6,0.582,0,0,1,3.7,5.2,0.714,6.4,2.1,8.5,0.9,0.8,3.9,2,2.1,13.7,27.2,0.621,0.003,0.604,467,8.8,22.3,16.1,6.2,1.4,13.7,15.1,21.5,3.4,3.2,6.6,0.231,4.9,6.6,11.5,6.5,11.1,0,0,4.8,6.7,2.8,8.3,11,1.2,1,5.1,2.6,2.7,17.8,9.5,16.4,0.1,0.1,7.1,9.9,4.1,12.2,16.3,1.8,1.4,7.5,3.8,4,26.2,117.8,84.2,5,207,15,10,1.2,2.3,0.525,0,0.1,0.143,1.2,2.2,0.537,0.527,0.8,1.1,0.716,0.9,1.6,2.5,0.3,0.3,0.8,0.4,1.1,3.2,7.246,0.45,0.328,0.126,23.364,-1.1,6.1,86,1.018,2.627
0,2.45,0.9,Grant Jerrett,2013,40,POR,OKC,4,0.732,105.7,7.6,96.5,-1.6,9.15,93.3,112.4,6.6,102.6,-3.2,9.8,0.78,9.2,"PF,C",0,19.96,82.25,232,Arizona,3,1,0.771,73.4,63.6,17.31,7.48,109.5,94.9,34,2,0.059,17.8,1.9,4.5,0.409,0.9,2.3,0.405,0.5,0.6,0.818,2.5,1.1,3.6,0.5,0.5,1,0.6,1.3,5.2,16.6,0.535,0.513,0.143,170,7.6,17.9,12.7,5.7,1.6,5.8,10.4,15.6,1.2,1.1,2.3,0.15,3.5,3.2,6.6,4.2,10.2,2.1,5.2,1.2,1.5,2.4,5.6,8.1,1.2,1.1,2.2,1.3,2.9,11.6,6.2,15.2,3.2,7.8,1.8,2.2,3.7,8.4,12.1,1.8,1.6,3.3,1.9,4.3,17.4,115.8,95.1,1,8,0,6.4,0.9,3.3,0.269,0.1,1.9,0.067,0.8,1.4,0.545,0.288,0.1,0.1,1,0.3,0.9,1.1,0.4,0.3,0.3,0.4,1.4,2,0,0.833,0.44,0.056,24.501,1.3,3.3,86,1.046,2.821
0,2.33,0.82,Jamaal Franklin,2013,41,MEM,MEM,3,0.683,93.4,-4.7,89.3,-8.8,4.32,88.4,104.9,-0.9,100.3,-5.5,4.7,0.659,4.1,SG,0,21.93,77.25,191,San Diego State,2,3,0.676,69.3,61.1,12.95,6.14,103.7,91.4,32,32,1,33.1,5.2,12.5,0.411,1.3,4.6,0.272,5.3,6.8,0.781,7.8,1.8,9.5,3.3,1.6,0.8,3.4,2.6,16.9,24.8,0.536,0.367,0.546,544,6.2,28.8,17.3,21.6,2.9,2.6,17.9,29.9,2.5,2.8,5.3,0.202,4.2,4.3,8.5,6.2,15.2,1.5,5.6,6.5,8.3,2.1,9.4,11.5,4,1.9,1,4.2,3.1,20.5,9.4,22.8,2.3,8.3,9.7,12.4,3.2,14.1,17.3,6,2.9,1.5,6.2,4.7,30.7,104.9,85.7,2,24,0,7.3,0.7,1.7,0.415,0.3,0.5,0.462,0.5,1.2,0.393,0.488,0.1,0.1,1,0.2,0.8,1,0.4,0.2,0.1,0.6,1.1,1.8,0,0.971,0.231,0.024,23.948,-3.6,2.9,83.25,1.078,2.472
0,14.37,8.27,Pierre Jackson,2013,42,PHI,DAL,3,0.5,101.1,3,101.7,3.6,-0.24,94.1,105.9,0.1,106.5,0.7,-0.6,0.476,-0.6,PG,0,21.82,70.5,176,Baylor,3,2,0.622,76,66.4,15.07,7.12,110.3,96.3,36,35,0.972,34.8,6,14.1,0.427,2.4,6.8,0.359,5.3,6.7,0.8,3.1,0.7,3.8,7.1,1.5,0,3.4,2.2,19.8,26,0.574,0.484,0.474,749,2.2,10.3,6.2,40.7,2.5,0,16.4,29.5,5.3,1.6,7,0.222,8.5,2,10.5,6.9,16.2,2.8,7.8,6.1,7.7,0.8,3.5,4.3,8.1,1.7,0,3.9,2.6,22.7,10.1,23.6,4.1,11.4,9,11.2,1.1,5.2,6.3,11.9,2.5,0,5.7,3.7,33.2,117.5,100.1,1,8,1,10.5,1.6,4.9,0.333,0.4,1.4,0.273,1.3,3.5,0.357,0.372,0.8,0.9,0.857,0.1,1,1.1,2.4,0.3,0,0.4,0.6,4.4,12.5,2.088,0.226,0,25.565,2.1,1.7,70,0.993,2.496
3,11.76,6.66,Mike Muscala,2013,44,DAL,ATL,3,0.537,98,-0.1,97.5,-0.6,-0.08,92.6,104.8,-1,104.4,-1.4,0.4,0.512,0.5,"C,PF",0,21.98,83.5,230,Bucknell,0,4,0.824,67,57.8,6.96,-1.95,106.9,92.3,34,34,1,31.7,6.7,13.1,0.509,0.1,0.5,0.25,5.3,6.7,0.789,8.2,2.9,11.1,2.3,0.5,2.4,1.7,2.2,18.7,35.7,0.575,0.036,0.509,624,11.8,31.1,21.8,18.5,1,7.8,9.5,31.6,5.3,3,8.3,0.307,8.6,3.9,12.5,8.4,16.5,0.1,0.6,6.6,8.4,3.6,10.4,14,2.9,0.6,3,2.2,2.7,23.6,13.4,26.4,0.2,0.9,10.6,13.4,5.8,16.6,22.4,4.6,1,4.7,3.4,4.4,37.7,121,84.5,11,548,45,15,2.1,4.6,0.451,0.9,2.5,0.373,1.1,2.1,0.544,0.553,0.7,0.9,0.83,0.8,2.3,3.1,0.8,0.3,0.5,0.6,1.4,5.9,8.212,1.353,0.354,0.076,23.809,0.6,3.6,85,1.018,2.754
0,4.54,2.19,Erick Green,2013,46,UTA,DEN,3,0.695,106.1,8,101.1,3,5.37,95.1,110.4,4.6,105.1,-0.7,5.3,0.671,5,PG,0,22.13,75,178,Virginia Tech,0,4,0.406,70.2,74.8,1.8,6.34,102,108.5,32,32,1,36.4,8.2,17.2,0.475,1.9,4.9,0.389,6.8,8.3,0.816,3.5,0.5,4,3.8,1.3,0.2,2.2,1.4,25,31.6,0.592,0.285,0.485,753,1.4,11.6,6.3,27,2.1,0.6,9.3,32.4,6.2,0.3,6.5,0.222,10.1,1.3,11.4,9,18.9,2.1,5.4,7.5,9.2,0.5,3.8,4.4,4.2,1.4,0.2,2.4,1.5,27.5,13.2,27.8,3.1,7.9,11,13.5,0.8,5.7,6.4,6.1,2.1,0.3,3.5,2.2,40.5,123.6,111.4,2,52,1,8.7,1.3,3.4,0.377,0.3,1,0.288,1,2.4,0.415,0.42,0.2,0.3,0.857,0.2,0.5,0.7,0.8,0.3,0,0.3,0.6,3.1,1.923,1.727,0.143,0.005,22.992,3.1,1.6,77.75,1.037,2.373
0,34.59,20.78,Ryan Kelly,2013,48,LAL,LAL,2,0.549,102.2,4.1,101,2.9,1.48,94.4,107.8,2,106.6,0.8,1.2,0.537,1.2,"PF,C",0,22.21,83.75,228,Duke,4,4,0.833,77.2,65.3,21.45,9.57,113.1,95.7,23,23,1,28.9,4.2,9.2,0.453,1.5,3.6,0.422,3,3.7,0.812,3.7,1.6,5.3,1.7,0.7,1.6,1,2.4,12.9,23.5,0.586,0.392,0.401,286,6.9,15.4,11.2,11,1.4,5.4,8.4,21.4,2.4,1.1,3.5,0.21,7.2,4,11.1,5.8,12.8,2.1,5,4.2,5.1,2.2,5.1,7.3,2.3,1,2.2,1.4,3.3,17.8,8.5,18.7,3.1,7.3,6.1,7.5,3.3,7.5,10.8,3.4,1.4,3.3,2,4.9,26.1,124.5,96.5,4,163,59,19.2,2,5.3,0.378,0.6,2,0.316,1.4,3.3,0.416,0.438,1.4,1.8,0.797,0.5,2.6,3.1,1.3,0.5,0.5,0.7,1.9,6,36.196,1.7,0.432,0.055,23.36,2.4,3.2,83.5,0.997,2.722
0,1.27,0.17,Erik Murphy,2013,49,CHI,CHI,0,0.549,93.2,-4.9,92.9,-5.2,-0.02,89.3,103.5,-2.3,103.2,-2.6,0.4,0.512,0.3,C,1,22.66,81.5,240,Florida,2,4,0.784,71.4,54.4,23.88,6.85,113.5,86.4,36,34,0.944,26.4,4.6,8.8,0.516,2,4.4,0.453,1.1,1.4,0.784,3.9,1.6,5.5,1.4,0.6,0.7,1.4,2.8,12.2,24.4,0.643,0.5,0.16,394,7.8,19.2,13.5,11,1.5,3.1,13,22.5,3.6,2.4,6,0.253,7.3,4.3,11.6,6.9,13.4,3,6.7,1.7,2.1,2.4,5.9,8.4,2.1,1,1.1,2.1,4.2,18.5,11,21.2,4.8,10.6,2.7,3.4,3.9,9.4,13.3,3.3,1.5,1.7,3.4,6.7,29.4,124.6,87,1,24,0,2.6,0.1,0.5,0.231,0,0.1,0,0.1,0.4,0.3,0.231,0,0,0,0.1,0.3,0.3,0.1,0,0.2,0.1,0.3,0.3,0,1,0.41,0.027,24.732,-2.7,2.1,82.5,1.012,2.945
3,34.25,20.57,James Ennis III,2013,50,ATL,MEM,3,0.683,93.4,-4.7,89.3,-8.8,4.32,88.4,104.9,-0.9,100.3,-5.5,4.7,0.659,4.1,"SF,SG",0,22.98,79,201,Cal State Long Beach,0,2,0.576,69.4,71.5,-1.48,1.62,101.5,104.5,33,32,0.97,33.1,5.5,11.2,0.491,1.7,4.7,0.357,3.8,4.6,0.834,4.7,2,6.7,2.1,1.8,1.3,3,2.3,16.5,25.3,0.616,0.415,0.407,517,6.9,17,11.9,14.4,3.1,4.2,18.3,24.9,3.4,1.4,4.7,0.173,5.7,1.4,7.1,6.7,13.6,2,5.6,4.6,5.5,2.4,5.7,8.1,2.6,2.1,1.6,3.6,2.7,19.9,9.8,19.9,3,8.3,6.8,8.1,3.5,8.4,11.9,3.8,3.1,2.3,5.3,4,29.3,114.2,100.7,8,395,140,20.3,2.3,5,0.457,0.8,2.2,0.36,1.5,2.8,0.534,0.537,1.3,1.6,0.797,1,2.3,3.3,0.9,0.6,0.3,0.8,2,6.7,35.443,0.7,0.426,0.039,23.514,-3.6,3.7,83.5,1.057,2.544
5,75.74,46.24,Jalen Suggs,2021,5,ORL,ORL,3,0.292,104,-8.1,113.3,1.2,-9.02,98.7,105.1,-7.2,114.5,2.2,-9.4,0.236,-9.3,"SG,PG",0,20.06,76,205,Gonzaga,3,1,0.969,91,69.7,27.2,5.92,121.5,93.1,30,30,1,28.9,5.2,10.3,0.503,1.2,3.5,0.337,2.9,3.8,0.754,4.7,0.6,5.3,4.5,1.9,0.3,2.9,2.6,14.4,22.6,0.595,0.338,0.37,454,2.7,18,11,23.7,3.5,1.1,19.5,24.8,2.5,2.1,4.6,0.21,4.8,4.6,9.4,7.1,14.2,1.6,4.8,4,5.3,0.8,6.5,7.4,6.3,2.6,0.5,4.1,3.6,19.9,9.6,19,2.2,6.4,5.3,7,1.1,8.8,9.9,8.4,3.5,0.6,5.4,4.8,26.6,112.4,90.8,4,211,174,26.4,4.3,10.4,0.419,1.6,4.9,0.329,2.7,5.5,0.499,0.496,2,2.6,0.779,0.7,2.6,3.3,3.3,1.3,0.6,2.2,2.7,12.3,82.464,1.552,0.128,0.01,24.699,-0.5,3.1,77,1.013,2.697
0,8.92,4.9,Lorenzo Brown,2013,52,MIN,MIN,2,0.378,95.7,-2.4,98.1,0,-1.83,92.8,102.9,-2.9,105.4,-0.4,-2.5,0.415,-2.4,PG,0,22.83,77.25,189,NC State,1,3,0.686,77.4,70.2,14.34,7.19,112.4,102,33,32,0.97,34.2,4.2,10.1,0.419,0.6,2.3,0.263,3.3,4.2,0.771,3.7,0.7,4.3,7.2,2,0.6,3.5,2,12.4,19.9,0.509,0.228,0.419,500,2.4,12.3,7.5,36.7,3.4,1.6,22.2,22.8,2.3,1.3,3.6,0.127,3.5,2,5.5,5,11.8,0.7,2.7,3.8,5,0.8,4.3,5.1,8.5,2.3,0.7,4,2.3,14.5,7.2,17.2,1,3.9,5.6,7.2,1.1,6.2,7.4,12.3,3.4,1,5.9,3.4,21.1,105.6,102,5,103,7,11.5,1.2,3.3,0.364,0.2,1,0.17,1,2.3,0.453,0.391,0.3,0.4,0.707,0.3,1.2,1.5,1.8,0.6,0.1,0.7,1,2.8,6.796,2.057,0.189,0.018,21.866,0.8,3,79,1.023,2.447
0,1,0,Colton Iverson,2013,53,IND,IND,3,0.605,94.7,-3.4,90.7,-7.4,3.34,90.2,104.3,-1.5,99.8,-6,4.4,0.642,4,C,0,23.99,84,263,Colorado State,0,5,0.743,72.9,63.7,13.6,5.84,112.6,98.3,35,35,1,29.5,5.2,8.8,0.596,0,0,0,3.7,6.3,0.59,6.4,3.3,9.8,1.3,0.6,0.7,2,2.6,14.2,27.4,0.602,0,0.723,477,13.3,28.2,20.4,9.9,1.2,2.9,14.3,23.8,3.9,1.8,5.7,0.219,6.4,1.5,7.9,7.1,11.9,0,0,5.1,8.6,4.5,8.7,13.2,1.8,0.8,1,2.7,3.5,19.2,11,18.4,0,0,7.9,13.3,7,13.5,20.5,2.8,1.2,1.5,4.1,5.5,29.8,120.4,95.6,0,0,0,0,0,0,0,0,0,0,0,0,0,0,0,0,0,0,0,0,0,0,0,0,0,0,0,0.65,0.516,0.024,27.274,-1.8,1.8,86,1.024,3.131
3,39.9,24.07,Cam Thomas,2021,27,BRK,BRK,0,0.667,118.6,6.5,114.1,2,4.24,99.5,118.3,6,113.8,1.5,4.5,0.639,4.5,SG,0,19.7,76,210,LSU,2,1,0.655,81.8,75.2,15.7,9.14,112.1,103.1,29,29,1,34,7,17.2,0.406,2.3,7.2,0.325,6.7,7.6,0.882,2.8,0.6,3.4,1.4,0.9,0.2,1.7,1.4,23,24.1,0.553,0.418,0.44,600,2,8.2,5.2,8.3,1.4,0.7,7.5,31.6,4,0.5,4.5,0.183,7.1,-0.8,6.3,8.2,20.3,2.8,8.5,7.9,8.9,0.7,3.2,4,1.7,1,0.2,2,1.6,27.1,11.3,27.9,3.8,11.7,10.8,12.3,1,4.5,5.5,2.3,1.4,0.3,2.7,2.2,37.3,117.9,109.4,4,215,80,23.2,5.3,12.1,0.439,1.4,4.2,0.345,3.9,7.9,0.489,0.499,3.1,3.6,0.86,0.3,2.3,2.6,2.1,0.5,0.2,1.4,1.4,15.1,37.209,0.824,0.214,0.006,25.504,0.3,1.2,78,1.026,2.763
0,2.76,1.09,Peyton Siva,2013,56,DET,DET,1,0.354,94.9,-3.2,98.8,0.7,-4.33,90.8,103.8,-2,108.1,2.3,-4.4,0.354,-3.9,SG,0,22.67,73,181,Louisville,3,4,0.875,74.5,58.8,24.82,9.14,110.3,87.1,40,40,1,31.2,3.5,8.6,0.404,1,3.3,0.288,2.1,2.5,0.867,2.1,0.3,2.4,5.7,2.3,0.2,2.7,2.6,10,17.5,0.513,0.384,0.285,463,1.1,8.1,4.5,34.3,4.3,0.6,21.3,20,2.3,3,5.3,0.17,2.6,4.7,7.3,4.5,11,1.2,4.2,2.7,3.1,0.4,2.6,3,7.3,2.9,0.2,3.4,3.3,12.9,6.7,16.6,1.8,6.4,4.1,4.7,0.6,4,4.5,11,4.3,0.3,5.1,5,19.4,106.6,89.1,1,24,0,9.3,0.8,2.4,0.316,0.3,1,0.28,0.5,1.3,0.344,0.377,0.5,0.6,0.733,0.1,0.5,0.6,1.4,0.4,0,0.8,1.1,2.3,0,2.111,0.143,0.006,24.784,-1.2,3.1,75,1.027,2.479
7,79.73,48.71,Desmond Bane,2020,30,BOS,MEM,3,0.466,112.6,0.8,113.7,1.9,-0.91,102.8,109.2,-1.4,110.3,-0.3,-1,0.466,-1.1,SG,0,22,77,215,TCU,0,4,0.5,65.4,65,9.86,10.09,98.5,97.8,32,32,1,36,6.2,13.6,0.452,2.9,6.5,0.442,1.4,1.8,0.789,4.9,1.4,6.3,3.9,1.5,0.5,2.3,2.2,16.6,22.6,0.573,0.477,0.131,507,4.6,16.3,10.4,26,2.5,1.6,13.8,24.4,3.4,1.9,5.3,0.183,7.1,2.6,9.8,6.8,15.1,3.2,7.2,1.6,2,1.6,5.5,7,4.3,1.6,0.6,2.6,2.4,18.4,10.4,23.1,4.9,11,2.4,3,2.4,8.3,10.7,6.6,2.5,0.9,3.9,3.7,28.1,114.5,97.6,5,313,261,29.6,6.5,13.8,0.472,2.6,6.3,0.41,3.9,7.5,0.524,0.566,2.2,2.5,0.883,0.7,3.9,4.6,3.8,1,0.4,1.8,2.4,17.8,83.387,1.696,0.286,0.014,24.742,2.5,2.2,76.25,0.99,2.792
0,1,0,Deshaun Thomas,2013,58,SAS,SAS,4,0.707,103,4.9,96.6,-1.5,6.67,94.2,108.3,2.5,101.6,-4.2,6.7,0.707,6.4,"SF,PF",0,21.82,79,220,Ohio State,2,3,0.784,70.2,59.4,20.19,9.33,108.9,92,37,37,1,35.4,7,15.8,0.444,1.9,5.6,0.344,3.8,4.6,0.834,4.2,1.7,5.9,1.3,0.5,0.3,1.4,1.5,19.8,24.2,0.551,0.358,0.29,651,5.8,15,10.3,8.6,0.9,1,7.3,29.1,4.8,2,6.9,0.209,7.9,1.1,9,7.9,17.8,2.2,6.4,4.3,5.2,1.9,4.8,6.7,1.5,0.6,0.3,1.6,1.7,22.3,12.3,27.7,3.4,9.9,6.7,8,3,7.5,10.5,2.3,0.9,0.5,2.5,2.6,34.8,116.7,97.6,0,0,0,0,0,0,0,0,0,0,0,0,0,0,0,0,0,0,0,0,0,0,0,0,0,0,0,0.929,0.405,0.008,24.009,2.2,0.9,82,1.038,2.785
3,8.48,4.63,Sam Merrill,2020,60,NOP,CLE,3,0.292,106.9,-4.9,114.8,3,-7.77,98.7,107.5,-3.1,115.4,4.8,-7.9,0.277,-7.9,SG,0,24.11,77,205,Utah State University,0,4,0.765,76.5,64.1,13.66,4.04,109.8,92,32,32,1,35,6.1,13.2,0.461,2.8,6.8,0.41,4.7,5.3,0.893,3.9,0.2,4.1,3.9,0.9,0.1,1.6,2.3,19.7,25,0.625,0.513,0.397,575,0.7,11.8,6.6,23.1,1.5,0.3,9,24.9,5.2,2,7.1,0.255,7.6,2.4,9.9,7,15.1,3.2,7.8,5.4,6,0.3,4.5,4.7,4.5,1,0.1,1.8,2.6,22.5,10.1,21.9,4.6,11.3,7.8,8.7,0.4,6.5,6.8,6.5,1.5,0.2,2.6,3.8,32.6,129.7,96.3,5,173,7,16.3,2.2,5.4,0.405,1.8,4.7,0.386,0.4,0.7,0.528,0.573,0.4,0.4,0.925,0.4,1.5,1.9,1.4,0.5,0.1,0.4,1.3,6.5,4.046,2.438,0.051,0.003,23.948,-1.6,1.1,77,1,2.662
7,82.14,50.2,Jamal Murray,2016,7,DEN,DEN,3,0.402,101.9,-0.8,105,2.3,-2.81,95.7,105.6,-0.8,108.9,2.5,-3.2,0.402,-3.1,"PG,SG",0,19.33,77,200,Kentucky,4,1,0.75,79.5,68.1,20.23,8.84,115.6,99,36,36,1,35.2,6.8,14.9,0.454,3.1,7.7,0.408,3.3,4.2,0.783,3.7,1.5,5.2,2.2,1,0.3,2.3,2.1,20,22.7,0.59,0.515,0.283,649,4.9,11.2,8.2,12.1,1.6,0.9,12.1,27.3,4.4,1.7,6.1,0.193,8.1,1.4,9.5,7.7,17,3.6,8.7,3.8,4.8,1.7,4.2,5.9,2.5,1.1,0.3,2.7,2.4,22.7,11.3,25,5.2,12.9,5.5,7.1,2.5,6.2,8.6,3.7,1.6,0.5,3.9,3.5,33.4,120.3,102.8,8,536,462,31.3,6.6,14.6,0.455,2.1,5.6,0.381,4.5,8.9,0.502,0.529,2.6,2.9,0.87,0.8,3,3.8,4.7,1,0.4,2,1.8,18,86.194,0.957,0.405,0.009,24.209,-0.1,1.4,79,1.026,2.597
0,1,0,Sir'Dominic Pointer,2015,53,CLE,CLE,3,0.646,103.1,3.1,98.7,-1.3,4.08,92.3,111.1,5.5,106.3,0.7,4.8,0.646,4.4,"SG,SF",0,23.13,77,192,St. John's,0,4,0.636,71,67.9,11.85,9.04,104.6,100,33,32,0.97,34.6,5.3,10.1,0.524,0.1,0.8,0.08,3,4.2,0.725,5.7,1.9,7.7,3,1.9,2.4,2,3,13.7,24.7,0.566,0.075,0.413,465,6.3,17.2,11.9,18,3.3,7.4,14.2,21,2.8,2.4,5.2,0.18,4.6,5.5,10.1,6.1,11.7,0.1,0.9,3.5,4.8,2.2,6.6,8.9,3.4,2.2,2.8,2.3,3.5,15.8,9.1,17.3,0.1,1.3,5.2,7.1,3.3,9.8,13.1,5.1,3.3,4.1,3.4,5.1,23.4,113.8,94.2,0,0,0,0,0,0,0,0,0,0,0,0,0,0,0,0,0,0,0,0,0,0,0,0,0,0,0,1.5,0.333,0.069,22.192,-1.6,5,80,1.039,2.494
5,80.28,49.05,Aaron Gordon,2014,4,ORL,ORL,3,0.28,96.5,-4.5,102,1,-5.88,93.6,101.7,-4.9,107.4,0.8,-5.7,0.317,-5.5,"PF,SF",1,18.77,80.75,220,Arizona,3,1,0.868,72.9,58.6,23.36,9.04,112.3,90.2,38,38,1,31.2,5,10.1,0.495,0.4,1.2,0.356,2,4.7,0.422,5.3,2.7,8,2,0.9,1,1.4,2.4,12.4,20.4,0.503,0.118,0.471,469,10.4,19.3,14.9,13,1.8,3.4,10.5,23.2,2.1,3.3,5.4,0.183,3.7,4.7,8.4,6.4,12.9,0.5,1.5,2.6,6.1,3.4,6.8,10.2,2.5,1.1,1.3,1.9,3,15.8,9.9,20.1,0.8,2.4,4,9.5,5.4,10.6,15.9,3.9,1.8,2.1,2.9,4.7,24.7,108.9,88.6,11,720,622,29.3,5.1,10.6,0.484,1.1,3.2,0.331,4.1,7.4,0.55,0.534,2.2,3.2,0.693,1.7,4.5,6.2,2.7,0.7,0.6,1.5,2,13.6,86.389,1.429,0.509,0.032,24.036,-0.3,2.4,83.75,1.037,2.724
5,57.98,35.25,Marcus Smart,2014,6,BOS,BOS,4,0.305,96.2,-4.8,100.7,-0.3,-4.97,93.3,102.9,-3.7,107.7,1.1,-4.8,0.341,-4.5,"PG,SG",0,20.3,75.25,227,Oklahoma State,0,2,0.618,80.2,69.6,19.02,8.34,112.8,97.8,31,31,1,32.7,5.3,12.5,0.422,1.6,5.3,0.299,5.9,8.1,0.728,4.5,1.4,5.9,4.8,2.9,0.6,2.6,2.9,18,26.9,0.552,0.425,0.648,589,5.1,14.9,10.2,30.1,5,1.9,14,29.2,3.1,2.5,5.6,0.22,6.5,5.5,12,6.4,15.2,1.9,6.5,7.2,9.9,1.7,5.5,7.2,5.8,3.5,0.7,3.2,3.6,22,9.2,21.9,2.8,9.3,10.3,14.2,2.5,7.9,10.4,8.4,5,1,4.7,5.2,31.6,114.3,92.3,11,635,387,29.5,3.6,9.2,0.388,1.6,4.9,0.324,2,4.3,0.461,0.474,1.9,2.4,0.776,0.8,2.6,3.4,4.6,1.6,0.4,1.9,2.5,10.6,60.945,1.846,0.311,0.018,26.578,-0.6,4.2,81.25,1.08,3.017
7,86.1,52.65,Julius Randle,2014,7,LAL,LAL,2,0.329,103,2,109.2,8.2,-5.33,98.7,104.2,-2.4,110.6,4,-6.4,0.305,-6.2,"SF,PF",0,19.57,81,250,Kentucky,4,1,0.725,74.8,66.6,18.07,9.89,112.4,100.1,40,40,1,30.8,4.9,9.8,0.501,0.1,0.5,0.167,5.1,7.2,0.706,6.9,3.5,10.4,1.4,0.5,0.8,2.5,2.3,15,24.5,0.567,0.046,0.739,599,13.3,24.7,19.2,10,1,2.6,16.1,25.4,3.5,2.4,5.9,0.191,5.4,2.1,7.5,6.4,12.7,0.1,0.6,6.6,9.4,4.5,9,13.5,1.8,0.6,1,3.3,3,19.4,9.6,19.2,0.1,0.9,10,14.2,6.8,13.6,20.5,2.8,1,1.5,5,4.5,29.5,115.9,97.8,11,710,630,32,6.9,14.6,0.471,1.2,3.6,0.334,5.7,11,0.516,0.512,4,5.4,0.753,2,7.2,9.1,3.8,0.7,0.4,2.8,3,19,88.732,0.56,0.507,0.026,26.628,4.8,1.6,84,1.037,3.086
0,20.22,11.89,Nik Stauskas,2014,8,SAC,PHI,1,0.232,99.5,-1.5,109.9,8.9,-10.66,99.2,99.4,-7.2,109.9,3.3,-10.4,0.195,-10.4,SG,0,20.71,78.5,207,Michigan,2,2,0.757,73.9,65.1,18.52,9.65,117.5,103.4,36,36,1,35.6,5.1,10.9,0.47,2.6,5.8,0.442,4.7,5.7,0.824,2.5,0.4,2.9,3.3,0.6,0.3,1.9,1.3,17.5,22.7,0.642,0.528,0.518,594,1.6,8.8,5.3,18.8,1,0.9,12,24.4,5,1.1,6.2,0.193,8.4,0.9,9.3,5.8,12.3,2.9,6.5,5.2,6.4,0.5,2.8,3.3,3.7,0.6,0.3,2.1,1.5,19.7,9.2,19.7,4.6,10.4,8.4,10.2,0.7,4.5,5.2,5.9,1,0.5,3.3,2.3,31.5,127.9,109,6,343,63,19.5,2.2,5.8,0.389,1.2,3.3,0.354,1.1,2.5,0.435,0.49,1,1.3,0.812,0.2,1.8,2,1.5,0.4,0.2,1,1.2,6.7,18.367,1.737,0.16,0.008,23.467,5.3,0.9,79.75,1.016,2.637
3,43.49,26.29,Noah Vonleh,2014,9,CHO,POR,1,0.659,106.7,5.7,102.8,1.8,4.44,94.9,111.5,4.9,107.4,0.8,4.2,0.634,3.9,"PF,C",0,18.84,81.5,247,Indiana,2,1,0.531,72.2,67.6,11.32,6.64,104.8,98,30,29,0.967,26.5,3.8,7.2,0.523,0.5,1.1,0.485,3.2,4.5,0.716,6.6,2.4,9,0.6,0.9,1.4,2.1,2.7,11.3,22.2,0.604,0.153,0.62,321,10.8,27.3,19.4,4.9,1.9,5.4,18.6,21.4,1.6,2,3.6,0.182,2.9,3.7,6.6,5.7,10.9,0.8,1.7,4.8,6.8,3.6,10,13.6,0.9,1.3,2.1,3.2,4.1,17,8.3,15.8,1.2,2.4,7,9.8,5.2,14.5,19.7,1.3,1.9,3,4.7,5.9,24.8,113,91.7,8,362,172,16.2,1.8,3.9,0.459,0.3,0.8,0.307,1.5,3.1,0.501,0.492,0.8,1.2,0.692,1.3,3.6,4.9,0.7,0.4,0.4,0.8,1.8,4.7,47.514,0.286,0.364,0.053,24.963,1,3.4,88.25,1.083,3.031
5,71.23,43.45,Elfrid Payton,2014,10,PHI,ORL,3,0.28,96.5,-4.5,102,1,-5.88,93.6,101.7,-4.9,107.4,0.8,-5.7,0.317,-5.5,PG,0,20.34,75.75,185,Louisiana,0,3,0.657,81,75.2,2.91,-0.28,111.4,103.4,35,34,0.971,35.9,6.8,13.3,0.509,0.4,1.5,0.259,5.3,8.6,0.609,3.7,2.3,6,5.9,2.3,0.6,3.6,2.4,19.2,25.2,0.551,0.116,0.648,732,7.1,11.7,9.4,32.9,3.6,1.7,17.2,27.6,3.7,1.9,5.6,0.177,5.1,1.7,6.8,7.5,14.8,0.4,1.7,5.9,9.6,2.6,4.1,6.7,6.6,2.5,0.7,4,2.6,21.4,10.6,20.8,0.6,2.4,8.2,13.5,3.6,5.8,9.4,9.3,3.6,0.9,5.7,3.7,30.1,113.7,102.5,9,524,404,26.5,4.1,9.1,0.444,0.4,1.3,0.286,3.7,7.9,0.47,0.464,1.3,2.1,0.623,1,3,4,5.8,1.2,0.3,2.2,2,9.8,77.099,1.639,0.622,0.017,22.438,-0.3,3.2,80,1.056,2.442
3,17.42,10.16,Doug McDermott,2014,11,DEN,CHI,0,0.585,93.7,-7.3,91.8,-9.2,1.2,90.2,102.5,-4.1,100.5,-6.1,2,0.573,1.9,"SF,PF",0,22.48,79.75,218,Creighton,2,4,0.771,78.7,67.9,18.03,7.17,120.6,104,35,35,1,33.7,9.4,17.9,0.526,2.7,6.1,0.449,5.1,5.9,0.864,5.3,1.6,7,1.6,0.2,0.1,1.8,1.9,26.7,32.8,0.644,0.341,0.329,788,6.4,17.8,12.6,11.5,0.4,0.5,7.9,36.2,6.3,1.4,7.7,0.261,11.4,-0.5,10.9,11.2,21.2,3.3,7.2,6,7,1.9,6.3,8.3,1.9,0.3,0.2,2.1,2.3,31.6,17.1,32.5,5,11.1,9.2,10.7,3,9.7,12.7,2.9,0.4,0.3,3.2,3.5,48.4,127.4,106,11,697,97,19.5,3.2,6.9,0.47,1.4,3.4,0.411,1.8,3.4,0.53,0.573,0.7,0.9,0.804,0.4,1.7,2.1,1,0.2,0.1,0.6,1.4,8.6,13.917,0.889,0.302,0.003,24.752,-3.7,0.5,81.25,1.019,2.734
7,83.53,51.06,Zach LaVine,2014,13,MIN,MIN,2,0.488,106.9,5.9,104.3,3.3,3.1,97.3,108.9,2.3,106.2,-0.4,2.7,0.585,2.6,SG,0,19.29,77.75,181,UCLA,3,1,0.757,81.2,70.4,18.4,7.62,115.1,99.8,37,1,0.027,24.4,3.4,7.8,0.441,1.3,3.5,0.375,1.3,1.8,0.691,2.1,0.5,2.5,1.8,0.9,0.2,1.1,2,9.4,14.6,0.545,0.444,0.236,324,2.4,9.5,6.1,12.6,2.1,0.8,11.6,20.1,1.4,1.2,2.5,0.111,1.7,1.2,2.9,5.6,12.7,2.1,5.7,2.1,3,0.8,3.4,4.2,2.9,1.5,0.3,1.9,3.2,15.4,8,18.2,3,8.1,3,4.3,1.1,4.8,5.9,4.2,2.1,0.4,2.7,4.6,22.1,109.1,104.8,11,654,565,32.8,7.4,15.8,0.47,2.3,6,0.391,5.1,9.8,0.518,0.544,3.6,4.3,0.833,0.4,3.6,4.1,4,0.9,0.3,2.6,2.1,20.8,86.391,1.636,0.238,0.008,21.085,3.4,1.8,80.25,1.032,2.328
3,59.12,35.96,T.J. Warren,2014,14,PHO,PHO,0,0.585,105.2,4.2,102.6,1.6,3.02,95.8,109.5,2.9,106.7,0.1,2.7,0.585,2.6,"SF,PF",0,20.8,80.25,220,NC State,1,2,0.611,71.1,69.6,9.02,7.44,108.1,105.7,35,35,1,35.4,9.8,18.6,0.525,0.9,3.3,0.267,4.5,6.5,0.69,3.9,3.2,7.1,1.1,1.8,0.6,2.4,2.8,24.9,31.3,0.574,0.178,0.347,775,10.8,12.7,11.8,8.6,3.1,1.8,9.9,35.5,4.7,1.7,6.5,0.209,9.2,1.6,10.8,11.1,21.1,1,3.7,5,7.3,3.7,4.4,8.1,1.3,2,0.7,2.7,3.1,28.1,17,32.5,1.5,5.8,7.8,11.3,5.6,6.8,12.4,2,3.1,1,4.1,4.8,43.4,116.6,103.6,9,385,236,26.9,5.9,11.7,0.505,0.7,2,0.351,5.2,9.7,0.537,0.535,1.8,2.3,0.78,1.2,2.7,3.9,1.2,0.9,0.5,0.9,2.3,14.3,61.299,0.458,0.821,0.017,25.48,1.9,2.7,82.25,1.025,2.741
0,22.19,13.11,Adreian Payne,2014,15,ATL,MIN,2,0.488,106.9,5.9,104.3,3.3,3.1,97.3,108.9,2.3,106.2,-0.4,2.7,0.585,2.6,"PF,C",0,23.35,81.75,239,Michigan State,3,4,0.763,75.5,65.6,19.35,9.38,113.3,98.4,31,28,0.903,28.1,5.7,11.4,0.503,1.4,3.4,0.423,3.5,4.5,0.79,5.7,1.5,7.3,1.3,0.5,0.9,2,2.6,16.4,25.1,0.607,0.294,0.39,443,6.8,22.9,15.2,10.2,1,3.8,13.1,28.9,2.7,1.7,4.3,0.2,5.5,2,7.5,8.2,16.3,2,4.8,5,6.3,2.2,8.1,10.3,1.9,0.7,1.3,2.9,3.7,23.4,12.4,24.7,3.1,7.2,7.6,9.6,3.3,12.3,15.7,2.9,1,2,4.4,5.6,35.5,116.5,97.6,4,107,24,13.1,1.6,4,0.406,0.1,0.6,0.254,1.5,3.5,0.43,0.423,0.6,0.9,0.68,0.7,2.2,2.9,0.6,0.4,0.3,0.8,1.9,4,22.43,0.65,0.263,0.032,25.656,3.4,2,88,1.076,2.924
0,2.54,0.95,James Young,2014,17,BOS,BOS,4,0.305,96.2,-4.8,100.7,-0.3,-4.97,93.3,102.9,-3.7,107.7,1.1,-4.8,0.341,-4.5,SG,0,18.86,78.75,213,Kentucky,4,1,0.725,74.8,66.6,18.07,9.89,112.4,100.1,40,39,0.975,32.4,4.6,11.3,0.407,2.1,5.9,0.349,3.1,4.4,0.706,3.3,1,4.3,1.7,0.8,0.2,1.9,2.1,14.3,16.6,0.536,0.522,0.393,527,3.7,11,7.5,10.8,1.4,0.6,12.3,23.4,3,1.7,4.7,0.145,4.2,1.9,6.1,5.6,13.9,2.5,7.3,3.9,5.5,1.3,4,5.3,2.1,0.9,0.2,2.3,2.6,17.7,8.6,21.1,3.8,11,5.9,8.3,1.9,6.1,8,3.1,1.4,0.4,3.5,3.9,26.8,114.8,104.3,4,95,0,8.5,0.8,2.2,0.367,0.4,1.4,0.277,0.4,0.8,0.534,0.457,0.3,0.5,0.563,0.2,0.8,1,0.3,0.3,0.1,0.2,0.6,2.3,0,0.895,0.303,0.006,24.742,-0.6,1.1,84,1.067,2.705
0,13.19,7.54,Tyler Ennis,2014,18,PHO,LAL,2,0.329,103,2,109.2,8.2,-5.33,98.7,104.2,-2.4,110.6,4,-6.4,0.305,-6.2,PG,0,19.84,74.5,182,Syracuse,1,1,0.824,68,59.2,16.05,7.25,111.6,97.2,34,34,1,35.7,4.4,10.6,0.411,0.9,2.5,0.353,3.4,4.4,0.765,2.6,0.8,3.4,5.5,2.1,0.2,1.7,2,12.9,21.3,0.511,0.236,0.414,480,2.6,9,5.7,32.3,3.9,0.7,11.9,21.9,3.2,2.2,5.5,0.18,4.8,3.9,8.7,4.9,11.9,1,2.8,3.8,4.9,0.9,2.9,3.8,6.2,2.3,0.2,1.9,2.3,14.5,8.1,19.6,1.6,4.6,6.2,8.1,1.5,4.8,6.3,10.2,3.9,0.3,3.2,3.8,24,117.4,98.7,4,186,21,12.6,1.7,4.1,0.419,0.4,1.1,0.317,1.4,3,0.458,0.463,0.4,0.5,0.768,0.3,1.1,1.3,1.9,0.5,0.1,0.9,1.3,4.2,11.29,3.235,0.308,0.006,22.918,4.8,2.5,79.25,1.064,2.443
5,65.69,40.02,Gary Harris,2014,19,CHI,DEN,3,0.439,104.4,3.4,106.5,5.5,-1.4,98.1,106,-0.6,108.2,1.6,-2.2,0.427,-2.1,SG,0,19.78,76.5,205,Michigan State,3,2,0.763,75.5,65.6,19.35,9.38,113.3,98.4,35,34,0.971,32.3,5.6,13,0.429,2.3,6.6,0.352,3.3,4.1,0.81,2.9,1.1,4,2.7,1.8,0.4,1.7,2.1,16.7,22.5,0.561,0.505,0.312,542,4,10.2,7.3,16.8,3.4,1.6,10.3,26.8,3.3,2,5.3,0.188,6.6,3.7,10.3,6.9,16.1,2.9,8.1,4.1,5,1.3,3.6,5,3.3,2.2,0.5,2.1,2.6,20.7,10.5,24.4,4.3,12.3,6.2,7.6,2,5.5,7.5,5,3.4,0.8,3.2,3.9,31.4,116.9,99.3,11,618,446,27,3.8,8.6,0.446,1.5,4,0.369,2.4,4.6,0.512,0.531,1.3,1.6,0.81,0.6,1.7,2.3,1.8,1.1,0.2,1,1.7,10.4,72.168,1.588,0.379,0.012,25.504,4.2,2.7,78.75,1.029,2.68
7,84.87,51.89,Tyrese Haliburton,2020,12,SAC,IND,3,0.616,109.4,-2.4,107.5,-4.3,1.63,98.9,110,-0.6,108,-2.6,2,0.562,1.9,"PG,SG",1,20.32,77,175,Iowa State,0,2,0.375,72,73,9.1,10.07,101.8,103.2,22,22,1,36.7,5.6,11.1,0.504,2.4,5.6,0.419,1.7,2,0.822,4.4,1.5,5.9,6.5,2.5,0.7,2.8,1.3,15.2,25.9,0.631,0.508,0.184,365,4.6,13.7,9.2,35.3,3.8,2,18.7,20.1,2.7,1,3.8,0.187,8,3.7,11.7,6.1,12.1,2.6,6.1,1.8,2.2,1.6,4.8,6.4,7,2.7,0.7,3,1.4,16.6,8.7,17.2,3.7,8.7,2.6,3.2,2.3,6.8,9.1,10,3.8,1.1,4.3,2,23.6,121.5,101.1,5,333,294,33,6.3,13.3,0.477,2.6,6.6,0.392,3.8,6.7,0.56,0.574,2.3,2.7,0.855,0.6,3,3.7,8.8,1.5,0.6,2.1,1.3,17.5,88.288,2.321,0.341,0.019,20.564,-1.4,3.4,80,1.039,2.273
0,3.04,1.26,Jordan Adams,2014,22,MEM,MEM,3,0.61,96.1,-4.9,94.6,-6.4,2.18,89.9,106.3,-0.3,104.6,-2,1.7,0.561,1.5,"SG,SF",0,19.96,76.75,209,UCLA,3,2,0.757,81.2,70.4,18.4,7.62,115.1,99.8,36,36,1,30.1,5.8,11.9,0.485,1.4,4.1,0.356,4.4,5.3,0.836,3.5,1.9,5.3,2.3,2.6,0.1,1.5,2.2,17.4,28.3,0.603,0.34,0.441,594,7.5,13.1,10.4,14.7,5,0.6,9.4,26.5,4.2,2.2,6.4,0.237,7.4,4.1,11.5,7.7,15.9,1.9,5.4,5.8,7,2.5,4.6,7.1,3.1,3.5,0.2,2,2.9,23.1,11,22.6,2.7,7.7,8.3,10,3.5,6.6,10.1,4.4,5,0.3,2.9,4.1,33,125.1,96.9,2,32,0,8.2,1.2,2.9,0.402,0.3,0.8,0.385,0.8,2.1,0.409,0.457,0.5,0.9,0.607,0.3,0.7,0.9,0.6,0.6,0.2,0.5,0.8,3.2,0,1.533,0.543,0.003,25.771,-4,3.7,82,1.068,2.723
3,53.05,32.2,Rodney Hood,2014,23,UTA,UTA,1,0.305,95,-6,102.2,1.2,-6.26,91.4,103.5,-3.1,111.3,4.7,-7.8,0.268,-7.2,"SG,SF",0,21.68,80.5,208,Duke,4,3,0.743,78.4,67.4,19.51,8.48,119.4,102.6,35,33,0.943,32.9,5.5,11.8,0.464,2,4.8,0.42,3.1,3.9,0.807,3.1,0.8,3.9,2.1,0.7,0.3,1.5,2.6,16.1,20.1,0.59,0.41,0.328,507,2.9,11.7,7.2,13.2,1.3,0.8,10.2,23.8,3.6,1.2,4.9,0.17,6.3,0.9,7.2,6.6,14.3,2.5,5.9,3.8,4.7,1,3.8,4.8,2.6,0.9,0.3,1.9,3.2,19.5,10.2,21.9,3.8,9,5.8,7.2,1.5,5.8,7.3,4,1.3,0.5,2.9,4.8,29.9,122.5,107,8,448,253,24.5,3.8,9,0.42,1.4,4,0.366,2.3,5,0.462,0.5,1.4,1.7,0.841,0.4,2.2,2.6,1.6,0.7,0.2,1,1.9,10.4,56.473,1.4,0.258,0.009,23.539,-2.5,1.2,80.5,1,2.584
0,18.75,10.98,Shabazz Napier,2014,24,CHO,POR,1,0.659,106.7,5.7,102.8,1.8,4.44,94.9,111.5,4.9,107.4,0.8,4.2,0.634,3.9,PG,0,22.95,73,175,UConn,3,4,0.8,71.8,63.2,17.23,8.62,108.9,95.9,40,40,1,35.1,5.3,12.4,0.429,2.2,5.4,0.405,5.2,6,0.87,4.9,1,5.9,4.9,1.8,0.3,2.9,2.1,18,25.5,0.591,0.433,0.48,745,3.4,15,9.7,30.8,3.2,1,15.8,27.5,4.9,3.1,7.9,0.226,7.5,4.5,12,6.1,14.1,2.5,6.1,5.9,6.8,1.1,5.6,6.7,5.6,2.1,0.4,3.2,2.4,20.5,9.3,21.6,3.8,9.3,9,10.3,1.7,8.5,10.2,8.5,3.2,0.6,5,3.7,31.3,118.9,94.9,6,345,55,17.4,2.3,5.9,0.397,1,2.9,0.345,1.3,3,0.448,0.482,1.4,1.7,0.815,0.3,1.6,1.9,2.5,0.8,0.1,1.3,1.2,7.1,15.942,1.69,0.204,0.009,23.667,1,2.5,75.25,1.031,2.397
0,44.16,26.7,P.J. Hairston,2014,26,MIA,CHO,0,0.524,96.9,-4.1,97.1,-3.9,-0.89,92.4,103.6,-3,103.8,-2.8,-0.2,0.488,-0.2,"SF,SG",0,21.5,77.25,229,UNC,4,2,0.694,76.7,69.2,14.57,8.06,106.8,96.3,34,14,0.412,23.6,4.7,10.9,0.431,2.6,6.6,0.396,2.6,3.3,0.779,2.4,1.9,4.3,1.4,1.3,0.4,1.1,1.9,14.6,27.1,0.586,0.61,0.306,437,8.4,12.5,10.2,11.2,3,1.7,8.4,27,3.4,1.2,4.6,0.228,10.1,2.3,12.4,7.9,18.4,4.4,11.2,4.4,5.6,3.2,4.1,7.3,2.3,2.1,0.7,1.9,3.2,24.6,11,25.6,6.2,15.6,6.1,7.9,4.5,5.7,10.2,3.2,3,1,2.7,4.4,34.4,123.2,98.1,2,111,54,18,2.1,6.1,0.343,1.1,3.6,0.295,1,2.5,0.414,0.431,0.7,0.9,0.81,0.4,2,2.4,0.5,0.5,0.2,0.6,1.8,6,48.649,1.273,0.792,0.017,25.253,-1.5,2.8,81,1.049,2.964
0,2.29,0.8,C.J. Wilcox,2014,28,LAC,LAC,1,0.695,107.9,6.9,101,0,7.27,95.9,112.1,5.5,104.8,-1.8,7.2,0.72,6.9,SG,0,23.49,77,201,Washington,0,4,0.531,74.5,74.7,6.26,6.45,107.7,108,32,31,0.969,34.9,6.2,13.6,0.453,2.8,7.2,0.391,3.2,3.7,0.873,3,0.7,3.7,2.5,1,1,1.7,2.3,18.3,22,0.598,0.529,0.271,527,2.3,10.6,6.4,15.4,1.7,2.8,9.9,24.6,3.6,0.9,4.4,0.159,7.4,1,8.4,7.1,15.6,3.2,8.2,3.7,4.2,0.8,3.5,4.3,2.9,1.1,1.1,1.9,2.7,21,10.3,22.7,4.7,12,5.4,6.2,1.1,5.1,6.2,4.2,1.7,1.7,2.8,3.9,30.7,121.9,110,3,66,0,5.7,0.8,2,0.37,0.3,0.9,0.333,0.5,1.2,0.397,0.441,0.2,0.2,0.813,0.1,0.4,0.5,0.5,0.2,0.1,0.3,0.5,2,0,1.471,0.233,0.029,22.907,2,2.2,81.75,1.062,2.61
7,81.54,49.83,Dejounte Murray,2016,29,SAS,SAS,4,0.817,103.5,0.8,92.9,-9.8,10.28,93.8,110.3,3.9,99,-7.4,11.3,0.817,10.6,"PG,SG",0,19.76,77,170,Washington,0,1,0.559,83.9,80.8,11.21,8.12,105.7,101.8,34,34,1,33.5,5.9,14.3,0.416,1,3.5,0.288,3.2,4.9,0.663,4.6,1.4,6,4.4,1.8,0.3,3.2,2.6,16.1,16.8,0.485,0.243,0.342,565,4.1,13.7,8.8,25.6,2.8,0.8,16.3,25.8,1.2,1.6,2.8,0.099,1.9,1.8,3.6,7.1,17.1,1.2,4.1,3.9,5.8,1.7,5.4,7.1,5.3,2.2,0.4,3.9,3.2,19.2,9.1,21.9,1.5,5.3,5,7.5,2.2,7,9.1,6.8,2.8,0.5,5,4.1,24.7,99.7,102,8,503,432,29.3,6.2,13.6,0.453,1.2,3.5,0.34,5,10.1,0.493,0.497,2,2.5,0.79,0.9,4.9,5.8,5.4,1.5,0.3,2.1,1.8,15.5,85.885,1.375,0.304,0.009,20.044,-2,2.6,81.5,1.058,2.208
3,41.46,25.03,Kyle Anderson,2014,30,SAS,SAS,4,0.756,105.4,4.4,97.6,-3.4,8,95,110.5,3.9,102.4,-4.2,8.1,0.744,7.8,"SF,PF",0,20.76,80.5,230,UCLA,3,2,0.757,81.2,70.4,18.4,7.62,115.1,99.8,36,36,1,33.2,5,10.5,0.48,0.8,1.6,0.483,3.8,5.2,0.737,7.5,1.3,8.8,6.5,1.8,0.8,3.1,1.7,14.6,24.7,0.566,0.154,0.493,603,4.5,25.5,15.4,34.3,3.1,2.7,19.1,24.1,3.1,2.6,5.6,0.189,6.3,4.5,10.9,6.1,12.6,0.9,1.9,4.6,6.2,1.5,9,10.5,7.8,2.1,0.9,3.7,2,17.6,8.6,18,1.3,2.8,6.5,8.9,2.1,12.9,15,11.1,3.1,1.3,5.3,2.9,25.2,113.4,95.4,11,714,308,21.5,2.7,5.6,0.478,0.4,1.2,0.34,2.3,4.4,0.516,0.514,1.1,1.5,0.716,0.8,3.5,4.3,2.8,1,0.6,1,1.6,6.8,43.137,2.097,0.173,0.024,24.507,1.1,3,86.75,1.078,2.857
0,13.22,7.56,K.J. McDaniels,2014,32,PHI,HOU,2,0.659,107.7,6.7,103.1,2.1,5.06,96.3,111,4.4,106.3,-0.3,4.7,0.646,4.6,"SF,SG",0,21.37,78,196,Clemson,0,3,0.639,63.5,58.4,11.08,5.97,103.9,95.5,36,35,0.972,33.7,5.8,12.6,0.459,1.2,3.8,0.304,4.3,5.1,0.842,4.7,2.4,7.1,1.6,1.1,2.8,2.3,2.2,17.1,28.4,0.566,0.303,0.402,579,8.8,15.9,12.5,12.8,2.3,8.9,13.3,29.1,3.6,3.1,6.7,0.221,7.4,5.6,12.9,6.9,15,1.4,4.6,5.1,6,2.8,5.6,8.4,1.9,1.4,3.3,2.7,2.6,20.3,11.5,25.1,2.3,7.6,8.5,10.1,4.7,9.3,14.1,3.1,2.3,5.5,4.6,4.4,33.9,114.4,90.8,3,148,16,14.1,1.9,4.6,0.412,0.5,1.6,0.29,1.4,2.9,0.479,0.464,1.1,1.4,0.776,0.6,1.5,2.2,0.6,0.5,0.6,1,1.4,5.3,10.811,0.696,0.511,0.083,22.957,2.4,4.7,83.25,1.067,2.513
3,52.87,32.09,Joe Harris,2014,33,CLE,BRK,0,0.537,98.5,-2.5,99.5,-1.5,-1.57,91.4,106.7,0.1,107.7,1.1,-1.1,0.463,-1,SG,0,22.8,78.25,215,Virginia,2,4,0.811,66.2,55.7,18.38,7.86,108.9,91.6,37,37,1,28.8,4,9.1,0.441,1.9,4.9,0.4,2,3.1,0.64,2.4,0.6,2.9,2.3,0.9,0.2,1.3,2.4,12,18.7,0.565,0.533,0.337,407,2.7,9.8,6.3,18.1,2.2,0.9,10.9,23.3,2.6,2.4,5,0.187,4.5,4.1,8.6,5.6,12.7,2.7,6.8,2.7,4.3,0.8,3.3,4.1,3.2,1.3,0.3,1.8,3.3,16.6,9.2,21,4.5,11.2,4.5,7.1,1.4,5.4,6.8,5.2,2.2,0.5,3,5.5,27.5,116,94.7,10,504,283,24.4,3.8,7.8,0.479,2,4.7,0.436,1.7,3.2,0.542,0.609,0.7,1,0.771,0.5,2.5,3,1.6,0.5,0.2,1,2,10.3,56.151,1.769,0.25,0.007,26.018,-2.5,1.6,78,0.997,2.748
0,17.05,9.93,Cleanthony Early,2014,34,NYK,NYK,2,0.451,98.6,-2.4,99.4,-1.6,-1.4,90.3,108.3,1.7,109.1,2.5,-0.9,0.476,-0.8,SF,0,23.19,79.25,209,Wichita State,0,2,0.972,75.2,59.5,16.65,1.74,116.2,91.9,36,36,1,27.4,5.2,10.7,0.484,1.8,4.9,0.373,4.2,5,0.844,4.6,1.3,5.9,0.8,0.8,0.8,1.9,2.3,16.4,26.5,0.627,0.459,0.464,507,5.9,18.6,12.5,6.4,1.8,3.3,12.9,28.8,3.6,2.5,6.1,0.246,6.4,2.6,9,7.6,15.7,2.7,7.2,6.1,7.3,1.9,6.7,8.6,1.1,1.2,1.1,2.8,3.4,24,11.8,24.3,4.1,11.1,9.5,11.3,3,10.4,13.4,1.7,1.8,1.8,4.4,5.2,37.2,121.3,91.4,2,56,9,14.3,1.6,4.5,0.346,0.5,1.8,0.263,1.1,2.8,0.4,0.398,0.7,0.9,0.75,0.5,1.7,2.2,0.8,0.5,0.3,0.9,1.3,4.3,16.071,0.421,0.283,0.029,24.024,-3.6,2.3,82.75,1.044,2.637
0,8.48,4.63,Jarnell Stokes,2014,35,UTA,MEM,3,0.61,96.1,-4.9,94.6,-6.4,2.18,89.9,106.3,-0.3,104.6,-2,1.7,0.561,1.5,"C,PF",0,20.46,80.5,263,Tennessee,2,3,0.649,72.2,61.7,17.34,7.84,114.2,97.6,37,37,1,32.4,5.4,10.1,0.531,0,0,0,4.3,6.2,0.696,6.4,4.2,10.6,2,0.7,0.9,2.1,2,15.1,27.6,0.576,0,0.613,575,15.3,23.1,19.2,13.7,1.4,2.9,13.7,24.6,4.2,2.6,6.8,0.227,7.1,2.4,9.5,6.6,12.5,0,0,5.3,7.7,5.2,7.9,13.1,2.5,0.9,1.1,2.6,2.4,18.6,10.6,19.9,0,0,8.5,12.2,8.2,12.6,20.8,4,1.4,1.8,4.1,3.9,29.6,121.9,95.4,3,28,2,5.4,0.9,1.5,0.581,0,0,0,0.9,1.5,0.581,0.581,0.6,1.1,0.531,0.6,0.8,1.4,0.3,0.3,0.2,0.3,1,2.4,7.143,0.952,0.656,0.028,28.392,-4,2,85.25,1.059,3.267
0,14.08,8.09,Johnny O'Bryant,2014,36,MIL,MIL,3,0.183,95.5,-5.5,103.7,2.7,-8.41,91.8,103,-3.6,111.8,5.2,-8.8,0.244,-8.2,"SF,PF",0,21.07,80.5,257,LSU,2,3,0.588,74.7,71.3,10.05,6.61,105.3,100.5,34,34,1,30,5.9,12,0.494,0,0.1,0.333,3.5,5.5,0.634,4.7,3,7.7,1.6,0.5,0.9,3.2,3.2,15.4,18.7,0.526,0.007,0.455,507,10.8,16.6,13.7,11.5,1,2.9,17.8,28.5,1.2,1.5,2.7,0.106,1.1,0.2,1.3,7.9,16,0,0.1,4.6,7.3,4,6.3,10.3,2.2,0.7,1.2,4.2,4.2,20.5,11.3,22.9,0.1,0.2,6.6,10.4,5.7,8.9,14.6,3.1,1,1.7,6,6,29.2,101.1,102.7,4,147,19,11.5,1.4,3.6,0.402,0.1,0.3,0.36,1.3,3.3,0.406,0.419,0.4,0.7,0.663,0.9,1.5,2.4,0.5,0.2,0.1,0.5,1.4,3.5,12.925,0.5,0.638,0.03,27.335,-2.1,1.9,86.25,1.071,3.193
0,1,0,DeAndre Daniels,2014,37,TOR,TOR,4,0.585,101.3,0.3,98,-3,2.55,91.8,108.8,2.2,105.3,-1.3,3.5,0.61,3.3,"SF,PF",0,22.19,80.5,196,UConn,3,3,0.8,71.8,63.2,17.23,8.62,108.9,95.9,38,38,1,29,4.9,10.6,0.469,1.3,3.2,0.417,1.8,2.3,0.787,4.6,1.4,6,0.4,0.7,1.4,1.5,2.4,13.1,20,0.559,0.299,0.222,437,6.3,16.9,12,3.6,1.4,5.2,11.2,24.2,2.1,2.4,4.4,0.16,3.1,2.5,5.6,6.8,14.5,1.8,4.4,2.5,3.2,2,6.3,8.3,0.6,0.9,2,2,3.3,18,10.4,22.2,2.8,6.6,3.9,4.9,3,9.6,12.6,0.9,1.4,3,3.1,5,27.4,110,95.6,0,0,0,0,0,0,0,0,0,0,0,0,0,0,0,0,0,0,0,0,0,0,0,0,0,0,0,0.267,0.304,0.048,20.737,-2.1,2.9,86,1.068,2.435
3,54.82,33.3,Spencer Dinwiddie,2014,38,DET,BRK,0,0.537,98.5,-2.5,99.5,-1.5,-1.57,91.4,106.7,0.1,107.7,1.1,-1.1,0.463,-1,"PG,SG",0,21.22,78,205,Colorado,1,3,0.657,70.2,68.2,10.8,8.8,103.7,100.7,17,17,1,31.1,3.6,7.7,0.466,1.5,3.7,0.413,6,7,0.857,2.6,0.5,3.1,3.8,1.5,0.2,1.8,1.9,14.7,24.8,0.667,0.481,0.908,248,1.8,9.6,5.8,26.3,2.9,0.8,13.8,21,2.2,0.8,3.1,0.231,6.2,3.9,10.1,4.6,9.9,2,4.8,7.7,9,0.6,3.3,3.9,4.8,2,0.3,2.3,2.4,18.9,6.9,14.8,2.9,7.1,11.5,13.4,0.9,5,5.9,7.2,2.9,0.5,3.4,3.6,28.2,135.3,102,11,621,345,27.7,4.2,10.2,0.414,1.6,4.7,0.333,2.7,5.5,0.483,0.491,3,3.8,0.796,0.4,2.6,3,5.1,0.7,0.3,1.6,2.2,13,55.556,2.111,0.192,0.006,22.957,-2.5,2.3,80.25,1.029,2.628
3,57.91,35.21,Jerami Grant,2014,39,PHI,OKC,4,0.72,106.2,5.2,99.8,-1.2,6.66,95.4,110.5,3.9,103.9,-2.7,6.6,0.707,6.4,"PF,SF",4,20.29,79.75,214,Syracuse,1,2,0.824,68,59.2,16.05,7.25,111.6,97.2,32,20,0.625,31.4,4.2,8.4,0.496,0,0.2,0,3.8,5.6,0.674,4.3,2.4,6.8,1.4,0.8,0.6,1.2,2.3,12.1,21.6,0.547,0.019,0.664,379,9.1,17.2,13,9.4,1.7,2.5,9.5,21.1,2.8,1.9,4.6,0.185,4,2.4,6.4,5.3,10.7,0,0.2,4.8,7.1,3.1,5.5,8.6,1.8,1,0.7,1.5,3,15.4,8.8,17.6,0,0.3,7.9,11.7,5.1,9.2,14.3,2.9,1.7,1.2,2.4,4.9,25.4,120.4,98.7,11,719,434,27.9,4.5,10,0.449,1.3,3.6,0.364,3.2,6.4,0.497,0.514,2.9,3.8,0.753,0.8,3.1,3.9,1.6,0.7,1,1.3,2.3,13.1,60.362,1.167,0.558,0.019,23.053,1.5,1.7,86.75,1.088,2.683
3,32.87,19.72,Glenn Robinson III,2014,40,MIN,IND,3,0.683,96.7,-4.3,92.3,-8.7,3.63,92.5,104.1,-2.5,99.3,-7.3,4.7,0.659,4.4,"SF,SG",1,20.46,78.75,211,Michigan,2,2,0.757,73.9,65.1,18.52,9.65,117.5,103.4,37,37,1,32.3,4.9,10.1,0.488,0.9,2.9,0.306,2.4,3.1,0.757,3,1.5,4.4,1.2,0.9,0.3,1.2,1.5,13.1,18.9,0.566,0.29,0.308,450,6,11.5,8.8,7.6,1.9,1,9.7,22.3,2.8,1.4,4.2,0.142,4.2,1.2,5.3,6.1,12.5,1.1,3.6,2.9,3.9,1.8,3.7,5.5,1.5,1.2,0.4,1.5,1.8,16.2,9.8,20,1.8,5.8,4.7,6.2,2.9,5.9,8.8,2.4,1.9,0.6,2.5,3,26,116.2,105.9,7,304,105,17.4,2.3,5,0.457,0.6,1.7,0.373,1.6,3.3,0.501,0.521,0.8,1,0.779,0.7,1.9,2.6,0.8,0.5,0.2,0.5,0.9,5.9,34.539,1,0.5,0.009,25.253,-1.4,1.6,82,1.041,2.679
0,2.84,1.14,Nick Johnson,2014,42,HOU,HOU,2,0.659,107.7,6.7,103.1,2.1,5.06,96.3,111,4.4,106.3,-0.3,4.7,0.646,4.6,SG,1,21.51,75,198,Arizona,3,3,0.868,72.9,58.6,23.36,9.04,112.3,90.2,38,38,1,33.1,5.4,12.5,0.432,1.6,4.4,0.367,3.8,4.9,0.781,3.2,0.8,4.1,2.8,1.1,0.7,1.7,2,16.3,21.5,0.549,0.357,0.395,573,3,11.1,7.2,17.6,2.1,2,10.2,26.3,3.6,3.1,6.7,0.212,5.8,4.9,10.7,6.5,15.1,2,5.4,4.6,6,1,3.9,4.9,3.4,1.4,0.8,2,2.4,19.7,10.2,23.5,3.1,8.4,7.3,9.3,1.5,6.1,7.7,5.3,2.1,1.2,3.2,3.8,30.7,117,92.4,1,28,0,9.4,0.9,2.7,0.347,0.2,0.8,0.238,0.8,1.9,0.389,0.38,0.6,0.9,0.68,0.5,0.9,1.4,0.4,0.3,0.1,0.7,1.2,2.6,0,1.647,0.25,0.021,24.931,2.4,2.2,79.25,1.057,2.64
0,29.63,17.71,Markel Brown,2014,44,MIN,BRK,0,0.537,98.5,-2.5,99.5,-1.5,-1.57,91.4,106.7,0.1,107.7,1.1,-1.1,0.463,-1,SG,0,22.4,75.5,184,Oklahoma State,0,4,0.618,80.2,69.6,19.02,8.34,112.8,97.8,34,34,1,35.3,5.6,11.8,0.473,1.6,4.3,0.379,4.4,5.7,0.768,4.2,1.1,5.3,2.9,1,1,1.6,2.5,17.2,22,0.591,0.361,0.483,562,3.5,12.9,8.4,16.9,1.6,3.1,10,23.1,3.7,2,5.7,0.191,6.3,2.7,8.9,6.3,13.4,1.8,4.8,5,6.5,1.2,4.8,6,3.3,1.1,1.2,1.8,2.9,19.5,9.1,19.3,2.6,6.9,7.1,9.3,1.7,6.8,8.6,4.7,1.6,1.7,2.6,4.1,28,121.7,100.4,3,113,35,15.9,1.8,4.8,0.38,0.5,1.7,0.295,1.3,3.1,0.427,0.432,1,1.3,0.781,0.4,1.7,2.1,1.2,0.6,0.2,0.7,1.4,5.2,30.973,1.812,0.262,0.028,23.823,-2.5,2.3,80.75,1.07,2.437
3,35.04,21.06,Dwight Powell,2014,45,CHO,DAL,3,0.598,104.8,3.8,102.4,1.4,2.91,93.5,111.2,4.6,108.7,2.1,2.5,0.585,2.4,"C,PF",0,22.93,83,234,Stanford,0,4,0.639,72.7,68.2,13.42,9,108,101.4,36,36,1,32.4,4.9,10.5,0.462,0.3,1.1,0.256,4,5.9,0.687,4.9,1.9,6.9,3.1,1.3,0.8,2.9,3.1,14,19.7,0.527,0.103,0.557,537,7.3,17.3,12.5,20.4,2.4,2.8,17.8,26,1.8,2,3.8,0.131,2.7,3,5.7,6,13,0.3,1.3,5,7.2,2.4,6.1,8.5,3.8,1.6,1,3.6,3.9,17.3,8.9,19.4,0.5,2,7.4,10.8,3.6,9,12.6,5.7,2.4,1.5,5.3,5.8,25.8,104.3,99.6,11,705,254,17.8,2.5,4.1,0.604,0.2,0.6,0.294,2.3,3.5,0.657,0.626,1.6,2.1,0.736,1.5,2.7,4.2,1,0.6,0.4,0.7,2.2,6.7,36.028,1.069,0.388,0.025,24.963,-0.4,2.6,84.5,1.018,2.819
3,35.59,21.4,Jordan Clarkson,2014,46,WAS,LAL,2,0.329,103,2,109.2,8.2,-5.33,98.7,104.2,-2.4,110.6,4,-6.4,0.305,-6.2,"SG,PG",0,22.05,77,186,Missouri,1,4,0.657,72.9,69.7,10.06,6.86,109.7,104.9,35,35,1,35.1,6,13.3,0.448,0.9,3.3,0.281,4.6,5.6,0.831,3,0.8,3.8,3.4,1.1,0.2,2.7,2.2,17.5,20.2,0.547,0.244,0.418,605,2.9,9.3,6.4,23.3,1.9,0.6,14.3,27.9,3.2,1.2,4.4,0.142,3.8,0.5,4.3,6.8,15.2,1,3.7,5.3,6.4,0.9,3.5,4.4,3.8,1.2,0.2,3,2.5,19.9,10.4,23.1,1.6,5.6,8,9.7,1.4,5.3,6.6,5.8,1.9,0.3,4.6,3.8,30.3,112.7,108.2,11,753,231,27.7,6,13.7,0.436,1.9,5.5,0.336,4.1,8.1,0.504,0.504,2.2,2.6,0.829,0.9,2.5,3.4,2.9,0.8,0.2,1.9,1.7,16,30.677,1.259,0.267,0.006,22.647,4.8,1.4,80,1.039,2.416
0,2.39,0.86,Russ Smith,2014,47,PHI,MEM,3,0.61,96.1,-4.9,94.6,-6.4,2.18,89.9,106.3,-0.3,104.6,-2,1.7,0.561,1.5,PG,0,23.18,72.75,160,Louisville,3,4,0.838,81,61.1,24.69,4.79,117.4,88.6,37,36,0.973,29.3,6.1,13,0.468,1.9,4.9,0.387,4.1,5.9,0.705,2.5,0.8,3.3,4.6,2,0.1,2.8,2.5,18.2,26.2,0.576,0.376,0.451,662,2.9,9.6,6.2,31.6,4,0.4,15.2,30.7,3.9,2.9,6.7,0.249,7.2,4.3,11.5,8.3,17.7,2.6,6.7,5.6,8,1.1,3.4,4.5,6.3,2.7,0.1,3.9,3.4,24.8,12,25.7,3.7,9.7,8.2,11.6,1.6,5,6.5,9.2,4,0.2,5.6,4.9,36,116.9,89.8,2,27,0,4.9,0.6,1.7,0.319,0.1,0.6,0.188,0.4,1.1,0.387,0.351,0.7,1,0.769,0.1,0.5,0.6,0.7,0.3,0,0.7,0.7,2,0,1.643,0.32,0.003,22.097,-4,2.8,75.5,1.038,2.199
0,2.92,1.19,Lamar Patterson,2014,48,MIL,ATL,3,0.463,101,0,101.5,0.5,-0.88,94.6,105.9,-0.7,106.4,-0.2,-0.5,0.488,-0.5,SG,0,22.87,77.25,226,Pitt,0,5,0.722,71.8,61.9,17.46,7.54,113,97.4,36,36,1,32.6,5.6,12.7,0.441,2.2,5.7,0.388,3.7,4.9,0.754,3.9,1,4.9,4.3,1.4,0.3,2.6,2,17.1,24.2,0.569,0.45,0.382,591,3.8,14.4,9.2,29.9,2.8,1.2,14.7,29.1,3.6,2.3,5.9,0.2,8.1,3.2,11.4,6.9,15.6,2.7,7,4.5,6,1.2,4.8,6,5.2,1.7,0.4,3.2,2.5,21,11,25,4.4,11.2,7.2,9.5,1.9,7.6,9.5,8.4,2.8,0.7,5.1,4,33.6,115.4,97.7,2,40,0,10.9,0.8,2.4,0.326,0.3,1.4,0.236,0.5,1,0.45,0.395,0.5,0.6,0.72,0.1,1.3,1.4,1.1,0.3,0.1,0.7,1.3,2.3,0,1.654,0.256,0.009,26.551,0.7,2.1,83,1.074,2.926
0,8.71,4.77,Cameron Bairstow,2014,49,CHI,CHI,0,0.585,93.7,-7.3,91.8,-9.2,1.2,90.2,102.5,-4.1,100.5,-6.1,2,0.573,1.9,"C,PF",0,23.55,81.75,252,New Mexico,0,4,0.794,74,66.1,12.72,4.84,111.2,99.4,34,34,1,32.9,7,12.5,0.556,0,0.1,0.333,6.4,8.8,0.735,5.1,2.2,7.4,1.6,0.6,1.5,2,2.1,20.4,29,0.611,0.007,0.7,627,8.5,16.5,12.8,11.8,1,4.9,10.7,29.9,4.5,2,6.5,0.232,7.2,2.5,9.7,8.5,15.2,0,0.1,7.8,10.7,2.7,6.3,9,1.9,0.7,1.8,2.4,2.6,24.8,12.9,23.2,0.1,0.2,11.9,16.2,4.1,9.5,13.7,2.9,1,2.8,3.7,3.9,37.8,122.9,99.6,2,36,3,4.6,0.4,1.5,0.296,0,0.1,0.2,0.4,1.4,0.306,0.306,0.3,0.4,0.846,0.3,0.7,1,0.2,0.1,0.1,0.2,0.8,1.2,8.333,0.8,0.431,0.046,26.628,-3.7,2.5,84.75,1.037,3.083
0,1,0,Alec Brown,2014,50,PHO,PHO,0,0.585,105.2,4.2,102.6,1.6,3.02,95.8,109.5,2.9,106.7,0.1,2.7,0.585,2.6,"PF,C",0,21.92,85.25,231,Green Bay,0,4,0.774,74.3,64.5,7.18,0.11,108.8,94.4,30,30,1,30.3,5.5,11.6,0.476,1.4,3.3,0.42,2.9,4,0.727,3.6,2.1,5.7,1,0.5,3.1,2.2,2.2,15.3,22.7,0.569,0.288,0.349,412,8.5,12.8,10.8,7,1,10.9,13.8,26.2,1.9,2,3.9,0.17,3,1.7,4.7,7.3,15.3,1.8,4.4,3.9,5.3,2.8,4.8,7.5,1.3,0.7,4.1,2.9,2.9,20.2,10.7,22.5,2.7,6.5,5.7,7.9,4.1,7,11.1,1.9,1,6.1,4.2,4.4,29.9,110.2,95.1,0,0,0,0,0,0,0,0,0,0,0,0,0,0,0,0,0,0,0,0,0,0,0,0,0,0,0,0.455,0.583,0.102,22.719,1.9,4.8,85.5,1.003,2.71
0,4.77,2.33,Semaj Christon,2014,55,MIA,OKC,4,0.72,106.2,5.2,99.8,-1.2,6.66,95.4,110.5,3.9,103.9,-2.7,6.6,0.707,6.4,PG,0,21.65,75.25,186,Xavier,1,2,0.618,71.8,68.1,11.84,8.13,108.5,102.9,34,34,1,35.3,5.9,12.4,0.479,0.6,1.4,0.388,4.6,6.9,0.668,2.2,0.4,2.7,4.2,1.3,0.2,2.6,2.1,17,19.1,0.544,0.117,0.56,565,1.5,7.4,4.6,25.3,2.3,0.8,14.3,26.9,2.6,1.3,4,0.133,3.7,1.5,5.2,6.7,14,0.6,1.6,5.2,7.8,0.5,2.5,3,4.7,1.5,0.3,3,2.4,19.3,10.2,21.3,1,2.5,8,11.9,0.8,3.9,4.6,7.2,2.3,0.4,4.5,3.7,29.3,109.9,106.4,1,64,1,15.2,1.2,3.5,0.345,0.2,1,0.19,1,2.5,0.406,0.372,0.3,0.5,0.548,0.3,1.1,1.4,2,0.4,0.1,0.7,1.2,2.9,1.562,1.615,0.182,0.006,23.823,1.5,1.8,78.5,1.043,2.472
0,15.66,9.07,Devyn Marble,2014,56,DEN,ORL,3,0.28,96.5,-4.5,102,1,-5.88,93.6,101.7,-4.9,107.4,0.8,-5.7,0.317,-5.5,SG,1,21.76,78.5,192,Iowa,2,4,0.606,81.5,70.3,18.58,7.43,115,99.3,33,33,1,30.2,5.5,13.2,0.42,1.6,4.5,0.349,4.3,6,0.714,2.4,0.8,3.2,3.6,1.8,0.2,1.7,1.9,17,22.6,0.528,0.342,0.456,534,2.9,8.6,5.9,23.6,3.5,0.8,9.7,28.4,3,1.6,4.6,0.187,6,3,9,7.4,17.5,2.1,6,5.7,8,1,3.2,4.3,4.7,2.4,0.3,2.3,2.6,22.5,10.5,25.1,3,8.6,8.2,11.4,1.5,4.6,6.1,6.8,3.5,0.4,3.3,3.7,32.2,116.2,100.8,2,44,7,10.4,0.8,2.6,0.304,0.3,1.2,0.222,0.5,1.4,0.377,0.357,0.3,0.9,0.375,0.3,1.3,1.6,0.7,0.5,0.1,0.4,0.9,2.2,15.909,2.118,0.333,0.007,22.957,-0.3,2.7,81,1.032,2.446
0,11.3,6.37,Jordan McRae,2014,58,SAS,CLE,3,0.402,98.2,-2.8,101.5,0.5,-3.86,93.1,104.2,-2.4,107.7,1.1,-3.5,0.39,-3.3,"SG,PG",0,23.24,77.25,179,Tennessee,2,4,0.649,72.2,61.7,17.34,7.84,114.2,97.6,37,37,1,32.2,6,13.8,0.436,2.1,6.1,0.351,4.5,5.7,0.788,2.8,0.7,3.5,2.5,0.7,1,2.1,2.1,18.7,24,0.565,0.439,0.414,623,2.6,10,6.3,17.6,1.3,3.3,11.2,30.4,4.3,2,6.2,0.21,8.1,2.5,10.5,7.5,17.2,2.7,7.6,5.6,7.1,0.9,3.4,4.3,3.1,0.8,1.3,2.6,2.6,23.3,11.9,27.4,4.2,12,8.9,11.3,1.4,5.5,6.9,4.9,1.3,2,4.1,4.2,37,119.2,100.7,4,123,9,13.8,2.5,5.9,0.417,0.7,1.9,0.355,1.8,4,0.447,0.474,1.3,1.7,0.772,0.3,1.6,1.8,1.4,0.4,0.2,0.7,1.2,6.9,7.317,1.19,0.25,0.031,23.428,-0.8,2.1,84.5,1.094,2.317
0,1,0,Xavier Thames,2014,59,TOR,TOR,4,0.585,101.3,0.3,98,-3,2.55,91.8,108.8,2.2,105.3,-1.3,3.5,0.61,3.3,"PG,SG",0,23.43,75.5,187,San Diego State,2,5,0.861,70.3,57,14.95,4.86,109.2,88.5,36,36,1,31.3,5.2,12.7,0.411,1.7,4.5,0.374,5.4,6.5,0.834,2.3,0.6,2.9,3.2,1.6,0.1,1.4,2,17.6,26.5,0.557,0.357,0.514,607,2.1,8.5,5.3,23.7,3.3,0.5,8.2,28.6,4.7,2.8,7.5,0.267,7.2,5.2,12.4,6.7,16.2,2.2,5.8,7,8.3,0.7,2.9,3.7,4.1,2.1,0.2,1.8,2.5,22.5,10.4,25.4,3.4,9.1,10.9,13.1,1.2,4.6,5.8,6.4,3.3,0.3,2.8,3.9,35.2,124.8,91.6,0,0,0,0,0,0,0,0,0,0,0,0,0,0,0,0,0,0,0,0,0,0,0,0,0,0,0,2.286,0.261,0.003,24.377,-2.1,2.3,76,1.007,2.477
0,5.09,2.53,Cory Jefferson,2014,60,SAS,BRK,0,0.537,98.5,-2.5,99.5,-1.5,-1.57,91.4,106.7,0.1,107.7,1.1,-1.1,0.463,-1,"SF,PF",0,23.5,81,218,Baylor,3,5,0.684,74.8,67.8,15.8,10.11,115.1,104.3,38,38,1,29,4.8,9.7,0.5,0.4,1,0.368,3.6,5.6,0.64,5.4,2.8,8.2,1,0.4,1.3,1.3,2.2,13.7,23.8,0.553,0.103,0.582,487,11.6,21,16.4,7.4,0.8,4.7,9.8,24.2,3.3,1.6,4.9,0.179,4.9,1.4,6.3,6.7,13.3,0.5,1.4,5,7.8,3.9,7.4,11.3,1.3,0.5,1.8,1.8,3,18.8,10.4,20.8,0.8,2.1,7.7,12.1,6,11.6,17.6,2.1,0.8,2.8,2.9,4.7,29.3,119.9,102.7,2,58,1,10,1.4,3.3,0.444,0,0.3,0.125,1.4,3,0.474,0.45,0.6,1,0.583,0.9,1.9,2.8,0.3,0.2,0.4,0.3,1.2,3.5,1.724,0.769,0.519,0.045,23.329,-2.5,2.3,84.5,1.043,2.691
0,18.21,10.65,Tyrone Wallace,2016,60,UTA,LAC,1,0.646,104.5,1.8,100.2,-2.5,4.13,95.8,108.3,1.9,103.8,-2.6,4.4,0.646,4.3,"SG,PG",0,22.04,77,198,California,0,4,0.676,74.9,67.3,15.39,7.87,108.5,97.6,28,25,0.893,32.2,5.4,12.3,0.44,0.9,3,0.298,3.6,5.5,0.649,4.3,1,5.3,4.4,1,0.4,2.6,2.3,15.3,19.7,0.513,0.245,0.449,446,3.5,14.3,9.1,28.5,1.8,1.3,15.1,27.4,1.8,1.6,3.4,0.149,3.6,3,6.6,6.7,15.2,1.1,3.7,4.4,6.8,1.2,5.4,6.6,5.5,1.2,0.5,3.3,2.8,19,9.8,22.3,1.6,5.5,6.5,10,1.8,7.9,9.6,8,1.8,0.8,4.8,4.1,27.8,106.6,98.8,4,112,19,15.3,2,4.7,0.422,0.2,0.7,0.207,1.8,4,0.462,0.438,0.9,1.4,0.656,0.4,1.7,2.1,1.1,0.5,0.2,0.8,1.7,5.1,16.964,1.692,0.233,0.012,23.428,0,1.7,81.5,1.058,2.571
7,81.2,49.62,D'Angelo Russell,2015,2,LAL,LAL,2,0.256,98.5,-1.5,105.3,5.3,-6.17,94,103.4,-2.2,110.6,5,-7.2,0.28,-6.8,PG,0,19.33,77,193,Ohio State,2,1,0.686,75.3,63,19.68,7.37,113.3,94.7,35,34,0.971,33.9,6.6,14.7,0.449,2.7,6.6,0.411,3.4,4.5,0.756,4.7,1,5.7,5,1.6,0.3,2.9,2.1,19.3,26.6,0.573,0.449,0.303,671,3.6,15.4,9.8,30.1,2.8,1.1,14.8,30.2,4.4,2.4,6.8,0.229,8.6,3.3,11.9,7.8,17.3,3.2,7.8,4,5.3,1.2,5.5,6.7,5.9,1.9,0.4,3.4,2.5,22.7,11.8,26.3,4.8,11.8,6,8,1.8,8.3,10.1,8.9,2.8,0.6,5.2,3.8,34.4,115.7,94.5,10,629,536,29.8,6.2,14.5,0.427,2.5,6.9,0.365,3.7,7.7,0.483,0.513,2.3,2.9,0.796,0.5,2.9,3.4,5.7,1.1,0.3,2.6,1.9,17.3,85.215,1.724,0.213,0.009,21.085,0.1,2.3,81.75,1.062,2.506
0,34.25,20.57,Chris Duarte,2021,13,IND,IND,3,0.472,115.3,3.2,115.3,3.2,-0.12,101.6,112.4,0.1,112.4,0.1,0,0.5,0,"SF,SG",0,24.03,78,190,Oregon,2,2,0.75,74.9,68.4,16.14,9.64,109.9,100.3,26,26,1,34.1,6.2,11.6,0.532,2.3,5.5,0.424,2.5,3,0.81,3.9,0.7,4.6,2.7,1.9,0.8,2.3,1.4,17.1,26.6,0.657,0.478,0.262,406,2.7,14.5,8.6,15.9,3.4,2.9,14.8,23.9,3.3,1.4,4.7,0.211,8,3.5,11.5,7.2,13.6,2.8,6.5,2.9,3.6,0.9,4.6,5.4,3.1,2.2,0.9,2.7,1.6,20.1,11,20.7,4.2,9.9,4.4,5.4,1.3,6.9,8.2,4.7,3.4,1.4,4,2.5,30.5,122.1,99.1,4,177,62,18.3,2.7,6.7,0.406,1.1,3.2,0.349,1.6,3.5,0.459,0.489,1,1.3,0.813,0.5,2.1,2.6,1.3,0.6,0.2,0.9,1.4,7.6,35.028,1.174,0.179,0.023,21.937,2.4,3.1,77,0.987,2.436
3,56.41,34.28,Willie Cauley-Stein,2015,6,SAC,SAC,0,0.354,101.3,1.3,105,5,-3.07,95.4,105.3,-0.3,109.2,3.6,-3.9,0.378,-3.7,C,0,21.85,84.5,242,Kentucky,4,3,0.974,74.4,54.3,28.72,8.67,115.5,84.4,39,38,0.974,25.9,3.5,6.1,0.572,0,0,0,2,3.3,0.617,4.2,2.3,6.4,1,1.2,1.7,1.2,2,8.9,23.8,0.588,0,0.542,344,11.1,17.3,14.5,7.4,2.9,7.1,13.9,17.8,2.6,3.4,6,0.239,5.4,7.1,12.6,5.3,9.3,0,0,3.1,5.1,3.5,6.4,9.9,1.5,1.9,2.6,1.9,3.1,13.8,8.4,14.6,0,0,4.9,7.9,5.5,10,15.6,2.4,2.9,4.2,3,4.8,21.6,119.8,80,7,422,255,22,3.7,6.8,0.544,0,0.1,0.188,3.7,6.7,0.548,0.545,1.3,2.2,0.612,1.6,4.2,5.9,1.4,0.8,0.8,0.9,2.3,8.7,60.427,0.833,0.548,0.066,23.805,1.5,4.5,87,1.03,2.864
0,24.21,14.36,Stanley Johnson,2015,8,DET,DET,1,0.39,98.5,-1.5,99.5,-0.5,-1.39,92.8,105.3,-0.3,106.4,0.8,-1.1,0.463,-1,"SF,PF",0,19.07,78.5,242,Arizona,3,1,0.895,76.6,59.7,24.33,7.41,114.8,89.4,38,37,0.974,28.4,4.6,10.3,0.446,1.1,3.1,0.371,3.5,4.7,0.742,4.5,2,6.5,1.7,1.5,0.4,2.2,2.6,13.8,22.5,0.551,0.297,0.456,509,8.9,19.1,14.1,11.6,3.2,1.6,14.7,26.6,2.8,2.9,5.7,0.212,5,4.4,9.4,6.4,14.4,1.6,4.3,4.9,6.6,2.8,6.4,9.1,2.3,2.1,0.6,3,3.7,19.4,9.7,21.7,2.4,6.5,7.3,9.9,4.2,9.6,13.7,3.5,3.2,0.8,4.6,5.6,29.1,111.1,87.6,8,449,104,19.8,2.3,5.9,0.391,0.8,2.5,0.305,1.5,3.4,0.454,0.456,0.9,1.2,0.748,0.6,2.6,3.1,1.5,0.9,0.2,1.1,1.9,6.2,23.163,0.773,0.444,0.014,26.018,-1.1,2.7,83.5,1.064,3.083
3,16.6,9.65,Frank Kaminsky,2015,9,CHO,CHO,0,0.402,94.2,-5.8,97.3,-2.7,-3.44,93,100.1,-5.5,103.5,-2.1,-3.4,0.39,-3.1,"C,PF",0,22.22,84.75,231,Wisconsin,1,4,0.9,72.5,58.2,24.61,10.29,121.2,97.2,39,39,1,33.6,6.8,12.5,0.547,1.1,2.6,0.416,4,5.1,0.78,6.7,1.5,8.2,2.6,0.8,1.5,1.6,1.7,18.8,34.4,0.628,0.207,0.41,691,6,25.7,16.1,18.4,1.7,4.5,9.8,28.6,6.9,2.9,9.8,0.299,11.2,5,16.2,8.1,14.9,1.3,3.1,4.8,6.1,1.8,8,9.8,3.1,1,1.7,1.9,2,22.3,13.7,25,2.2,5.2,8,10.3,3,13.4,16.4,5.3,1.7,2.9,3.2,3.3,37.6,129.6,92.6,8,413,49,19.8,3.2,7.3,0.43,1,3,0.349,2.1,4.4,0.486,0.501,1.4,1.9,0.746,0.7,3.1,3.8,1.6,0.4,0.4,0.8,1.5,8.8,11.864,1.625,0.224,0.045,24.025,-0.9,2.7,83,0.979,2.726
3,37.53,22.6,Justise Winslow,2015,10,MIA,MIA,4,0.451,94.7,-5.3,97.3,-2.7,-2.92,90.9,103.9,-1.7,106.7,1.1,-2.8,0.402,-2.6,"SF,SG",1,19.25,78.5,222,Duke,4,1,0.897,79.3,64.2,24.97,9.87,119.4,96.7,39,39,1,29.1,4.4,9.1,0.486,1.2,2.8,0.418,2.6,4,0.641,5.2,1.3,6.5,2.1,1.3,0.9,1.8,2.8,12.6,22.3,0.572,0.309,0.438,473,5.4,19.8,13.1,13.2,2.8,2.9,14.2,22.9,3.1,2.5,5.5,0.196,5.3,4.6,10,6.1,12.5,1.6,3.9,3.5,5.5,1.7,7.2,8.9,2.9,1.8,1.2,2.5,3.8,17.3,9.2,19,2.5,5.9,5.3,8.3,2.6,10.9,13.5,4.4,2.8,1.8,3.8,5.8,26.3,115.2,92.8,8,344,128,25.9,3.3,7.9,0.412,0.7,2.1,0.315,2.6,5.8,0.448,0.455,1,1.6,0.638,1.1,4.1,5.1,2.6,0.9,0.4,1.5,2.3,8.2,37.209,1.167,0.25,0.031,26.018,-3,3,82.25,1.048,2.828
5,87.12,53.28,Myles Turner,2015,11,IND,IND,3,0.463,97.3,-2.7,97,-3,-0.23,93.2,103.5,-2.1,103.2,-2.4,0.3,0.512,0.3,C,0,19.25,83.5,239,Texas,3,1,0.588,67.4,60.3,16.16,9.07,105.9,94.7,34,7,0.206,22.2,3.4,7.6,0.455,0.5,1.8,0.274,2.8,3.3,0.839,5.2,1.3,6.5,0.6,0.3,2.6,1.4,2.4,10.1,25.5,0.556,0.241,0.436,310,7.2,24.9,16.7,6.2,0.8,12.3,13.2,25.1,1.9,2.1,4,0.213,3.4,6,9.3,6.2,13.6,0.9,3.3,5,5.9,2.3,9.4,11.8,1.1,0.5,4.7,2.5,4.3,18.3,9.9,21.6,1.4,5.2,7.9,9.4,3.7,15,18.7,1.7,0.8,7.5,4,6.9,29.1,112.6,86.3,10,642,609,28.7,5.2,10.4,0.499,1.2,3.3,0.362,4,7.2,0.561,0.556,2.5,3.2,0.771,1.4,5.4,6.8,1.3,0.7,2.2,1.4,2.9,14.1,94.86,0.429,0.25,0.117,24.258,-0.7,5.2,88,1.054,2.862
3,22.72,13.44,Trey Lyles,2015,12,UTA,UTA,1,0.463,95.1,-4.9,94.9,-5.1,0.71,90.4,105.1,-0.5,104.9,-0.7,0.2,0.512,0.2,"SF,PF",0,19.64,82.25,241,Kentucky,4,1,0.974,74.4,54.3,28.72,8.67,115.5,84.4,36,21,0.583,23,3.3,6.7,0.488,0.1,0.8,0.138,2.1,2.8,0.735,3.4,1.8,5.2,1.1,0.5,0.4,1.1,1.6,8.7,19.8,0.543,0.121,0.425,308,9.9,16.1,13.3,9.2,1.4,2.1,12.4,20.8,2.1,2.3,4.4,0.213,3.9,4.1,8,5.7,11.6,0.2,1.4,3.6,4.9,3.1,5.9,9.1,1.8,0.9,0.8,2,2.8,15.1,8.9,18.2,0.3,2.2,5.7,7.7,4.9,9.3,14.2,2.9,1.4,1.2,3.1,4.3,23.7,115.9,86.3,10,650,131,18.4,2.7,6.2,0.441,1,2.9,0.347,1.7,3.3,0.523,0.521,1.1,1.5,0.741,0.9,3.4,4.3,1.1,0.4,0.4,0.8,1.4,7.6,20.154,1,0.529,0.017,24.501,-3.5,1.7,85.5,1.04,2.93
7,93.62,57.3,Devin Booker,2015,13,PHO,PHO,0,0.476,102.4,2.4,103.3,3.3,-0.38,96.3,105.3,-0.3,106.2,0.6,-0.9,0.463,-0.9,"SG,PG",1,18.65,77.75,206,Kentucky,4,1,0.974,74.4,54.3,28.72,8.67,115.5,84.4,38,0,0,21.5,3.6,7.6,0.47,1.5,3.7,0.411,1.4,1.7,0.828,1.6,0.4,2,1.1,0.4,0.1,1,1.5,10,19.4,0.6,0.491,0.223,324,2.6,7.8,5.4,10.9,1.3,0.3,10.4,22.8,2.7,1.8,4.5,0.219,6.1,3.3,9.4,6.6,14.1,2.8,6.9,2.6,3.1,0.8,2.9,3.7,2.1,0.8,0.1,1.8,2.8,18.7,10.4,22.1,4.5,10.8,4.1,4.9,1.3,4.5,5.8,3.2,1.3,0.2,2.8,4.5,29.3,123.1,92.2,10,673,648,34.4,8.5,18.4,0.464,2.1,6,0.354,6.4,12.4,0.517,0.521,5.2,6,0.873,0.6,3.4,4,5.2,0.9,0.3,3,2.9,24.4,96.285,1.1,0.25,0.005,23.722,2.4,0.9,80.25,1.032,2.65
3,18.49,10.82,Cameron Payne,2015,14,OKC,OKC,4,0.549,104,4,101.8,1.8,2.47,95.7,107.8,2.2,105.5,-0.1,2.3,0.573,2.2,"PG,SG",0,20.88,73.5,183,Murray State,0,2,0.829,79,67.6,7.13,-2.81,116.2,99.5,35,35,1,32.2,7,15.3,0.456,2.4,6.4,0.377,3.8,4.8,0.787,3.1,0.6,3.7,6,1.9,0.5,2.5,2.1,20.2,30.1,0.573,0.415,0.315,716,2.2,10.6,6.6,40,3.6,1.6,12.4,31.5,5.5,1.8,7.3,0.258,8.6,1.3,9.9,8.7,19.1,3,7.9,4.7,6,0.7,3.8,4.6,7.4,2.4,0.6,3.1,2.6,25.1,12.9,28.3,4.4,11.7,7,8.9,1.1,5.7,6.8,11,3.6,0.9,4.6,3.8,37.2,122.5,99,10,477,71,17.5,2.9,7,0.419,1.1,3.1,0.368,1.8,3.9,0.46,0.501,0.7,0.9,0.836,0.3,1.7,2,3.2,0.6,0.2,1.1,1.7,7.8,14.885,2.4,0.194,0.016,22.918,1.8,3,79.25,1.078,2.49
3,47.66,28.87,Kelly Oubre Jr.,2015,15,ATL,WAS,0,0.561,98.5,-1.5,97.8,-2.2,0.17,93.7,103.7,-1.9,103,-2.6,0.8,0.524,0.7,SF,0,19.54,78.75,203,Kansas,4,1,0.75,71.1,64.8,18.47,12.13,106.3,96.8,36,27,0.75,21,3.1,6.9,0.444,0.9,2.6,0.358,2.2,3.1,0.718,3.8,1.1,5,0.8,1.1,0.4,1.2,2,9.3,21.1,0.555,0.383,0.444,303,6.4,19.2,13.2,8.1,3.3,1.8,12.5,23.1,1.7,1.7,3.4,0.18,4.7,4.1,8.8,5.8,13.1,1.8,5,4.2,5.8,2.2,7.3,9.5,1.5,2.2,0.7,2.3,3.8,17.6,8.7,19.7,2.7,7.5,6.3,8.7,3.3,10.9,14.2,2.2,3.3,1,3.4,5.6,26.4,112,92.6,10,655,311,27.1,4.8,11,0.438,1.5,4.6,0.325,3.3,6.4,0.521,0.506,2.1,2.8,0.751,1.1,3.6,4.6,1.1,1,0.5,1.1,2.6,13.3,47.481,0.667,0.289,0.019,22.277,-0.2,2.9,86.25,1.095,2.578
3,56.44,34.3,Terry Rozier,2015,16,BOS,BOS,4,0.488,101.4,1.4,101.2,1.2,-0.4,95.8,104.7,-0.9,104.5,-1.1,0.2,0.5,0.2,"PG,SG",0,21.27,74.25,190,Louisville,3,2,0.75,69,59.8,18.12,8.98,104.5,90.7,36,35,0.972,35,5.9,14.5,0.411,1.3,4.4,0.306,3.9,4.9,0.79,4.4,1.2,5.6,3,2,0.2,2.2,1.7,17.1,22.1,0.509,0.301,0.338,591,3.8,13.9,8.8,19.7,3.5,0.5,11.6,27.8,3,3,6,0.191,4.8,4.6,9.4,6.8,16.5,1.5,5,4.4,5.6,1.4,5,6.3,3.4,2.3,0.2,2.5,2,19.5,10.4,25.2,2.3,7.6,6.7,8.5,2.1,7.6,9.7,5.2,3.5,0.3,3.8,3,29.8,108.3,90.4,10,665,381,27.6,5.1,12.1,0.418,2,5.6,0.361,3,6.5,0.468,0.502,1.8,2.1,0.829,0.7,3.3,3.9,3.5,0.9,0.2,1.3,1.5,13.9,57.293,1.364,0.273,0.006,25.128,1.9,2.5,80.25,1.081,2.559
0,7.63,4.1,Rashad Vaughn,2015,17,MIL,MIL,3,0.5,97.8,-2.2,97.4,-2.6,-0.09,94.1,102.7,-2.9,102.2,-3.4,0.4,0.512,0.4,SG,0,18.86,77,199,UNLV,0,1,0.545,68.2,64.4,5.41,3.38,103.5,97.8,23,23,1,32.3,6.3,14.3,0.439,2.3,6.1,0.383,3,4.3,0.694,4.2,0.6,4.8,1.6,0.8,0.3,2.2,2.3,17.8,20.2,0.547,0.43,0.299,352,2.3,13.7,8.4,11.8,1.5,1.1,11.8,30.8,1.4,1.1,2.5,0.132,4.5,0.1,4.5,7.8,17.7,2.9,7.6,3.7,5.3,0.8,5.2,6,1.9,1,0.4,2.7,2.9,22.1,11.9,27.1,4.5,11.7,5.6,8.1,1.2,8,9.2,3,1.5,0.7,4.1,4.5,33.9,103.6,100.4,3,139,8,12,1.2,3.4,0.337,0.6,1.9,0.313,0.6,1.5,0.366,0.424,0.1,0.2,0.692,0.1,1,1.1,0.5,0.4,0.2,0.3,0.9,3,5.755,0.727,0.143,0.009,24.232,0.2,1.4,79,1.026,2.584
0,8.06,4.37,Sam Dekker,2015,18,HOU,HOU,2,0.683,103.9,3.9,100.5,0.5,3.82,96.5,107,1.4,103.4,-2.2,3.5,0.61,3.4,"SF,PF",0,21.14,81,219,Wisconsin,1,3,0.9,72.5,58.2,24.61,10.29,121.2,97.2,40,40,1,31,5.3,10.2,0.525,1.3,3.8,0.331,2,2.8,0.708,3.6,1.9,5.5,1.2,0.5,0.5,0.9,1.1,13.9,25.5,0.605,0.372,0.278,519,8.4,14.8,11.7,8.6,1.1,1.5,7.3,23.2,5.1,1.9,7,0.225,8.5,1.8,10.4,6.9,13.1,1.6,4.9,2.6,3.6,2.5,4.6,7.1,1.6,0.7,0.6,1.2,1.4,17.9,11.6,22,2.7,8.2,4.3,6.1,4.2,7.8,11.9,2.7,1.1,1,2,2.3,30.2,128.6,99.8,5,201,8,15.4,2.2,4.7,0.478,0.4,1.5,0.288,1.8,3.2,0.57,0.525,0.5,0.8,0.606,1,2.1,3,0.8,0.5,0.2,0.5,1,5.4,3.98,1.333,0.528,0.016,24.507,2.6,1.3,83.5,1.031,2.704
0,23.18,13.72,Jerian Grant,2015,19,WAS,CHI,0,0.61,100.8,0.8,97.8,-2.2,2.54,92.8,107.5,1.9,104.3,-1.3,3.2,0.61,3,"PG,SG",4,22.71,76.25,198,Notre Dame,0,4,0.842,78,65.8,19.23,7.02,120.4,101.6,38,38,1,37.1,5.4,11.2,0.478,1.3,4.2,0.316,4.5,5.7,0.78,2.7,0.3,3,6.7,1.7,0.5,2.2,2,16.5,25.5,0.592,0.37,0.511,706,1.3,8.3,5.1,33.6,2.8,1.4,13.4,24.2,6.1,1.6,7.7,0.218,7.3,1.7,9,5.8,12.1,1.4,4.5,4.8,6.2,0.4,2.9,3.3,7.2,1.8,0.5,2.3,2.1,17.8,9.1,19,2.2,7,7.6,9.7,0.6,4.5,5.1,11.3,2.8,0.8,3.7,3.3,28,125.6,104,5,279,61,17.9,2.1,5.2,0.411,0.6,1.9,0.323,1.5,3.2,0.464,0.472,1.2,1.5,0.77,0.3,1.6,1.9,2.9,0.7,0.1,1,1.5,6.1,21.864,3.045,0.111,0.013,23.948,-1.1,2.3,79.5,1.043,2.597
0,19.75,11.6,Delon Wright,2015,20,TOR,TOR,4,0.598,104,4,100.9,0.9,2.45,92.8,111,5.4,107.7,2.1,3.3,0.598,3.1,"PG,SG",1,23.16,77.5,181,Utah,0,2,0.743,71.3,57.1,20.98,7.42,113.5,90.9,35,35,1,33.3,4.7,9.3,0.509,0.7,2.1,0.356,4.4,5.2,0.836,4,1,4.9,5.1,2.1,1,1.9,1.4,14.5,29.2,0.619,0.225,0.565,558,4,13.7,9.3,33,4,3.2,14.2,22.8,5.3,3.1,8.4,0.289,8.7,6.9,15.5,5.7,11.1,0.9,2.5,5.3,6.3,1.2,4.8,5.9,6.1,2.5,1.2,2.3,1.7,17.5,9,17.8,1.4,4,8.4,10,1.9,7.6,9.5,9.8,4,1.9,3.7,2.7,27.9,129.8,87.7,10,548,92,20.4,2.4,5.5,0.447,0.7,1.9,0.348,1.8,3.6,0.499,0.507,1.1,1.4,0.799,0.8,2.2,3,3,1.2,0.3,0.9,1,6.7,16.788,2.684,0.25,0.03,20.825,-1.1,3.7,79.5,1.026,2.335
0,14.69,8.47,Justin Anderson,2015,21,DAL,DAL,3,0.61,105.2,5.2,102.3,2.3,3.36,95.2,109.5,3.9,106.4,0.8,3,0.598,2.9,"SF,SG",0,21.6,78.25,231,Virginia,2,3,0.882,65.4,51.5,21.73,7.81,110.8,87.2,26,22,0.846,27.8,4,8.5,0.466,1.8,4,0.452,2.5,3.2,0.78,3.4,0.7,4,1.7,0.7,0.5,1.2,1.2,12.2,23.8,0.61,0.471,0.371,283,3.1,14.4,9,14,1.6,2.5,10.7,23.3,2.5,1.8,4.4,0.241,7.9,4.8,12.7,5.7,12.2,2.6,5.7,3.5,4.5,0.9,4.9,5.8,2.5,0.9,0.8,1.7,1.7,17.5,9.7,20.8,4.4,9.8,6,7.7,1.6,8.3,9.9,4.2,1.6,1.3,2.9,2.8,29.9,123.5,89.4,6,242,30,13.6,1.9,4.6,0.41,0.7,2.3,0.292,1.2,2.3,0.526,0.482,0.9,1.2,0.775,0.6,2,2.6,0.8,0.4,0.3,0.6,1.2,5.3,12.397,1.417,0.206,0.018,26.018,1.3,1.7,83.75,1.07,2.952
3,28.48,17,Bobby Portis,2015,22,CHI,CHI,0,0.61,100.8,0.8,97.8,-2.2,2.54,92.8,107.5,1.9,104.3,-1.3,3.2,0.61,3,"PF,C",0,20.37,82.5,246,Arkansas,2,2,0.75,77.4,70.1,14.06,6.79,109.6,99.3,36,36,1,29.9,6.9,12.9,0.536,0.4,0.8,0.467,3.2,4.3,0.737,5.2,3.7,8.9,1.2,1.1,1.4,1.6,2.2,17.5,29.5,0.582,0.064,0.335,578,13.6,20.2,16.8,8.8,2.1,4.8,9.4,26.7,4.2,1.9,6.1,0.227,7.6,1.4,8.9,9.3,17.3,0.5,1.1,4.3,5.8,4.9,7,11.9,1.6,1.4,1.9,2.1,2.9,23.4,13.3,24.7,0.7,1.6,6.1,8.3,7.1,10,17,2.2,2.1,2.7,3,4.1,33.3,122,96.9,10,654,153,22.8,4.8,10.1,0.478,1.1,2.9,0.383,3.7,7.2,0.517,0.534,1.1,1.5,0.765,1.9,5.3,7.2,1.3,0.6,0.4,1.1,1.9,12,23.394,0.75,0.712,0.047,24.483,-1.1,3.3,86,1.042,2.982
3,48.57,29.43,Rondae Hollis-Jefferson,2015,23,POR,BRK,0,0.463,98,-2,100.9,0.9,-3.13,92.7,104.4,-1.2,107.4,1.8,-3.1,0.402,-2.9,"SF,PF",0,20.47,79,211,Arizona,3,2,0.895,76.6,59.7,24.33,7.41,114.8,89.4,38,25,0.658,28.7,3.6,7.2,0.502,0.2,0.8,0.207,3.8,5.4,0.707,4.8,2,6.8,1.6,1.2,0.8,1.6,2.5,11.2,21.8,0.573,0.105,0.745,435,9,20.1,14.8,10.1,2.4,3.4,13.7,20.5,3.1,2.9,5.9,0.218,4.4,5,9.4,5.1,10.1,0.2,1.1,5.3,7.5,2.8,6.7,9.5,2.2,1.6,1.2,2.2,3.4,15.7,7.6,15.2,0.3,1.6,8,11.3,4.2,10.1,14.3,3.3,2.4,1.8,3.3,5.2,23.6,118.5,87.8,6,305,154,22.2,3.3,7.3,0.449,0.1,0.7,0.212,3.1,6.7,0.473,0.458,2.3,3.2,0.735,1.4,4.1,5.5,1.9,0.9,0.5,1.3,2,9,50.492,1,0.417,0.028,24.009,-1.2,2.8,86,1.089,2.671
3,32.63,19.57,Tyus Jones,2015,24,CLE,MIN,2,0.195,97.8,-2.2,106.5,6.5,-8,94.4,102.9,-2.7,112.2,6.6,-9.3,0.232,-8.7,PG,1,19.12,74,185,Duke,4,1,0.897,79.3,64.2,24.97,9.87,119.4,96.7,39,39,1,33.9,3.5,8.3,0.417,1.2,3.2,0.379,3.7,4.2,0.889,3,0.5,3.5,5.6,1.5,0.1,1.9,1.2,11.8,20.4,0.575,0.383,0.5,532,1.8,9.9,6.1,27.5,2.7,0.2,15.9,18.7,4.4,2.1,6.5,0.196,6,3.3,9.3,4.1,9.8,1.4,3.8,4.4,4.9,0.6,3.6,4.1,6.6,1.8,0.1,2.3,1.4,13.9,6.2,14.9,2.2,5.7,6.6,7.4,0.9,5.4,6.3,10,2.7,0.1,3.5,2.1,21.2,125,99.2,10,682,218,21.1,3,6.7,0.445,1,2.7,0.378,2,4,0.491,0.521,0.7,0.9,0.821,0.3,1.7,2,4.4,1,0.1,0.8,0.8,7.7,31.965,2.947,0.167,0.003,25.128,0.5,1.9,77,1.041,2.5
0,22.51,13.31,Jarell Martin,2015,25,MEM,MEM,3,0.671,98.3,-1.7,95.1,-4.9,3.62,92,105.7,0.1,102.2,-3.4,3.5,0.61,3.2,"PF,C",0,21.09,81.25,239,LSU,2,2,0.667,73.4,67.7,11.39,5.63,103.1,95,33,32,0.97,35.1,6.1,12,0.509,0.4,1.6,0.269,4.2,6.2,0.69,6.3,3,9.2,1.8,1.2,0.7,2.8,2.8,16.9,21.6,0.565,0.131,0.511,531,9.7,18.1,14.1,10.5,1.9,1.8,15.7,24.8,2.7,2.4,5.1,0.174,3,1.6,4.7,7,13.7,0.5,1.8,4.8,7,3.4,7.1,10.5,2,1.3,0.8,3.2,3.2,19.3,10,19.7,0.7,2.6,6.9,10.1,4.9,10.3,15.1,2.9,1.9,1.1,4.6,4.6,27.7,109.8,94.2,4,184,40,15.9,2,4.7,0.434,0.3,1,0.346,1.7,3.7,0.457,0.47,1,1.3,0.766,1,2.4,3.5,0.6,0.4,0.4,0.8,2.2,5.4,21.739,0.643,0.476,0.02,24.732,-1.9,2.1,81,0.997,2.942
3,27.6,16.46,Larry Nance Jr.,2015,27,LAL,LAL,2,0.256,98.5,-1.5,105.3,5.3,-6.17,94,103.4,-2.2,110.6,5,-7.2,0.28,-6.8,"PF,C",2,22.48,80.5,227,Wyoming,0,4,0.714,61.5,56.4,3.81,-0.04,103.1,94.6,31,30,0.968,34.9,6,11.6,0.514,0.5,1.4,0.333,3.7,4.7,0.786,5.8,1.4,7.2,2.5,1.2,1.2,2.3,2.2,16.1,25.3,0.581,0.117,0.403,472,6,21.1,14.1,20,2.3,4.3,14,28.5,2.8,2.6,5.4,0.199,4,2.9,7,6.8,13.3,0.5,1.6,4.2,5.4,1.6,6.7,8.3,2.8,1.4,1.4,2.6,2.6,18.4,11.7,22.8,0.9,2.7,7.2,9.2,2.8,11.4,14.2,4.8,2.3,2.3,4.4,4.4,31.6,109.6,90.6,10,546,137,23.1,3.2,5.9,0.539,0.4,1.2,0.353,2.7,4.6,0.589,0.577,0.9,1.3,0.696,1.8,4.3,6.1,1.9,1.1,0.5,0.9,2.1,7.7,25.092,1.087,0.241,0.034,25.723,0.1,2.8,85.5,1.062,2.82
0,4.7,2.29,R.J. Hunter,2015,28,BOS,BOS,4,0.488,101.4,1.4,101.2,1.2,-0.4,95.8,104.7,-0.9,104.5,-1.1,0.2,0.5,0.2,SG,0,21.67,78,185,Georgia State University,0,3,0.714,71.4,62.4,5.47,-2.03,109.8,96,35,35,1,37,5.8,14.7,0.395,2.3,7.5,0.305,5.8,6.6,0.878,3.9,0.8,4.7,3.6,2.1,1,2.2,2.4,19.7,25.8,0.552,0.51,0.447,667,2.8,12.5,7.9,20.3,3.6,3.6,11,29.6,4.4,2.5,6.9,0.215,5.7,1.4,7.1,6.3,15.9,2.5,8.1,6.2,7.1,0.8,4.3,5.1,3.9,2.3,1.1,2.4,2.6,21.3,9.8,24.7,3.8,12.6,9.7,11.1,1.3,6.6,7.9,6.1,3.6,1.7,3.7,4.1,33.1,115.4,95.5,4,45,1,8.8,1.1,2.9,0.371,0.6,2,0.295,0.5,1,0.523,0.47,0.2,0.2,0.818,0.1,1,1,0.4,0.4,0.1,0.3,0.9,3,2.222,1.636,0.205,0.027,21.937,1.9,3.4,82.5,1.058,2.372
0,8.79,4.82,Chris McCullough,2015,29,BRK,BRK,0,0.463,98,-2,100.9,0.9,-3.13,92.7,104.4,-1.2,107.4,1.8,-3.1,0.402,-2.9,"PF,C",0,20.38,81,199,Syracuse,1,1,0.581,67.6,63.4,11.91,7.68,101.5,95.2,16,16,1,28.1,3.4,7.1,0.478,0.1,0.1,1,2.5,4.4,0.563,4.6,2.3,6.9,1.1,1.7,2.1,2.2,2.6,9.3,18.9,0.508,0.009,0.628,146,9,18.5,13.8,8.2,3.6,8.5,19.3,20.7,0.3,1.2,1.4,0.126,-0.1,5.3,5.2,4.8,10,0.1,0.1,3.6,6.3,3.2,6.6,9.8,1.6,2.4,2.9,3.1,3.6,13.2,7.3,15.2,0.1,0.1,5.4,9.6,4.8,10,14.8,2.4,3.6,4.4,4.7,5.5,20.1,95.7,88.6,3,59,4,9,1.3,3.1,0.426,0.3,0.8,0.306,1.1,2.3,0.47,0.467,0.4,0.7,0.548,0.7,1.2,1.9,0.3,0.5,0.3,0.3,0.9,3.3,6.78,0.5,0.5,0.075,22.883,-1.2,5.3,87.25,1.077,2.457
3,41.13,24.83,Kevon Looney,2015,30,GSW,GSW,4,0.817,110,10,99.9,-0.1,10.01,98.3,111.6,6,101.4,-4.2,10.2,0.793,10.1,"C,PF",1,19.38,81.25,222,UCLA,3,1,0.611,71.9,68.1,12.07,8.27,106.1,100.5,36,36,1,30.9,4.2,8.9,0.47,0.6,1.5,0.415,2.6,4.1,0.626,5.8,3.4,9.2,1.4,1.3,0.9,1.3,2.9,11.6,21.9,0.532,0.165,0.458,428,12.2,21,16.6,9.1,2.5,3.3,10.3,19.7,2.8,2,4.8,0.172,4.7,2.3,7,5.4,11.5,0.8,1.9,3.3,5.3,4.4,7.5,11.9,1.8,1.7,1.2,1.6,3.7,15,8.1,17.1,1.2,2.8,4.9,7.8,6.5,11.2,17.7,2.7,2.5,1.7,2.4,5.6,22.2,116.5,97,10,599,262,17.2,2.1,3.7,0.575,0,0.1,0.185,2.1,3.5,0.587,0.577,0.7,1.2,0.608,2.1,3.5,5.7,1.6,0.5,0.5,0.6,2.2,5,43.74,1.077,0.586,0.029,23.329,4.4,2.9,87.5,1.077,2.732
5,14.54,8.38,Montrezl Harrell,2015,32,HOU,LAC,1,0.683,106.7,6.7,100.1,0.1,6.8,94.7,112.4,6.8,105.5,-0.1,6.9,0.707,6.6,"C,PF",0,21.41,79.5,253,Louisville,3,3,0.75,69,59.8,18.12,8.98,104.5,90.7,35,35,1,35.1,6.1,10.7,0.566,0.3,1.1,0.243,3.3,5.5,0.597,6,3.2,9.2,1.4,0.9,1.2,2,2.1,15.7,24.8,0.588,0.098,0.508,521,10,19.1,14.5,9.2,1.6,3.7,12.9,22.3,3.6,3,6.6,0.214,5.9,3.6,9.5,6.9,12.2,0.3,1.2,3.7,6.2,3.6,6.8,10.4,1.6,1.1,1.4,2.2,2.4,17.9,10.6,18.7,0.4,1.8,5.7,9.5,5.5,10.4,15.9,2.4,1.6,2.1,3.4,3.7,27.3,117.4,90.3,8,515,36,20.5,4.9,7.9,0.619,0,0.2,0.108,4.8,7.7,0.629,0.62,2.3,3.5,0.664,1.8,3.2,5,1.3,0.5,0.8,1.1,2.1,12.1,6.99,0.7,0.533,0.034,25.723,0.8,2.5,88.25,1.11,3.182
0,7.95,4.3,Jordan Mickey,2015,33,BOS,BOS,4,0.488,101.4,1.4,101.2,1.2,-0.4,95.8,104.7,-0.9,104.5,-1.1,0.2,0.5,0.2,"SF,PF",0,20.96,80.25,238,LSU,2,2,0.667,73.4,67.7,11.39,5.63,103.1,95,31,31,1,34.9,6.2,12.2,0.504,0,0.3,0.111,3.1,4.7,0.646,6.7,3.2,9.9,1.3,0.9,3.6,3.3,2.6,15.4,21.7,0.533,0.024,0.388,454,10.5,19.6,15.3,7.6,1.5,9.6,18.4,25,1.2,2.6,3.9,0.143,1.2,3.6,4.8,7.1,14,0,0.3,3.5,5.4,3.7,7.7,11.4,1.5,1.1,4.1,3.7,3,17.7,10.1,20.1,0.1,0.5,5,7.8,5.3,11.1,16.4,2.1,1.5,6,5.4,4.3,25.4,99.7,90.2,3,64,4,7.5,1,2.2,0.449,0,0.3,0.118,0.9,1.9,0.496,0.457,0.4,0.7,0.605,0.6,1.4,2,0.3,0.1,0.4,0.4,0.8,2.4,6.25,0.394,0.478,0.103,25.723,1.9,5.2,87.25,1.087,2.966
0,25.6,15.22,Anthony Brown,2015,34,LAL,LAL,2,0.256,98.5,-1.5,105.3,5.3,-6.17,94,103.4,-2.2,110.6,5,-7.2,0.28,-6.8,SF,0,22.7,79.25,211,Stanford,0,5,0.649,72.3,67.3,12.33,7.33,108.6,101.1,37,36,0.973,35.7,4.8,11,0.431,2.1,4.8,0.441,3.1,3.9,0.795,5.8,1.1,6.9,2.5,0.8,0.2,1.9,2.1,14.8,19.5,0.573,0.439,0.358,523,3.8,18.8,11.4,15.2,1.3,0.6,13.1,21.7,3.6,1.7,5.2,0.159,5.5,1.6,7.1,5.3,12.4,2.4,5.4,3.5,4.4,1.3,6.5,7.8,2.8,0.8,0.2,2.2,2.4,16.6,8.1,18.9,3.7,8.3,5.4,6.8,1.9,9.9,11.8,4.3,1.3,0.3,3.3,3.6,25.3,116.8,102.3,3,41,11,18.6,1.4,4.3,0.328,0.7,2.4,0.286,0.7,1.9,0.38,0.407,0.4,0.5,0.85,0.4,2.1,2.5,0.7,0.5,0.1,0.5,1.2,3.9,26.829,1.316,0.19,0.006,24.742,0.1,1,83,1.047,2.662
0,2.66,1.03,Rakeem Christmas,2015,36,MIN,IND,3,0.463,97.3,-2.7,97,-3,-0.23,93.2,103.5,-2.1,103.2,-2.4,0.3,0.512,0.3,"PF,C",0,23.56,81.75,243,Syracuse,1,4,0.581,67.6,63.4,11.91,7.68,101.5,95.2,31,31,1,34.3,6.5,11.9,0.552,0,0,0,4.4,6.2,0.712,6,3.1,9.1,1.5,0.9,2.5,2.5,3.4,17.5,26.5,0.591,0.003,0.519,498,10.2,19.6,14.9,10.5,1.7,8.5,14.5,25.8,3,2.3,5.4,0.203,4.3,3.8,8.1,7.6,13.8,0,0,5.1,7.2,3.6,7,10.6,1.8,1.1,2.9,2.9,3.9,20.4,11.6,20.9,0,0.1,7.7,10.9,5.5,10.5,16,2.7,1.7,4.4,4.4,6,30.8,113.6,92.5,2,30,0,7.5,0.7,1.5,0.467,0,0,0,0.7,1.5,0.467,0.467,0.7,1,0.724,0.9,1,1.9,0.1,0.1,0.2,0.3,1.3,2.1,0,0.6,0.517,0.073,26.628,-0.7,4,89.25,1.092,2.972
3,36.58,22.01,Richaun Holmes,2015,37,PHI,PHI,1,0.22,92,-8,101,1,-9.04,95.7,95.5,-10.1,104.8,-0.8,-9.3,0.22,-9,"C,PF",0,21.69,81.5,243,Bowling Green,0,3,0.636,66.5,62.9,2.93,-1.25,103.9,98.2,31,30,0.968,28.8,5.3,9.5,0.563,0.6,1.4,0.419,3.5,4.9,0.712,5.2,2.8,8,0.8,0.7,2.7,1.9,2.5,14.7,30.4,0.625,0.147,0.522,421,11.6,20.9,16.3,7.2,1.5,11.2,14.1,25.6,3.2,2,5.1,0.23,5.5,3.2,8.7,7.4,13.1,0.8,1.9,4.9,6.9,3.9,7.2,11.1,1.2,1,3.7,2.7,3.5,20.5,11.6,20.6,1.3,3,7.7,10.8,6.2,11.2,17.4,1.8,1.5,5.8,4.2,5.4,32.1,119.6,92.7,10,489,178,19.1,3.5,5.8,0.605,0.1,0.4,0.269,3.4,5.4,0.628,0.614,1.4,1.9,0.751,1.7,3.6,5.3,1,0.5,0.9,0.8,2.5,8.5,36.401,0.421,0.538,0.094,26.936,1.8,4.7,85.5,1.049,2.982
0,7.21,3.84,Abdel Nader,2016,58,BOS,OKC,4,0.671,110.2,7.5,102.9,0.2,7.09,96.7,113.1,6.7,105.6,-0.8,7.5,0.72,7.3,SF,0,22.75,78,220,Iowa State,0,5,0.657,81.8,75,16.93,10.16,113.1,103.7,35,35,1,31.1,4.6,9.6,0.478,1.5,4,0.371,2.2,3,0.736,4.2,0.7,5,1.5,1.1,0.7,2.3,2.8,12.9,15.8,0.583,0.415,0.315,415,2.9,14.4,9,8,1.9,2.1,16.9,21.5,1.5,1.4,2.8,0.104,1.9,1.6,3.5,5.9,12.4,1.9,5.1,2.9,3.9,1,5.4,6.4,2,1.4,0.8,2.9,3.6,16.6,8.3,17.3,2.7,7.2,4,5.4,1.3,7.6,8.9,2.8,1.9,1.2,4.1,5,23.2,105.4,104.3,5,202,8,12.8,1.6,3.9,0.428,0.6,1.7,0.357,1,2.1,0.486,0.508,0.7,0.9,0.718,0.3,1.6,1.9,0.5,0.4,0.3,0.7,1.2,4.6,3.96,0.652,0.167,0.023,26.528,0.9,2.2,78,1,2.821
0,9.36,5.17,Jabari Bird,2017,56,BOS,BOS,4,0.646,108,2.4,105.4,-0.2,2.25,96.8,111.2,2.4,108.4,-0.4,2.7,0.585,2.6,SG,1,22.98,78,198,California,0,4,0.618,68.1,63.4,11.11,6.34,101.3,94.2,27,25,0.926,32,5.2,11.8,0.44,2.4,6.6,0.365,1.6,2,0.764,3.7,1,4.7,1,0.7,0.2,1.9,1.9,14.3,16.5,0.562,0.56,0.173,331,3.5,13.2,8.4,7.7,1.3,0.8,12.7,23.5,1.5,1.6,3.1,0.142,3.8,2.4,6.2,6.5,14.7,3,8.3,1.9,2.5,1.2,4.7,5.9,1.3,0.8,0.3,2.3,2.4,17.9,9.8,22.2,4.5,12.4,2.9,3.8,1.8,7.1,8.9,2,1.3,0.4,3.5,3.6,27.1,108.4,98.1,1,13,1,8.8,1.2,2,0.577,0.2,0.5,0.429,0.9,1.5,0.632,0.635,0.5,1,0.462,0.5,1,1.5,0.6,0.2,0.1,0.6,0.5,3,7.692,0.526,0.27,0.006,22.702,0.4,1.1,78,1,2.538
3,15.24,8.81,Pat Connaughton,2015,41,BRK,POR,1,0.622,102.8,2.8,98.6,-1.4,4.41,94.2,108.2,2.6,103.7,-1.9,4.5,0.646,4.2,SG,0,22.46,77.25,215,Notre Dame,0,4,0.842,78,65.8,19.23,7.02,120.4,101.6,38,38,1,35.6,4.4,9.4,0.466,2.4,5.8,0.423,1.3,1.7,0.781,6.3,1.1,7.4,1.5,0.7,0.9,1.2,2,12.5,19.4,0.615,0.618,0.18,436,4.2,20.4,13,7.6,1.3,2.7,10.2,17.7,3.5,1.9,5.4,0.16,6.1,1.5,7.6,4.9,10.5,2.8,6.5,1.5,1.9,1.2,7.1,8.3,1.7,0.8,1.1,1.3,2.2,14.1,7.7,16.5,4.3,10.2,2.3,3,1.9,11.2,13.1,2.6,1.3,1.7,2,3.5,22.1,122.1,101,10,595,72,19.2,2.2,5,0.438,1.1,3.2,0.356,1.1,1.8,0.583,0.552,0.5,0.6,0.773,0.7,2.7,3.4,1.4,0.5,0.3,0.6,1.2,6,12.101,1.25,0.175,0.025,25.51,0.3,1.9,80,1.036,2.783
0,1,0,Olivier Hanlan,2015,42,UTA,UTA,1,0.463,95.1,-4.9,94.9,-5.1,0.71,90.4,105.1,-0.5,104.9,-0.7,0.2,0.512,0.2,"SG,PG",0,22.35,76.25,186,Boston College,0,3,0.406,65.8,67.4,6.32,7.94,101.4,103.9,32,31,0.969,37.6,7,15.5,0.454,2,5.8,0.353,3.4,4.5,0.759,3.5,0.8,4.2,4.2,1.3,0,2.7,2.1,19.5,22.2,0.553,0.371,0.292,608,2.6,11.5,7.1,29.1,2.1,0.1,13.1,30.1,3.3,1.1,4.4,0.145,6.1,0.3,6.4,7.5,16.5,2.2,6.1,3.7,4.8,0.8,3.7,4.5,4.5,1.4,0,2.8,2.3,20.8,11.7,25.8,3.4,9.6,5.7,7.5,1.2,5.8,7,7,2.1,0.1,4.4,3.5,32.5,109.3,106.3,0,0,0,0,0,0,0,0,0,0,0,0,0,0,0,0,0,0,0,0,0,0,0,0,0,0,0,1.556,0.229,0,23.088,-3.5,1.4,78,1.023,2.439
0,3.89,1.79,Joe Young,2015,43,IND,IND,3,0.463,97.3,-2.7,97,-3,-0.23,93.2,103.5,-2.1,103.2,-2.4,0.3,0.512,0.3,PG,1,22.99,74,182,Oregon,2,4,0.722,75.4,70.8,11.43,7.65,109.3,102.7,36,35,0.972,36.7,7.4,16.4,0.448,2.5,7.1,0.357,3.4,3.7,0.925,3.9,0.5,4.4,3.8,1.1,0,2.4,1.4,20.7,23.2,0.568,0.431,0.226,701,1.7,11.6,6.9,21.3,1.8,0.1,11.7,28.7,4.4,1.2,5.6,0.17,6.5,0.3,6.7,8,17.9,2.8,7.7,3.8,4.1,0.6,4.3,4.8,4.1,1.2,0,2.6,1.5,22.5,11.8,26.3,4,11.3,5.5,6,0.8,6.3,7.1,6,1.8,0,3.9,2.3,33.1,115.4,106.2,3,127,1,8.5,1.3,3.4,0.393,0.3,1.1,0.296,1,2.3,0.438,0.44,0.4,0.5,0.768,0.1,0.9,1,0.9,0.3,0,0.5,0.6,3.4,0.787,1.583,0.128,0,23.483,-0.7,1.2,77,1.041,2.459
0,41.62,25.13,Andrew Harrison,2015,44,PHO,MEM,3,0.671,98.3,-1.7,95.1,-4.9,3.62,92,105.7,0.1,102.2,-3.4,3.5,0.61,3.2,PG,1,20.66,77.5,213,Kentucky,4,2,0.974,74.4,54.3,28.72,8.67,115.5,84.4,39,39,1,25.5,2.6,6.8,0.378,0.9,2.4,0.383,3.2,4.1,0.792,1.9,0.3,2.2,3.6,1,0.2,1.6,1.8,9.3,18,0.531,0.352,0.596,388,1.7,8.1,5.1,26,2.5,0.9,15.7,21.4,2.6,2.5,5.1,0.205,3.7,4.7,8.4,4.1,10.7,1.4,3.8,5.1,6.4,0.5,3,3.5,5.6,1.6,0.3,2.6,2.8,14.6,6.4,16.9,2.3,5.9,8,10,0.8,4.7,5.5,8.8,2.5,0.5,4,4.4,23,115.2,89.2,3,145,64,20.6,2.2,5.8,0.373,0.7,2.2,0.294,1.5,3.6,0.422,0.429,2,2.6,0.779,0.4,1.6,2,2.8,0.7,0.3,1.2,2.5,7,44.138,2.25,0.158,0.008,24.232,-1.9,1.9,81,1.045,2.748
0,1,0,Marcus Thornton,2015,45,BOS,BOS,4,0.488,101.4,1.4,101.2,1.2,-0.4,95.8,104.7,-0.9,104.5,-1.1,0.2,0.5,0.2,SG,0,22.37,74.75,177,William & Mary,0,4,0.606,73.2,66.9,2.82,-1.15,112.4,102.8,33,33,1,36.7,6.5,14.3,0.456,3.1,7.7,0.402,3.8,4.6,0.83,2.5,0.3,2.8,2.9,0.6,0.1,2.3,1.1,20,21.8,0.605,0.538,0.324,598,1,7.9,4.7,17.5,1.1,0.4,12.4,28.5,4,0.7,4.7,0.154,4.8,-3.5,1.3,7.1,15.6,3.4,8.4,4.2,5.1,0.3,2.7,3,3.1,0.7,0.1,2.5,1.2,21.8,11,24.1,5.2,13,6.5,7.8,0.5,4.2,4.7,4.9,1.1,0.2,3.9,1.8,33.7,115.5,109.7,0,0,0,0,0,0,0,0,0,0,0,0,0,0,0,0,0,0,0,0,0,0,0,0,0,0,0,1.261,0.12,0.003,23.088,1.9,0.8,79.75,1.067,2.368
5,42.69,25.79,Norman Powell,2015,46,MIL,TOR,4,0.598,104,4,100.9,0.9,2.45,92.8,111,5.4,107.7,2.1,3.3,0.598,3.1,SG,0,22.08,76.25,215,UCLA,3,4,0.611,71.9,68.1,12.07,8.27,106.1,100.5,36,36,1,34.6,5.9,13,0.456,1.1,3.3,0.319,3.5,4.7,0.751,4.1,0.6,4.7,2.1,1.8,0.4,2.2,2.5,16.4,19.6,0.54,0.255,0.362,531,1.9,13.3,7.6,12.8,3.2,1.5,12.8,25.3,2.5,1.9,4.4,0.14,3.1,3.2,6.2,6.8,15,1.2,3.8,4.1,5.4,0.7,4.8,5.4,2.4,2.1,0.5,2.6,2.9,19,10.2,22.3,1.8,5.7,6.1,8.1,1,7.1,8.1,3.6,3.2,0.8,3.8,4.3,28.2,107.4,99.8,10,617,259,24.2,4.6,9.8,0.471,1.7,4.3,0.398,2.9,5.5,0.528,0.558,2.3,2.8,0.824,0.4,2.3,2.7,1.5,0.8,0.3,1.3,1.9,13.2,41.977,0.955,0.146,0.012,26.041,-1.1,2.6,82.75,1.085,2.82
0,17.97,10.5,Dakari Johnson,2015,48,OKC,OKC,4,0.549,104,4,101.8,1.8,2.47,95.7,107.8,2.2,105.5,-0.1,2.3,0.573,2.2,C,0,19.76,83.75,265,Kentucky,4,2,0.974,74.4,54.3,28.72,8.67,115.5,84.4,39,0,0,16.3,2,4,0.506,0,0,0,2.3,3.7,0.625,2.9,1.7,4.6,0.7,0.4,0.9,1.1,1.8,6.4,22.3,0.553,0,0.923,256,13.4,19.1,16.5,8.9,1.4,6.1,15.8,22,1.6,2,3.6,0.229,3,5.1,8.2,5,9.8,0,0,5.7,9.1,4.2,7.1,11.3,1.8,0.9,2.3,2.6,4.3,15.6,7.8,15.4,0,0,8.9,14.2,6.6,11.1,17.7,2.9,1.4,3.6,4.1,6.8,24.5,113.9,82.6,1,31,6,5.2,0.7,1.3,0.564,0,0,0,0.7,1.3,0.564,0.564,0.4,0.6,0.55,0.5,0.6,1.1,0.3,0.2,0.3,0.1,0.9,1.8,19.355,0.636,0.586,0.055,25.348,1.8,3.2,86,1.027,3.164
0,1,0,Aaron White,2015,49,WAS,WAS,0,0.561,98.5,-1.5,97.8,-2.2,0.17,93.7,103.7,-1.9,103,-2.6,0.8,0.524,0.7,"SF,PF",0,22.79,80.75,220,Iowa,2,4,0.647,69.8,62.3,15.83,8.39,107.4,96,34,34,1,31.5,5,9.6,0.521,0.6,1.7,0.356,5.7,7,0.819,5.2,2.1,7.3,1.4,1.3,0.5,1.2,1.6,16.4,29.3,0.633,0.18,0.726,509,7.7,18.5,13.2,10.2,2.6,1.7,8.5,23.5,5,2.2,7.2,0.27,8.6,3.6,12.2,6.4,12.3,0.8,2.2,7.3,8.9,2.7,6.6,9.3,1.8,1.7,0.6,1.5,2,20.9,9.9,19,1.2,3.4,11.3,13.8,4.1,10.3,14.4,2.8,2.6,0.9,2.4,3.1,32.4,133.9,94.2,0,0,0,0,0,0,0,0,0,0,0,0,0,0,0,0,0,0,0,0,0,0,0,0,0,0,0,1.167,0.404,0.016,24.272,-0.2,2.3,83.5,1.034,2.724
0,1,0,Tyler Harvey,2015,51,ORL,ORL,3,0.305,95.7,-4.3,101.4,1.4,-5.87,93.8,101.6,-4,107.7,2.1,-6.1,0.305,-5.7,"PG,SG",0,21.94,76,181,Eastern Washington,0,3,0.743,80.6,73.9,0.79,-3.84,117.1,107.5,32,32,1,36.9,7.2,15.3,0.469,4,9.3,0.431,4.7,5.5,0.852,3,0.6,3.6,2.6,1.1,0.1,2,1.9,23.1,26.9,0.643,0.606,0.359,664,2,9.6,5.8,13.9,1.8,0.4,10,27.5,5.7,0.4,6.1,0.207,6.9,-2.5,4.4,7.8,16.6,4.3,10.1,5.1,6,0.7,3.2,3.9,2.8,1.2,0.1,2.2,2,25,11.4,24.3,6.3,14.7,7.4,8.7,1,4.8,5.7,4.1,1.8,0.2,3.2,3,36.6,129.1,112.2,0,0,0,0,0,0,0,0,0,0,0,0,0,0,0,0,0,0,0,0,0,0,0,0,0,0,0,1.3,0.2,0.003,22.282,-0.1,1.3,77.5,1.02,2.382
3,63.94,38.94,Isaac Okoro,2020,5,CLE,CLE,3,0.292,106.9,-4.9,114.8,3,-7.77,98.7,107.5,-3.1,115.4,4.8,-7.9,0.277,-7.9,"SF,SG",0,19.41,78,225,Auburn,2,1,0.806,78,70.4,15.04,7.39,108.2,97.6,28,28,1,31.5,4.5,8.7,0.514,0.7,2.5,0.286,3.2,4.8,0.672,2.5,1.9,4.4,2,0.9,0.9,2,2.7,12.9,19.1,0.587,0.288,0.551,351,6.4,8.8,7.6,13.1,1.7,3.1,15.2,19.6,2.3,1.1,3.4,0.156,3.8,2.5,6.3,5.7,11,0.9,3.2,4.1,6.1,2.4,3.2,5.6,2.6,1.2,1.1,2.5,3.5,16.3,8.1,15.7,1.3,4.5,5.8,8.6,3.4,4.6,8,3.7,1.7,1.6,3.5,4.9,23.2,116.5,101.3,5,334,238,26.2,2.9,6.3,0.467,1,2.7,0.351,2,3.5,0.555,0.543,1.3,1.8,0.731,0.9,1.9,2.8,1.6,0.8,0.4,0.8,2.2,8.1,71.257,1,0.76,0.029,26.018,-1.6,2.3,78,1,2.885
0,5.77,2.95,Darrun Hilliard,2015,38,DET,DET,1,0.39,98.5,-1.5,99.5,-0.5,-1.39,92.8,105.3,-0.3,106.4,0.8,-1.1,0.463,-1,SG,0,22.2,78,220,Villanova,3,4,0.917,76.5,60.9,23.13,7.55,116.9,93.1,35,35,1,28.8,4.9,11,0.44,2.3,5.8,0.387,2.3,2.9,0.796,2.7,0.5,3.1,2.1,1.8,0.3,1.2,2.2,14.3,23.1,0.576,0.528,0.267,444,2,10.7,6.5,15.9,3.8,1.3,8.8,25.2,3.3,2.2,5.5,0.218,5.6,4.4,10,6.8,15.3,3.1,8.1,3.3,4.1,0.6,3.7,4.3,2.9,2.5,0.5,1.7,3.1,19.9,10.4,23.6,4.8,12.5,5,6.3,1,5.7,6.7,4.5,3.8,0.7,2.6,4.8,30.6,119.5,92.8,3,91,3,9.4,1.1,3,0.377,0.3,1.1,0.304,0.8,1.9,0.42,0.433,0.6,0.8,0.747,0.1,0.9,0.9,0.8,0.2,0,0.6,0.8,3.2,3.297,1.75,0.185,0.01,24.742,-1.1,3,80,1.026,2.821
0,1.61,0.38,Branden Dawson,2015,56,NOP,LAC,1,0.683,106.7,6.7,100.1,0.1,6.8,94.7,112.4,6.8,105.5,-0.1,6.9,0.707,6.6,"SF,PF",0,22.39,78.75,230,Michigan State,3,4,0.692,71.1,63.6,17.46,10,109.7,98.2,35,32,0.914,30.1,5.2,9.7,0.535,0,0,0,1.5,3,0.49,6.2,2.9,9.1,1.7,1.2,1.7,1.9,2.1,11.9,23.8,0.533,0,0.306,408,11.9,23.5,17.9,12.2,2.5,6.3,14.7,23.4,2,2.5,4.4,0.168,4.4,4.2,8.6,6.9,12.9,0,0,1.9,3.9,3.9,8.2,12.1,2.2,1.6,2.2,2.5,2.7,15.7,11,20.5,0,0,3.1,6.3,6.1,13,19.1,3.6,2.5,3.5,4,4.3,25,106.6,91.1,1,6,0,4.8,0.3,0.8,0.4,0,0,0,0.3,0.8,0.4,0.4,0.2,0.2,1,0.3,0.3,0.7,0,0,0.2,0,0.3,0.8,0,0.895,0.468,0.056,26.018,0.8,3.8,83,1.054,2.921
0,1,0,J.P. Tokoto,2015,58,PHI,PHI,1,0.22,92,-8,101,1,-9.04,95.7,95.5,-10.1,104.8,-0.8,-9.3,0.22,-9,"SF,PF",1,21.77,78.25,196,UNC,4,3,0.684,77.7,68.8,20.63,11.76,111.6,98.9,38,34,0.895,29.1,3.1,7.1,0.428,0.3,0.8,0.375,1.9,3.1,0.615,4,1.6,5.6,4.3,1.5,0.3,2.2,2.4,8.3,15.9,0.484,0.118,0.432,378,6.4,14.3,10.6,24,2.9,1.3,20.7,17.9,1.4,1.9,3.3,0.118,2.7,4.5,7.2,4.2,9.8,0.4,1.2,2.6,4.2,2.2,5.5,7.7,5.9,2,0.5,3.1,3.3,11.4,6.1,14.2,0.6,1.7,3.8,6.1,3.2,7.9,11.1,8.5,2.9,0.7,4.4,4.8,16.5,103.8,98.1,0,0,0,0,0,0,0,0,0,0,0,0,0,0,0,0,0,0,0,0,0,0,0,0,0,0,0,1.955,0.4,0.01,22.957,1.8,2.5,82,1.048,2.505
5,81.43,49.76,Lonzo Ball,2017,2,LAL,NOP,0,0.415,104.3,-1.3,106.4,0.8,-1.69,98,105.2,-3.6,107.4,-1.4,-2.1,0.427,-2.1,PG,2,19.66,78,190,UCLA,3,1,0.861,89.8,75.5,20.67,6.39,121,101.8,36,36,1,35.1,5.3,9.5,0.551,2.2,5.4,0.412,1.8,2.7,0.673,5.1,0.9,6,7.6,1.8,0.8,2.5,1.8,14.6,24.7,0.673,0.566,0.286,608,3.2,14.3,9.3,31.4,2.8,2.1,18.6,18.1,4.8,2,6.8,0.214,8.1,3.9,12,6,10.9,2.5,6.1,2.1,3.1,1,5.8,6.8,8.7,2.1,0.9,2.8,2.1,16.6,8.1,14.6,3.4,8.3,2.8,4.2,1.4,7.8,9.2,11.7,2.8,1.2,3.8,2.8,22.4,131.3,100.7,6,287,253,31.2,4.2,10.6,0.398,2.3,6.4,0.362,1.9,4.2,0.451,0.507,0.7,1.1,0.599,1,4.5,5.5,5.8,1.5,0.6,2.4,2.1,11.4,88.153,3.04,0.176,0.023,21.937,1.6,3,81,1.038,2.436
0,13.7,7.86,Sterling Brown,2017,46,PHI,MIL,3,0.512,103.6,-2,103.8,-1.8,-0.45,94.5,109.1,0.3,109.3,0.5,-0.2,0.488,-0.2,"SG,SF",1,22.37,78,230,SMU,0,4,0.857,74.3,60,18.71,4.45,116.6,94.2,35,34,0.971,32.7,4.6,10,0.459,1.7,3.9,0.449,2.5,3.1,0.791,4.9,1.6,6.5,3,1.4,0.5,2,2.6,13.4,21.7,0.583,0.387,0.313,463,6,16.9,11.7,17.9,2.7,2.2,14.6,21.9,3.3,2.7,6,0.211,4.8,4,8.9,5.6,12.3,2.1,4.8,3,3.8,1.9,6,7.9,3.7,1.7,0.7,2.4,3.2,16.4,8.8,19.3,3.4,7.5,4.8,6,3,9.4,12.5,5.8,2.7,1,3.8,5,25.8,119.6,92.1,6,268,29,16.6,2,4.7,0.419,0.9,2.5,0.363,1.1,2.2,0.485,0.517,0.5,0.6,0.796,0.6,2.8,3.3,1,0.5,0.2,0.7,1.4,5.3,10.821,1.5,0.327,0.015,22.957,-1.9,2.4,81,1.038,2.949
7,79.25,48.41,Jaylen Brown,2016,3,BOS,BOS,4,0.585,105.7,3,102.5,-0.2,2.83,98.5,106.8,0.4,103.6,-2.8,3.2,0.61,3.2,"SF,SG",0,19.67,78.75,223,California,0,1,0.676,74.9,67.3,15.39,7.87,108.5,97.6,34,34,1,27.6,4.8,11.1,0.431,0.9,3,0.294,4.2,6.4,0.654,4.3,1.1,5.4,2,0.8,0.6,3.1,3.2,14.6,17.6,0.518,0.27,0.574,476,4.4,16.6,10.8,15.3,1.7,2.2,17.9,31.4,1,1.8,2.7,0.117,1.1,2.5,3.6,6.9,16.1,1.3,4.3,6,9.2,1.5,6.2,7.8,2.9,1.2,0.9,4.5,4.6,21.2,10.2,23.6,1.9,6.4,8.9,13.5,2.2,9.1,11.4,4.2,1.7,1.4,6.6,6.7,31.1,98.5,97.2,9,603,496,30.6,7.1,14.9,0.478,1.9,5.3,0.359,5.2,9.6,0.543,0.542,2.8,3.9,0.726,1,4.3,5.3,2.6,1,0.4,2.1,2.5,19,82.255,0.645,0.256,0.022,25.247,2.7,2.1,83.75,1.063,2.832
3,51.17,31.04,Kris Dunn,2016,5,MIN,CHI,0,0.512,101.6,-1.1,103.1,0.4,-1.46,95.7,105,-1.4,106.5,0.1,-1.5,0.451,-1.5,PG,0,22.27,76.25,205,Providence,1,4,0.686,73.6,70.1,11.94,8.46,104.4,99.4,33,32,0.97,33,5.6,12.5,0.448,1.3,3.4,0.372,4,5.8,0.695,4.2,1.1,5.3,6.2,2.5,0.6,3.5,2.8,16.4,23.3,0.541,0.275,0.462,575,3.5,14.8,9,41.8,4.3,1.9,18.8,28.1,2.2,2.3,4.5,0.166,4.7,5.4,10.1,6.8,15.1,1.5,4.2,4.9,7,1.3,5.1,6.5,7.6,3,0.7,4.3,3.4,19.9,9.7,21.6,2.2,6,7,10,1.9,7.4,9.3,10.8,4.3,1.1,6.1,4.9,28.5,106.1,95,9,407,222,23.3,3.1,7.1,0.437,0.6,2,0.327,2.5,5.2,0.479,0.482,0.8,1,0.736,0.5,2.8,3.3,4,1.5,0.4,1.6,2.7,7.7,54.545,1.771,0.262,0.018,25.485,-0.1,3.7,81.5,1.069,2.689
5,59.53,36.21,Buddy Hield,2016,6,NOP,SAC,0,0.402,106.6,3.9,109.1,6.4,-2.31,100,106,-0.4,108.4,2,-2.5,0.415,-2.5,SG,0,23.52,77,212,Oklahoma,2,4,0.784,79.7,71.1,19.76,11.14,111,99,37,37,1,35.4,8.1,16.2,0.501,4,8.7,0.457,4.8,5.4,0.88,4.5,1.2,5.7,2,1.1,0.5,3.1,2.1,25,28.2,0.665,0.536,0.333,801,4,13.1,8.8,12.7,1.8,1.4,14,30.2,5.7,1.9,7.6,0.233,10.6,2.2,12.8,9.2,18.4,4.5,9.8,5.4,6.1,1.4,5.1,6.5,2.3,1.3,0.6,3.5,2.3,28.3,12.9,25.9,6.3,13.9,7.6,8.6,2,7.1,9.1,3.2,1.8,0.8,4.9,3.3,39.8,124,101.6,9,714,434,28.3,5.4,12.6,0.433,3,7.5,0.397,2.5,5.1,0.485,0.551,1.2,1.4,0.858,0.7,3.4,4.1,2.5,0.9,0.3,1.6,2,15,60.784,0.645,0.267,0.014,25.236,4.2,1.9,81.25,1.055,2.753
3,55.36,33.63,Josh Richardson,2015,40,MIA,MIA,4,0.451,94.7,-5.3,97.3,-2.7,-2.92,90.9,103.9,-1.7,106.7,1.1,-2.8,0.402,-2.6,"SG,SF",0,21.77,78,200,Tennessee,2,4,0.5,63.3,64.2,7.23,8.16,103,104.5,32,32,1,36.3,5.8,12.5,0.461,1.4,4,0.359,3.1,3.9,0.798,3.6,0.9,4.5,3.6,2.1,0.5,2.7,2.5,16,22.9,0.56,0.321,0.311,499,2.9,13.2,7.8,24.4,3.8,2,15.7,25.5,3.2,1.4,4.6,0.159,5.5,2.7,8.3,6.3,13.7,1.6,4.4,3.4,4.3,1,4,4.9,4,2.3,0.6,2.9,2.7,17.7,10.4,22.4,2.6,7.2,5.6,7,1.6,6.5,8,6.5,3.8,0.9,4.8,4.4,28.9,112.9,103.1,10,554,322,28.5,4.2,9.8,0.428,1.6,4.3,0.363,2.6,5.5,0.48,0.509,1.5,1.8,0.846,0.7,2.4,3,2.6,1,0.5,1.3,2.2,11.5,58.123,1.333,0.25,0.014,22.957,-3,2.9,82,1.051,2.564
3,47.21,28.59,Marquese Chriss,2016,8,SAC,PHO,0,0.28,100.9,-1.8,107.5,4.8,-6.32,98.5,102.2,-4.2,109,2.6,-6.7,0.293,-6.6,"SF,PF",0,18.98,82,233,Washington,0,1,0.559,83.9,80.8,11.21,8.12,105.7,101.8,34,34,1,24.9,5.3,9.9,0.53,0.6,1.8,0.35,2.6,3.8,0.682,2.9,2.5,5.4,0.8,0.9,1.6,2,4.1,13.7,21.6,0.585,0.178,0.382,427,9.8,11.6,10.7,6.3,1.9,5.8,14.7,24.1,1.9,1.2,3.1,0.148,2.8,2.2,4.9,8.4,15.9,1,2.8,4.2,6.1,4,4.6,8.6,1.2,1.5,2.6,3.3,6.5,22,10.8,20.4,1.3,3.6,5.3,7.8,5.1,5.9,11.1,1.6,1.9,3.3,4.2,8.3,28.3,111.9,102.2,6,292,147,18.3,2.8,6.2,0.456,0.6,1.9,0.29,2.3,4.3,0.528,0.5,1.3,2,0.667,1.2,3.4,4.7,1,0.6,0.8,1.2,2.5,7.6,50.342,0.4,0.862,0.064,24.036,2.7,4.1,84.25,1.027,2.841
5,54.48,33.09,Jakob Poeltl,2016,9,TOR,SAS,4,0.817,103.5,0.8,92.9,-9.8,10.28,93.8,110.3,3.9,99,-7.4,11.3,0.817,10.6,C,0,20.7,85,239,Utah,0,2,0.75,77.2,69.5,15.5,8.79,112.5,101.3,36,36,1,30.4,6.3,9.8,0.646,0,0,0,4.6,6.6,0.689,6.3,2.8,9.1,1.9,0.6,1.6,2.1,2.3,17.2,31.1,0.665,0,0.674,596,11.9,22.1,17.4,13.9,1.1,5,13.7,25.6,4.9,1.9,6.8,0.25,7.6,2.8,10.4,8.3,12.9,0,0,6,8.7,3.7,8.2,12,2.6,0.8,2,2.7,3,22.7,12.3,19.1,0,0,8.9,12.9,5.5,12.2,17.7,3.8,1.1,3,4,4.5,33.5,128.7,98.5,9,595,341,22.4,3.9,6.3,0.631,0,0,0.429,3.9,6.2,0.631,0.631,1,1.9,0.555,2.7,4.3,7,1.8,0.6,1.3,1.2,2.5,8.9,57.311,0.905,0.444,0.053,22.923,-2,2.8,86.75,1.021,2.812
3,48.26,29.24,Aaron Nesmith,2020,14,BOS,IND,3,0.616,109.4,-2.4,107.5,-4.3,1.63,98.9,110,-0.6,108,-2.6,2,0.562,1.9,SF,0,20.69,78,213,Vanderbilt,0,2,0.344,71.7,75,3.16,6.41,101.7,106.3,14,14,1,35.7,7.5,14.6,0.512,4.3,8.2,0.522,3.7,4.5,0.825,4.1,0.8,4.9,0.9,1.4,0.9,1.7,2.8,23,29,0.685,0.561,0.307,260,2.5,13.9,8,6.9,2.3,2.6,9.3,26.3,2.2,0.4,2.6,0.207,9.3,0.4,9.7,8.4,16.4,4.8,9.2,4.2,5,0.9,4.6,5.4,1,1.6,1,1.9,3.1,25.8,12,23.4,6.9,13.1,5.9,7.2,1.3,6.5,7.8,1.5,2.3,1.4,2.7,4.5,36.8,127.8,106.8,5,288,148,21.4,3.2,6.8,0.463,1.4,3.7,0.385,1.7,3.1,0.556,0.567,1.2,1.4,0.828,0.7,2.6,3.3,1.1,0.7,0.4,0.8,2.6,8.9,51.389,0.529,0.195,0.025,24.487,-1.4,2.6,82,1.051,2.731
3,55.28,33.58,Taurean Prince,2016,12,UTA,ATL,3,0.585,102.8,0.1,99.2,-3.5,3.49,97.1,105.1,-1.3,101.4,-5,3.7,0.622,3.6,"PF,SF",0,22.26,79.75,220,Baylor,3,4,0.647,77.1,69.6,16.13,9.76,112.8,101.8,34,34,1,30.6,5.5,12.7,0.432,1.6,4.3,0.361,3.3,4.3,0.774,3.7,2.4,6.1,2.3,1.3,0.7,2.7,2.5,15.9,20.8,0.537,0.339,0.337,509,9.2,14.8,12,14.8,2.4,2.7,15.3,28.1,2.4,1.4,3.8,0.148,5.3,1.3,6.6,7.2,16.7,2,5.7,4.3,5.6,3.1,4.8,7.9,3,1.7,1,3.5,3.3,20.8,10.6,24.6,3,8.4,6.4,8.3,4.6,7.1,11.7,4.4,2.4,1.4,5.2,4.9,30.7,109.7,102.7,9,582,344,24.7,3.5,8.2,0.428,1.7,4.4,0.384,1.8,3.8,0.479,0.531,1.2,1.4,0.811,0.5,3.1,3.6,1.7,0.8,0.4,1.4,2,9.9,59.107,0.852,0.649,0.023,24.009,1.3,2.7,83.5,1.047,2.759
0,20.25,11.91,Denzel Valentine,2016,14,CHI,CHI,0,0.512,101.6,-1.1,103.1,0.4,-1.46,95.7,105,-1.4,106.5,0.1,-1.5,0.451,-1.5,SG,0,22.61,77.75,210,Michigan State,3,4,0.829,79.8,64.1,22.59,6.94,118.6,95.3,31,30,0.968,33,6.6,14.3,0.462,3.4,7.5,0.444,2.6,3.1,0.853,6.7,0.8,7.5,7.8,1,0.2,2.7,1.7,19.2,29.7,0.608,0.527,0.214,622,3,21.2,12.8,45.8,1.9,0.7,14.8,28.5,5,2.2,7.2,0.284,11.3,4.3,15.6,8,17.4,4.1,9.2,3.2,3.7,1,8.1,9.1,9.4,1.3,0.3,3.3,2,23.3,12,26,6.1,13.7,4.7,5.6,1.5,12.2,13.7,14.1,1.9,0.4,5,3,34.9,127.1,94.1,5,256,45,18.8,2.7,6.8,0.394,1.4,3.9,0.36,1.2,2.8,0.441,0.498,0.3,0.4,0.787,0.4,3,3.3,1.8,0.6,0.1,0.9,1.6,7,17.578,2.889,0.119,0.006,25.771,-0.1,1.6,82.75,1.064,2.701
0,4.78,2.34,Wade Baldwin,2016,17,MEM,MEM,3,0.512,99.1,-3.6,101.3,-1.4,-2.14,93.3,105.4,-1,107.8,1.4,-2.4,0.427,-2.2,PG,0,20.24,76,202,Vanderbilt,0,2,0.576,75.9,67.4,17.2,8.68,109,96.8,33,30,0.909,30.4,4.1,9.6,0.427,1.2,3.1,0.406,4.7,5.9,0.799,3.6,0.4,4,5.2,1.2,0.3,2.8,2.6,14.1,20.7,0.571,0.32,0.614,505,1.5,11.6,7,33.7,2.3,1,18.2,25.3,2.7,1.8,4.5,0.179,4.1,3,7.1,5.4,12.6,1.6,4,6.2,7.7,0.5,4.8,5.3,6.9,1.6,0.4,3.6,3.4,18.6,7.8,18.2,2.4,5.8,8.9,11.2,0.8,6.9,7.6,9.9,2.3,0.6,5.3,4.9,26.9,112.7,97.7,3,56,1,10.3,1.1,3,0.355,0.2,0.6,0.25,0.9,2.4,0.383,0.382,0.8,1,0.776,0.3,1,1.2,1.4,0.4,0.2,1,1.1,3.1,1.786,1.857,0.111,0.01,24.377,-2.5,2,83.25,1.095,2.658
0,5.95,3.06,Henry Ellenson,2016,18,DET,DET,1,0.537,102,-0.7,101.4,-1.3,0.43,95.1,106.1,-0.3,105.5,-0.9,0.6,0.524,0.6,"PF,C",0,19.45,83.5,242,Marquette,2,1,0.606,76.3,74.2,7.66,5.57,103.8,101,33,33,1,33.5,5.9,13.2,0.446,0.9,3.2,0.288,4.3,5.8,0.749,7.6,2.2,9.7,1.8,0.8,1.5,2.4,2.5,17,20.9,0.534,0.239,0.439,536,7.8,24.2,16.5,11,1.4,4.4,12.9,26.7,2,2,4,0.143,2.8,1.1,3.9,7,15.7,1.1,3.8,5.2,6.9,2.6,9,11.6,2.1,1,1.8,2.8,3,20.3,9.7,21.7,1.5,5.2,7.1,9.5,3.5,12.5,16,2.9,1.4,2.4,3.9,4.2,28,106.3,98.5,5,83,2,9.5,1.5,3.9,0.371,0.6,1.8,0.336,0.9,2.2,0.4,0.446,0.6,0.8,0.773,0.3,2.1,2.5,0.6,0.2,0,0.5,0.8,4.1,2.41,0.75,0.289,0.045,25.656,-0.7,2.8,86.25,1.033,2.898
3,37.25,22.43,Malik Beasley,2016,19,DEN,DEN,3,0.402,101.9,-0.8,105,2.3,-2.81,95.7,105.6,-0.8,108.9,2.5,-3.2,0.402,-3.1,SG,0,19.58,76.5,190,Florida State,1,1,0.588,78,74,12.16,8.16,108.2,102.6,34,33,0.971,29.8,5.4,11.6,0.471,1.6,4.2,0.387,3.1,3.8,0.813,4,1.3,5.3,1.5,0.9,0.2,1.7,2.2,15.6,20.8,0.583,0.361,0.326,483,5,15.1,10.1,9.8,1.8,0.6,11.5,24.2,2.9,1.1,4,0.158,5.2,1,6.2,7.3,15.5,2.2,5.6,4.1,5,1.7,5.4,7.1,2,1.3,0.2,2.3,3,20.9,10.2,21.6,3,7.8,5.7,7,2.4,7.5,9.9,2.8,1.8,0.3,3.2,4.1,29,117.5,105.4,9,578,209,23.8,4.2,9.9,0.426,2.5,6.4,0.391,1.7,3.4,0.491,0.553,0.7,1,0.769,0.4,2.4,2.8,1.4,0.7,0.1,0.8,1.3,11.7,36.159,0.882,0.325,0.007,22.387,-0.1,1.5,79,1.033,2.484
3,44.66,27.01,Caris LeVert,2016,20,IND,BRK,0,0.256,98.6,-4.1,106,3.3,-7.12,95.2,103.2,-3.2,110.9,4.5,-7.7,0.268,-7.4,"SG,SF",0,21.83,79,191,Michigan,2,4,0.639,73.8,67.4,13.74,7.92,111.9,102.2,15,14,0.933,30.9,5.5,10.8,0.506,1.9,4.3,0.446,3.6,4.5,0.794,4.7,0.6,5.3,4.9,1,0.2,1.7,1.2,16.5,28.8,0.636,0.401,0.42,252,2.4,18.9,10.6,33.3,2,0.7,11.4,25.6,2.2,0.7,2.8,0.243,8.5,2.9,11.4,7.1,14,2.5,5.6,4.7,5.9,0.8,6.1,6.9,6.4,1.3,0.3,2.2,1.6,21.3,10.8,21.2,3.8,8.5,7.1,8.9,1.2,9.3,10.5,9.7,2,0.4,3.3,2.4,32.4,129.4,102.1,9,524,223,27.8,5.1,11.8,0.437,1.5,4.3,0.345,3.7,7.4,0.49,0.5,2.1,2.9,0.736,0.7,3.1,3.8,4,1,0.4,1.8,2,13.9,42.557,2.882,0.128,0.006,22.277,-0.6,1.6,82,1.038,2.418
0,20.49,12.06,DeAndre' Bembry,2016,21,ATL,ATL,3,0.585,102.8,0.1,99.2,-3.5,3.49,97.1,105.1,-1.3,101.4,-5,3.7,0.622,3.6,"SF,SG",1,21.98,77.75,207,Saint Joseph's,0,3,0.778,77.2,70.1,12.1,4.93,109.7,99.5,36,35,0.972,37.3,6.6,13.8,0.479,0.9,3.6,0.266,3.3,4.9,0.657,6.3,1.4,7.8,4.5,1.4,0.8,2,2.4,17.4,22.4,0.539,0.258,0.358,640,4.3,18,11.3,24.1,2.2,2.5,11.2,24.4,3.4,2.5,5.8,0.174,4.7,3.4,8.2,7.1,14.8,1,3.8,3.5,5.3,1.5,6.8,8.3,4.8,1.5,0.9,2.2,2.6,18.7,10.1,21.1,1.4,5.4,5,7.6,2.2,9.7,11.9,6.8,2.2,1.3,3.1,3.7,26.7,113.2,97.8,6,296,55,19.2,2.4,5.1,0.474,0.4,1.3,0.283,2.1,3.9,0.537,0.509,0.7,1.1,0.611,0.6,2.6,3.2,1.8,1,0.4,1.2,1.8,5.9,18.581,2.25,0.222,0.021,24.232,1.3,2.4,81.25,1.045,2.662
0,7.4,3.96,Malachi Richardson,2016,22,CHO,SAC,0,0.402,106.6,3.9,109.1,6.4,-2.31,100,106,-0.4,108.4,2,-2.5,0.415,-2.5,SG,0,20.47,78.25,200,Syracuse,1,1,0.622,70,65.1,14.62,9.75,106.7,99.3,37,37,1,34.4,4.1,11.1,0.369,2.1,6.1,0.353,3.1,4.2,0.72,3.8,0.5,4.3,2.1,1.1,0.3,2.1,2.5,13.4,13.8,0.51,0.544,0.381,458,1.7,12.1,6.9,12.8,2,0.9,14,23.2,1.5,1.8,3.3,0.104,1.4,2.1,3.5,4.8,13,2.5,7,3.6,4.9,0.6,4.4,5,2.4,1.3,0.3,2.5,2.9,15.6,7.4,20,3.8,10.8,5.5,7.6,0.9,6.7,7.7,3.7,2,0.5,3.8,4.4,24,102.6,102.3,3,70,4,8.9,1,2.7,0.358,0.4,1.3,0.301,0.6,1.3,0.415,0.433,0.5,0.7,0.783,0.1,0.9,1,0.3,0.2,0,0.4,0.9,2.8,5.714,1,0.132,0.009,22.447,4.2,1.6,84,1.073,2.556
0,2.62,1,Brice Johnson,2016,25,LAC,LAC,1,0.646,104.5,1.8,100.2,-2.5,4.13,95.8,108.3,1.9,103.8,-2.6,4.4,0.646,4.3,"SF,PF",0,22,82.5,209,UNC,4,4,0.825,82.8,70,23.44,10.69,118,99.8,40,39,0.975,28,6.7,10.9,0.614,0,0,0,3.6,4.6,0.783,7.5,2.9,10.4,1.5,1.1,1.5,1.8,2.7,17,33,0.649,0,0.423,612,11.6,28.7,20.4,9.7,2.2,5.5,12,25,5,2.6,7.6,0.271,8.5,4.2,12.7,9.5,15.5,0,0,5.1,6.6,4.1,10.7,14.8,2.1,1.5,2.1,2.5,3.8,24.2,13.6,22.1,0,0,7.3,9.4,5.8,15.3,21.2,2.9,2.2,3,3.6,5.4,34.5,130.1,92.4,2,21,0,5.1,1,2.3,0.449,0,0,0,1,2.3,0.458,0.449,0.1,0.2,0.6,0.5,1.1,1.6,0.1,0.5,0.3,0.3,0.6,2.2,0,0.833,0.387,0.054,24.272,0,3.6,84.5,1.024,2.533
7,81.8,49.99,Pascal Siakam,2016,27,TOR,TOR,4,0.683,102.7,0,98.2,-4.5,4.08,92.9,110,3.6,105.2,-1.2,4.8,0.646,4.5,"SF,PF",0,22.23,81.5,227,New Mexico State,0,2,0.676,71.3,63.1,3.58,-3.54,105.4,93.3,34,34,1,34.6,8.1,15,0.539,0.1,0.4,0.2,4,5.9,0.678,7.7,3.9,11.6,1.7,1,2.2,2,2.7,20.3,31.6,0.569,0.029,0.396,650,13.4,23.6,18.8,12.1,1.7,6.5,10,29.1,4.4,3.4,7.8,0.266,5.5,2.7,8.2,9.4,17.3,0.1,0.5,4.7,6.9,4.5,8.9,13.4,2,1.2,2.6,2.3,3.1,23.5,14,26,0.2,0.8,7,10.3,6.7,13.4,20.2,3,1.7,3.8,3.4,4.7,35.2,119.7,86.7,9,629,535,31.2,6.9,13.8,0.499,1.1,3.2,0.339,5.8,10.6,0.548,0.539,3.1,4.1,0.763,1.5,5.1,6.7,3.6,0.9,0.6,1.8,2.7,18,85.056,0.85,0.506,0.064,24.507,-2.9,3.8,87.25,1.071,2.785
0,29.04,17.35,Skal LabissiÃ¨re,2016,28,PHO,SAC,0,0.402,106.6,3.9,109.1,6.4,-2.31,100,106,-0.4,108.4,2,-2.5,0.415,-2.5,"PF,C",0,20.27,83.75,216,Kentucky,4,1,0.75,79.5,68.1,20.23,8.84,115.6,99,36,18,0.5,15.8,2.7,5.3,0.516,0,0.1,0,1.1,1.7,0.661,2.2,1,3.1,0.3,0.3,1.6,0.9,3,6.6,18.6,0.54,0.011,0.326,214,7.3,14.7,11.1,3.6,0.9,10.3,13.1,22.2,0.9,1.1,2,0.141,-1.3,4,2.6,6.9,13.4,0,0.1,2.9,4.4,2.5,5.5,8,0.8,0.6,4.2,2.3,7.6,16.7,10.2,19.7,0,0.2,4.3,6.4,3.6,8.1,11.7,1.1,0.9,6.1,3.4,11.2,24.6,107.9,97.1,5,152,43,17.2,2.8,5.8,0.492,0.2,0.6,0.36,2.6,5.2,0.506,0.51,1.2,1.6,0.748,1.5,2.9,4.4,1,0.3,0.7,1,2.1,7.1,28.289,0.333,0.455,0.101,22.911,4.2,4.8,86.5,1.033,2.579
0,1,0,Arsalan Kazemi,2013,54,WAS,WAS,0,0.354,93.2,-4.9,95.8,-2.3,-2.78,92.2,100.2,-5.6,103,-2.8,-2.7,0.402,-2.6,"SF,PF",0,23.18,79,226,Oregon,2,4,0.757,71.6,63.6,13.78,5.73,102.3,90.8,35,27,0.771,29,3.2,5.4,0.595,0,0,0,2.9,4.3,0.675,7.2,2.8,10,1.4,2,0.7,1.5,1.9,9.4,24.4,0.627,0.005,0.795,340,11.5,31.5,21.2,9.2,4.1,2.4,16.6,15.2,2.7,3,5.7,0.226,5.3,5.4,10.8,4.4,7.5,0,0,4,5.9,3.9,9.9,13.8,1.9,2.8,0.9,2,2.6,12.9,6.5,10.9,0,0.1,5.8,8.6,5.6,14.4,20,2.7,4.1,1.3,3,3.8,18.8,123.3,82.9,0,0,0,0,0,0,0,0,0,0,0,0,0,0,0,0,0,0,0,0,0,0,0,0,0,0,0,0.933,0.389,0.024,25.247,0.2,3.7,79,1,2.861
0,26.33,15.67,Damian Jones,2016,30,GSW,ATL,3,0.585,102.8,0.1,99.2,-3.5,3.49,97.1,105.1,-1.3,101.4,-5,3.7,0.622,3.6,C,0,20.99,83.5,244,Vanderbilt,0,3,0.576,75.9,67.4,17.2,8.68,109,96.8,33,33,1,26.2,5.6,9.5,0.59,0,0.1,0,2.7,5.1,0.536,4.6,2.2,6.9,1.2,0.2,1.6,2,3.3,13.9,23.3,0.584,0.01,0.538,426,9.9,17.3,13.9,10.2,0.5,5.9,14.2,26.8,2,1.8,3.8,0.175,3.1,3,6.2,8.5,14.4,0,0.1,4.2,7.8,3.4,7.1,10.5,1.8,0.4,2.5,3,5,21.2,12.3,20.8,0,0.2,6,11.2,4.9,10.2,15.2,2.5,0.5,3.6,4.3,7.2,30.6,110.4,95.8,8,279,75,13.6,1.9,2.9,0.656,0.1,0.3,0.351,1.8,2.7,0.686,0.672,1,1.3,0.715,1,2.1,3.1,0.7,0.3,0.7,0.6,1.9,4.9,26.882,0.6,0.478,0.061,25.888,1.3,2.9,87.75,1.051,2.922
0,8.73,4.78,Deyonta Davis,2016,31,BOS,MEM,3,0.512,99.1,-3.6,101.3,-1.4,-2.14,93.3,105.4,-1,107.8,1.4,-2.4,0.427,-2.2,C,0,19.56,82.5,237,Michigan State,3,1,0.829,79.8,64.1,22.59,6.94,118.6,95.3,35,16,0.457,18.6,3.4,5.7,0.598,0,0,0,0.7,1.1,0.605,3.4,2.1,5.5,0.7,0.3,1.8,0.9,2.3,7.5,23.9,0.601,0,0.191,242,13.5,19,16.5,7.5,0.8,10.2,12.1,19.3,1.7,1.6,3.3,0.204,3.4,4.5,7.8,7.3,12.2,0,0,1.4,2.3,4.4,7.3,11.8,1.6,0.6,3.9,1.8,4.9,16.1,11,18.3,0,0,2.1,3.5,6.6,11,17.6,2.4,0.8,5.9,2.8,7.4,24,121.4,91.1,3,107,6,12.1,1.9,3.1,0.599,0,0,0,1.9,3.1,0.601,0.599,0.5,0.8,0.635,1,2.3,3.2,0.4,0.2,0.6,0.4,1.7,4.2,5.607,0.778,0.618,0.097,25.656,-2.5,4.5,86.5,1.048,2.873
0,6.3,3.28,Cheick Diallo,2016,33,LAC,NOP,0,0.366,102.7,0,106.5,3.8,-3.56,96.8,105.6,-0.8,109.5,3.1,-3.9,0.378,-3.8,"C,PF",0,19.78,81,219,Kansas,4,1,0.868,81.3,67.6,23.87,11.22,115.1,95.7,27,1,0.037,7.5,1.2,2.1,0.569,0,0,0,0.6,1,0.556,1.9,0.6,2.5,0,0.3,0.9,0.6,1.4,3,20.5,0.572,0,0.466,74,10.4,27.1,19.4,0.9,2,11.9,19.4,21.7,0.2,0.6,0.8,0.159,-1.6,5.4,3.7,6.5,11.5,0,0,3,5.3,3.4,10.1,13.5,0.2,1.4,4.6,3.4,7.5,16,9.4,16.5,0,0,4.3,7.7,4.8,14.5,19.3,0.3,2,6.5,4.8,10.8,23,101.3,85.5,5,183,3,11.9,2.2,3.7,0.596,0,0,0.286,2.2,3.6,0.599,0.597,0.8,1.1,0.774,1,3.2,4.1,0.4,0.3,0.4,0.6,1.5,5.2,1.639,0,0.316,0.12,23.094,1,6,88.5,1.093,2.704
0,41.72,25.19,Tyler Ulis,2016,34,PHO,PHO,0,0.28,100.9,-1.8,107.5,4.8,-6.32,98.5,102.2,-4.2,109,2.6,-6.7,0.293,-6.6,PG,0,20.47,70,149,Kentucky,4,2,0.75,79.5,68.1,20.23,8.84,115.6,99,35,35,1,36.8,5.5,12.6,0.434,1.6,4.6,0.344,4.8,5.6,0.856,2.5,0.5,3,7,1.5,0.1,2,1.8,17.3,24,0.567,0.362,0.441,666,1.7,7.1,4.6,34.3,2.3,0.3,11.4,23.3,5.4,1.7,7.1,0.221,7.9,2.4,10.3,6,13.7,1.7,5,5.2,6.1,0.6,2.7,3.3,7.6,1.6,0.1,2.1,2,18.8,8.8,20.2,2.5,7.3,7.6,8.9,0.9,3.9,4.8,11.2,2.3,0.2,3.1,2.9,27.7,128.8,103.6,3,133,58,20.9,3,7.4,0.403,0.5,1.7,0.28,2.5,5.7,0.439,0.435,1,1.3,0.808,0.3,1.3,1.7,4,0.9,0.1,1.5,1.5,7.5,43.609,3.5,0.2,0.003,22.857,2.7,1.7,74,1.057,2.129
5,62.94,38.32,Malcolm Brogdon,2016,36,MIL,MIL,3,0.402,99,-3.7,103.2,0.5,-3.98,94.2,104.3,-2.1,108.7,2.3,-4.4,0.354,-4.2,"PG,SG",0,23.54,77.5,223,Virginia,2,5,0.784,71,60.1,22.04,11.12,115,97.3,37,37,1,34.1,6.2,13.6,0.457,2,5.2,0.391,3.8,4.2,0.897,3.5,0.5,4.1,3.1,0.9,0.2,1.4,2.1,18.2,25.1,0.585,0.382,0.31,626,2.1,13.4,7.9,19.5,1.8,0.9,8.3,28.4,4.9,2.1,7,0.222,8.1,3.2,11.3,7.3,15.9,2.4,6.1,4.4,4.9,0.6,4.1,4.8,3.6,1.1,0.3,1.6,2.4,21.4,11.8,25.9,3.9,9.9,7.2,8,1,6.7,7.7,5.9,1.8,0.5,2.7,3.9,34.7,122.5,99.9,9,463,296,29.1,5.6,12.1,0.463,1.6,4.2,0.388,4,8,0.502,0.53,2.4,2.8,0.874,0.8,3.4,4.1,4.7,0.8,0.2,1.7,1.8,15.3,63.931,2.214,0.143,0.006,25.51,-1.6,1.4,82.5,1.065,2.877
0,16.89,9.83,Chinanu Onuaku,2016,37,HOU,HOU,2,0.5,106.5,3.8,106.4,3.7,0.34,97.6,108.3,1.9,108.1,1.7,0.2,0.512,0.1,C,1,19.65,82,245,Louisville,3,2,0.742,75,61.1,21.57,7.74,112.9,92.1,31,29,0.935,24.6,4.4,7.1,0.62,0,0,0,1.1,1.8,0.589,5.5,2.9,8.5,1.6,0.8,2,2.1,3,9.9,26.4,0.62,0.005,0.253,314,13.7,25.8,19.8,12.9,1.9,9.6,20.8,20.5,1.8,2.3,4.2,0.218,4.1,6.3,10.5,7.2,11.6,0,0.1,1.7,2.9,4.8,9,13.8,2.7,1.3,3.3,3.4,4.8,16.1,10.8,17.5,0,0.1,2.6,4.4,7.2,13.6,20.8,4,1.9,4.9,5.1,7.3,24.3,114.7,84.9,2,6,1,12.3,1.2,2,0.583,0,0,0,1.2,2,0.583,0.583,0.7,0.7,1,0.5,1.8,2.3,0.7,0.5,0.2,1.2,1.7,3,16.667,0.762,0.527,0.081,24.038,1.8,4.6,86.75,1.058,2.988
0,21.27,12.54,Patrick McCaw,2016,38,MIL,GSW,4,0.89,114.9,12.2,104.1,1.4,10.38,99.3,114.5,8.1,103.8,-2.6,10.7,0.793,10.8,SG,0,20.67,78.75,181,UNLV,0,2,0.545,78.2,73.5,5.5,3.17,103.4,97.2,33,32,0.97,33.7,5.1,10.9,0.465,2.1,5.6,0.366,2.5,3.2,0.774,4,1.2,5.1,3.9,2.5,0.4,2.1,2.2,14.7,21.3,0.591,0.515,0.294,482,3.6,12.4,8,22.7,3.9,1.2,14.2,20.3,2.7,2.2,5,0.179,3.9,3.7,7.6,6,13,2.4,6.7,2.9,3.8,1.4,4.7,6.1,4.6,2.9,0.5,2.4,2.6,17.5,8.2,17.5,3.3,9,4,5.1,1.8,6.4,8.2,6.2,3.9,0.6,3.3,3.5,23.6,117.1,96,5,199,43,16.9,1.5,3.5,0.42,0.5,1.5,0.305,1,2,0.508,0.486,0.4,0.5,0.785,0.3,1.3,1.6,1.4,0.7,0.2,0.6,1.2,3.8,21.608,1.857,0.3,0.012,20.661,3.5,3.4,82,1.041,2.298
0,1.97,0.6,Diamond Stone,2016,40,NOP,LAC,1,0.646,104.5,1.8,100.2,-2.5,4.13,95.8,108.3,1.9,103.8,-2.6,4.4,0.646,4.3,C,0,19.37,82.25,254,Maryland,1,1,0.75,75.7,66.7,16.71,8.31,112.1,98.7,35,22,0.629,23.1,4.8,8.4,0.568,0,0,0,2.9,3.8,0.761,3.2,2.2,5.4,0.4,0.5,1.6,1.5,2.3,12.5,26.7,0.61,0,0.456,407,12.4,14.5,13.6,4.2,1.3,7.1,12.9,26.7,2.6,1.5,4.1,0.204,3.8,2,5.8,8.3,14.6,0,0,5.1,6.6,3.8,5.5,9.3,0.7,0.9,2.7,2.6,4,21.6,12.3,21.7,0,0,7.5,9.9,5.7,8.2,13.8,1.1,1.3,4.1,3.9,5.9,32.1,118.4,98.1,1,7,0,3.4,0.4,1.9,0.231,0,0,0,0.4,1.9,0.231,0.231,0.6,0.6,1,0.1,0.7,0.9,0,0,0.1,0.3,0.7,1.4,0,0.267,0.688,0.069,25.831,0,3.6,86.75,1.055,3.088
0,2.23,0.76,Stephen Zimmerman,2016,41,ORL,ORL,3,0.427,102.1,-0.6,103.7,1,-1.68,96,105.1,-1.3,106.8,0.4,-1.7,0.439,-1.6,C,0,19.79,83.75,234,UNLV,0,1,0.545,78.2,73.5,5.5,3.17,103.4,97.2,26,24,0.923,26.2,3.9,8.2,0.477,0.2,0.7,0.294,2.4,3.9,0.624,6.6,2.2,8.7,0.8,0.5,2,2.1,3,10.5,17.6,0.519,0.079,0.472,264,8.8,26.5,17.7,6.4,1.1,7.5,17.1,21.9,0.5,1.6,2.1,0.122,-0.9,2.3,1.4,6,12.6,0.3,1,3.7,5.9,3.3,10.1,13.4,1.3,0.8,3,3.2,4.6,16,8.1,17,0.4,1.4,5,8,4.5,13.6,18,1.7,1.1,4.1,4.3,6.3,21.6,98.7,92.7,1,19,0,5.7,0.5,1.6,0.323,0,0,0,0.5,1.6,0.323,0.323,0.2,0.3,0.6,0.6,1.3,1.8,0.2,0.1,0.3,0.2,0.9,1.2,0,0.381,0.333,0.076,23.805,0.2,3.8,87.25,1.042,2.794
0,29.66,17.73,Isaiah Whitehead,2016,42,UTA,BRK,0,0.256,98.6,-4.1,106,3.3,-7.12,95.2,103.2,-3.2,110.9,4.5,-7.7,0.268,-7.4,PG,0,21.3,76.5,210,Seton Hall,1,2,0.735,74.2,67.8,14.66,8.28,104.5,95.5,34,33,0.971,32.3,5.7,15.1,0.379,2.4,6.5,0.365,4.4,5.8,0.76,3.1,0.5,3.6,5.1,1.2,1.4,3.5,2.3,18.2,20.5,0.511,0.434,0.383,624,1.8,9.8,5.9,33,2.1,4.5,16.4,31.6,2.1,2.1,4.2,0.153,6,2.9,8.9,7.1,18.7,3,8.1,5.4,7.1,0.7,3.8,4.4,6.3,1.5,1.8,4.3,2.8,22.5,10,26.4,4.2,11.4,7.7,10.1,0.9,5.4,6.3,8.9,2.1,2.5,6.1,4,31.8,104.5,97.4,2,89,26,20.5,2.7,6.7,0.411,0.6,1.9,0.305,2.2,4.8,0.452,0.454,1.2,1.5,0.788,0.4,2,2.4,2.4,0.6,0.4,1.9,2.2,7.2,29.213,1.457,0.161,0.043,25.504,-0.6,3.3,80.75,1.056,2.745
0,2.33,0.82,Demetrius Jackson,2016,45,BOS,HOU,2,0.5,106.5,3.8,106.4,3.7,0.34,97.6,108.3,1.9,108.1,1.7,0.2,0.512,0.1,PG,0,21.8,73.25,194,Notre Dame,0,3,0.667,75.1,70.6,14.1,9.57,115.2,108.3,35,35,1,36,5.5,12.2,0.451,1.5,4.7,0.331,3.2,4,0.813,2.6,0.9,3.5,4.7,1.2,0.3,2.2,1.9,15.8,21,0.56,0.381,0.325,577,3,8,5.6,25.1,2.1,0.8,13.3,24.1,3.8,0.6,4.4,0.141,5.2,0.8,6.1,6.1,13.6,1.7,5.2,3.6,4.4,1,2.9,3.8,5.2,1.4,0.3,2.4,2.2,17.6,9.4,20.9,2.6,8,5.5,6.8,1.5,4.4,5.9,8,2.1,0.5,3.7,3.3,27,117.9,112.2,3,26,0,5.2,0.7,1.4,0.486,0.2,0.5,0.286,0.5,0.9,0.609,0.541,0.3,0.5,0.667,0.3,0.4,0.7,0.7,0.3,0,0.4,0.4,1.8,0,2.136,0.346,0.008,26.004,1.8,1.7,77.5,1.058,2.648
0,1,0,Justinian Jessup,2020,51,GSW,GSW,4,0.231,106.3,-5.5,115,3.2,-8.12,100.3,105.2,-5.4,113.8,3.2,-8.6,0.246,-8.7,SG,0,22.09,79,202,Boise State,0,4,0.625,75.9,69.5,8.59,4.39,106.5,97.4,32,32,1,36,5.4,12.6,0.426,3.1,7.7,0.397,2.2,2.3,0.959,3.5,1,4.4,2.1,1.4,0.5,1.3,2.2,16,20.1,0.584,0.611,0.181,474,3.2,11.8,7.4,12,2.2,1.5,8.4,21.1,3.4,1.8,5.2,0.181,5.4,1.8,7.2,6,14,3.4,8.6,2.4,2.5,1.1,3.9,4.9,2.3,1.6,0.5,1.4,2.4,17.8,8.5,20.1,4.9,12.3,3.5,3.6,1.5,5.5,7.1,3.3,2.2,0.7,2,3.4,25.4,119.5,98.3,0,0,0,0,0,0,0,0,0,0,0,0,0,0,0,0,0,0,0,0,0,0,0,0,0,0,0,1.615,0.286,0.014,22.524,0,2.1,79,1,2.557
0,20.33,11.96,Jake Layman,2016,47,ORL,POR,1,0.537,105.1,2.4,104.3,1.6,0.98,96,108.8,2.4,108,1.6,0.9,0.524,0.8,SF,0,22.3,81.25,209,Maryland,1,4,0.75,75.7,66.7,16.71,8.31,112.1,98.7,36,36,1,30.9,3.9,7.8,0.5,1.6,4,0.396,2.2,2.6,0.832,4.2,1.1,5.3,1.1,1.1,1,1.7,1.9,11.6,18.8,0.64,0.514,0.339,381,4.4,14.4,9.9,7,2.1,3.4,15.8,18.2,2.4,2,4.4,0.159,4.8,3.3,8.2,5,10.1,2.1,5.2,2.8,3.4,1.4,5.4,6.8,1.5,1.4,1.3,2.2,2.5,15,7.5,15,3,7.7,4.2,5.1,2,8.1,10.1,2.2,2.1,1.9,3.3,3.7,22.2,118,98.6,6,243,49,12.8,1.9,4.1,0.46,0.5,1.8,0.3,1.3,2.3,0.585,0.526,0.5,0.7,0.719,0.4,1.3,1.7,0.5,0.4,0.3,0.5,1,4.8,20.165,0.647,0.262,0.032,21.68,0.2,2.7,81.25,1,2.572
0,1.36,0.22,Michael Gbinije,2016,49,DET,DET,1,0.537,102,-0.7,101.4,-1.3,0.43,95.1,106.1,-0.3,105.5,-0.9,0.6,0.524,0.6,SG,0,24.05,78.75,205,Syracuse,1,5,0.622,70,65.1,14.62,9.75,106.7,99.3,37,37,1,37.9,6.1,13.2,0.461,2.5,6.3,0.391,2.9,4.3,0.663,3,1.1,4.1,4.3,1.9,0.4,2.8,2.6,17.5,20.9,0.574,0.477,0.328,632,3.2,8.8,6,26.3,3.1,1.1,15.7,24.8,3.6,2.1,5.7,0.162,5.3,3.1,8.4,6.4,13.9,2.6,6.6,3,4.6,1.1,3.2,4.3,4.5,2,0.4,3,2.8,18.4,9.9,21.4,4,10.2,4.7,7,1.8,4.9,6.6,7,3.1,0.6,4.6,4.3,28.4,113.4,101.8,1,9,0,3.6,0.1,1.1,0.1,0,0.4,0,0.1,0.7,0.167,0.1,0.2,0.2,1,0.2,0.1,0.3,0.2,0,0,0,0.2,0.4,0,1.536,0.367,0.011,22.277,-0.7,2.4,79.5,1.01,2.603
3,10.47,5.86,Georges Niang,2016,50,IND,UTA,1,0.488,97.7,-5,95.9,-6.8,1.84,91,105.9,-0.5,103.9,-2.5,1.9,0.561,1.8,"SF,PF",0,23.02,80.5,231,Iowa State,0,4,0.657,81.8,75,16.93,10.16,113.1,103.7,35,35,1,33.2,8.1,14.8,0.546,1.6,4.1,0.392,2.7,3.4,0.807,4.9,1.3,6.2,3.3,0.9,0.6,2.6,3.2,20.5,25.9,0.625,0.276,0.23,679,4.8,15.6,10.6,19.2,1.5,1.8,13.8,28.7,4.2,1.4,5.6,0.192,7.1,1.6,8.7,9.7,17.8,1.9,4.9,3.3,4.1,1.6,5.9,7.5,4,1.1,0.8,3.2,3.8,24.7,13.6,24.9,2.7,6.9,4.6,5.7,2.2,8.3,10.5,5.6,1.5,1.1,4.4,5.3,34.6,118.6,104.7,9,544,32,17.5,2.7,6,0.445,1.6,4.1,0.399,1.1,1.9,0.541,0.58,0.5,0.5,0.852,0.3,2.2,2.5,1,0.3,0.1,0.7,1.8,7.4,5.882,1.269,0.265,0.018,25.237,-4.8,1.9,82,1.019,2.87
0,1.23,0.14,Ben Bentil,2016,51,BOS,DAL,3,0.512,102.3,-0.4,102.6,-0.1,-0.02,94.3,106.7,0.3,107,0.6,-0.3,0.488,-0.3,"SF,PF",0,21.24,80.25,229,Providence,1,2,0.686,73.6,70.1,11.94,8.46,104.4,99.4,35,33,0.943,34.2,7,15.2,0.462,1.5,4.5,0.329,5.5,7.1,0.782,5,2.7,7.7,1.1,0.9,1,1.9,2.8,21.1,24.8,0.567,0.296,0.465,659,8.4,16.7,12.4,8,1.4,3.1,9.3,29.6,3.8,2,5.8,0.193,6.3,1.9,8.2,8.2,17.8,1.7,5.3,6.5,8.3,3.1,5.8,8.9,1.3,1,1.2,2.2,3.2,24.6,11.8,25.5,2.5,7.6,9.3,11.9,4.5,8.3,12.8,1.9,1.4,1.7,3.2,4.6,35.3,115.7,100,1,3,0,3.3,0,1,0,0,0.3,0,0,0.7,0,0,0,0,0,0,0.7,0.7,0,0,0,0.3,0.3,0,0,0.579,0.54,0.029,25.237,-1.5,2.2,85.5,1.065,2.854
0,2.34,0.83,Joel Bolomboy,2016,52,UTA,UTA,1,0.488,97.7,-5,95.9,-6.8,1.84,91,105.9,-0.5,103.9,-2.5,1.9,0.561,1.8,"SF,PF",0,22.41,81,224,Weber State,0,4,0.743,76.1,67,0.18,-5.13,109.4,96.3,33,33,1,31.5,5.8,10.2,0.573,0.6,1.7,0.364,4.8,6.9,0.697,9.3,3.3,12.6,1.1,0.7,1.2,2.4,2.2,17.1,29.1,0.634,0.163,0.677,551,13.1,31.3,23,7.4,1.3,3.6,14.9,26.1,3.8,2.7,6.5,0.248,3.7,0.6,4.3,7.4,12.9,0.8,2.1,6.1,8.8,4.2,11.8,15.9,1.3,0.9,1.5,3,2.8,21.7,10.8,18.9,1.1,3.1,8.9,12.8,6.1,17.2,23.3,2,1.3,2.2,4.4,4.1,31.7,121.1,90.1,2,18,0,5.1,0.7,1.2,0.545,0.1,0.3,0.2,0.6,0.9,0.647,0.568,0.3,0.7,0.5,0.6,0.9,1.5,0.1,0.2,0.1,0.2,0.2,1.7,0,0.458,0.355,0.038,24.507,-4.8,2.4,85.75,1.059,2.765
0,3.59,1.6,Kay Felder,2016,54,ATL,CLE,3,0.695,104.3,1.6,98.3,-4.4,5.45,93.3,110.9,4.5,104.5,-1.9,6.4,0.695,6,PG,1,21.24,69.5,177,Oakland,0,3,0.657,86.4,78.5,6.3,-1.61,115.1,104.5,35,35,1,36.7,7.7,17.5,0.44,2.2,6.1,0.355,6.8,8.1,0.848,3.5,0.7,4.3,9.3,2,0.2,3.4,3,24.4,28.7,0.572,0.35,0.461,946,2.2,9.8,6.1,50,2.9,0.5,13.9,31.3,6.2,1.4,7.6,0.237,7.5,0.8,8.3,8.4,19,2.4,6.7,7.4,8.8,0.8,3.8,4.6,10.1,2.1,0.2,3.7,3.2,26.5,11.2,25.5,3.2,8.9,9.9,11.7,1.1,5.1,6.2,13.5,2.9,0.3,5,4.3,35.5,122.9,105.9,2,58,0,9.1,1.4,3.9,0.364,0.2,0.7,0.268,1.2,3.2,0.385,0.388,0.8,1.1,0.754,0.1,0.9,1,1.3,0.4,0.1,0.8,0.8,3.8,0,2.735,0.2,0.005,26.449,-2.5,2.3,74.5,1.072,2.547
0,2.62,1,Marcus Paige,2016,55,BRK,CHO,0,0.585,103.4,0.7,100.7,-2,2.36,95.6,107.2,0.8,104.3,-2.1,2.8,0.598,2.7,PG,0,22.79,73.75,164,UNC,4,4,0.825,82.8,70,23.44,10.69,118,99.8,34,34,1,31.6,4.1,10.4,0.398,2.2,6.1,0.356,2.1,2.7,0.774,2.1,0.4,2.5,3.8,1.1,0.4,1.2,1.5,12.6,17.4,0.537,0.588,0.263,418,1.6,7.1,4.4,18.6,2.1,1.5,9.5,19.4,2.9,1.3,4.2,0.154,5.1,2.8,8,5.2,13.2,2.8,7.7,2.7,3.5,0.6,2.6,3.2,4.8,1.5,0.6,1.6,1.9,15.9,7.5,18.8,3.9,11,3.8,4.9,0.8,3.8,4.6,6.8,2.1,0.8,2.2,2.7,22.7,122.3,104.8,1,5,0,5.6,0.8,2.8,0.286,0.4,1.6,0.25,0.4,1.2,0.333,0.357,0.4,0.4,1,0,0.8,0.8,0.6,0,0,0,0,2.4,0,3.167,0.19,0.013,23.083,-0.2,2.1,78.25,1.061,2.224
0,13.12,7.5,Daniel Hamilton,2016,56,DEN,ATL,3,0.585,102.8,0.1,99.2,-3.5,3.49,97.1,105.1,-1.3,101.4,-5,3.7,0.622,3.6,SG,2,20.88,80,197,UConn,3,2,0.694,73.1,63.5,15.89,6.28,109,94.6,36,36,1,31.9,4.4,11.4,0.387,1.3,3.9,0.331,2.4,2.8,0.86,8,0.9,8.9,4.7,1.1,0.4,2.4,1.8,12.5,20,0.492,0.345,0.243,501,3.5,27.1,16.1,29.2,2,1.5,15.6,25.1,1.8,3,4.7,0.165,4,4,8,5.5,14.3,1.6,5,3,3.5,1.2,10,11.2,5.9,1.3,0.5,3,2.3,15.7,8.4,21.7,2.5,7.5,4.5,5.3,1.7,15.2,16.9,9,2,0.8,4.5,3.5,23.8,104,89.9,2,25,3,9.3,1.1,2.8,0.394,0.4,1.1,0.357,0.7,1.7,0.419,0.465,0.1,0.2,0.5,0.4,1.7,2.1,1.2,0.3,0,0.7,0.8,2.8,12,1.958,0.112,0.013,21.287,1.3,1.8,81,1.012,2.462
5,59.51,36.2,Devin Vassell,2020,11,SAS,SAS,4,0.451,114.1,2.3,115.2,3.4,-0.65,100.5,112.4,1.8,113.5,2.9,-1.1,0.465,-1.1,"SG,SF",0,19.84,79,194,Florida State,1,2,0.839,75.4,65.7,17.28,7.64,107.3,93.6,30,30,1,28.8,4.8,9.8,0.49,1.5,3.5,0.415,1.6,2.2,0.738,3.8,1.3,5.1,1.6,1.4,1,0.8,1.9,12.7,23.8,0.585,0.361,0.221,352,5.3,15.4,10.4,11.2,2.8,4.1,6.6,20,3,1.7,4.7,0.218,6.7,4.2,10.9,6.7,13.6,2,4.9,2.2,3,1.8,5.3,7,2.3,1.9,1.3,1.1,2.7,17.6,9.6,19.6,2.9,7.1,3.2,4.3,2.5,7.6,10.1,3.3,2.8,1.9,1.5,3.9,25.3,126.9,93.6,5,303,186,27.7,5.3,11.9,0.444,2,5.5,0.369,3.3,6.4,0.509,0.53,1.5,1.9,0.806,0.5,3.3,3.8,2.6,1.1,0.4,1.1,1.6,14.1,61.386,2,0.342,0.035,20.661,0.2,3.2,82,1.038,2.456
0,1,0,Isaiah Cousins,2016,59,SAC,SAC,0,0.402,106.6,3.9,109.1,6.4,-2.31,100,106,-0.4,108.4,2,-2.5,0.415,-2.5,"PG,SG",0,22.29,76.5,194,Oklahoma,2,4,0.784,79.7,71.1,19.76,11.14,111,99,37,37,1,33.3,4.6,11.2,0.406,1.8,4.3,0.411,1.8,2.6,0.67,3.8,0.6,4.5,4.5,1.4,0.3,2.4,1.7,12.6,15.9,0.506,0.38,0.233,507,2.1,11.9,7.3,25.1,2.3,0.8,16,21.8,1.9,1.9,3.8,0.123,2.7,2.8,5.4,5.5,13.5,2.1,5.1,2.1,3.1,0.7,4.6,5.4,5.5,1.7,0.3,2.9,2,15.2,7.7,19,3,7.2,3,4.4,1.1,6.5,7.5,7.7,2.3,0.5,4,2.9,21.4,106.3,101.3,0,0,0,0,0,0,0,0,0,0,0,0,0,0,0,0,0,0,0,0,0,0,0,0,0,0,0,1.875,0.158,0.009,22.551,4.2,2,78.25,1.023,2.536
0,13.72,7.87,Josh Huestis,2014,29,OKC,OKC,4,0.72,106.2,5.2,99.8,-1.2,6.66,95.4,110.5,3.9,103.9,-2.7,6.6,0.707,6.4,"SF,PF",0,22.52,79,230,Stanford,0,4,0.639,72.7,68.2,13.42,9,108,101.4,36,36,1,35.2,4.3,9.6,0.451,0.7,2.1,0.338,1.8,2.8,0.627,5.7,2.5,8.2,1.2,0.6,1.9,1.2,2.1,11.2,17.3,0.51,0.223,0.295,413,8.8,18.4,13.7,6.8,1,5.9,9.8,18,1.9,2.1,4,0.126,2.8,2.5,5.3,4.9,10.9,0.8,2.4,2,3.2,2.9,6.4,9.3,1.4,0.7,2.2,1.4,2.4,12.7,7.4,16.3,1.2,3.6,3,4.8,4.3,9.6,13.9,2,1,3.3,2,3.6,18.9,110.2,100.7,3,76,10,14.1,0.9,2.7,0.346,0.5,1.6,0.312,0.4,1.1,0.4,0.441,0.1,0.3,0.24,0.6,1.7,2.4,0.3,0.2,0.6,0.4,1.1,2.5,13.158,1,0.439,0.054,25.742,1.5,2.9,83,1.051,2.911
3,60.48,36.8,Markelle Fultz,2017,1,PHI,ORL,3,0.354,101.1,-4.5,107.6,2,-6.61,96.8,103.7,-5.1,110.5,1.7,-6.7,0.293,-6.5,"PG,SG",0,19.07,77,185,Washington,0,1,0.29,76.4,81.1,2.15,6.82,104.6,111,25,25,1,35.7,8.4,17.6,0.476,2.1,5,0.413,4.4,6.7,0.649,4.4,1.3,5.7,5.9,1.6,1.2,3.2,2.5,23.2,28,0.558,0.287,0.383,582,4,13.9,8.9,35.5,2.5,3.1,13.4,31.4,3.3,0.6,3.9,0.173,7.7,1.7,9.4,9.4,19.7,2.3,5.7,4.9,7.5,1.5,4.9,6.4,6.6,1.8,1.3,3.6,2.8,26,12.9,27.1,3.2,7.8,6.7,10.4,2,6.8,8.8,9.1,2.5,1.8,4.9,3.9,35.7,116.3,110.7,8,255,164,24,4.4,9.4,0.47,0.3,1.2,0.28,4.1,8.2,0.497,0.488,1.3,1.7,0.732,0.9,2.3,3.2,4.4,1.1,0.3,1.8,1.8,10.4,64.314,1.844,0.295,0.034,23.625,0.4,3.1,81,1.052,2.403
7,96.67,59.19,Cade Cunningham,2021,1,DET,DET,1,0.278,106.6,-5.5,111.1,-1,-4.38,97.9,108,-4.3,112.5,0.2,-4.5,0.361,-4.5,"PG,SG",0,19.75,79,220,Oklahoma State,0,1,0.7,76.6,72.7,13.65,9.78,102.7,97.5,27,26,0.963,35.4,6.5,14.8,0.438,2.3,5.7,0.4,4.9,5.8,0.846,5.5,0.7,6.2,3.5,1.6,0.8,4,2.5,20.1,21.6,0.574,0.388,0.39,518,2.3,16.3,9.6,20.4,2.5,2.3,18.7,29.1,2.3,1.7,4,0.166,5.1,3.2,8.3,7.3,16.7,2.6,6.5,5.5,6.5,0.8,6.2,7,3.9,1.8,0.9,4.6,2.8,22.8,10,22.9,3.6,8.9,7.6,8.9,1.1,8.5,9.6,5.4,2.5,1.2,6.2,3.8,31.2,106.4,97,4,208,208,33.7,8.3,18.6,0.446,1.9,5.7,0.339,6.4,13,0.493,0.497,3.5,4.1,0.853,0.8,4.6,5.4,7.4,1,0.6,3.8,2.8,22.1,100,0.875,0.127,0.023,24.024,-1.3,2.7,84,1.063,2.785
7,96.85,59.3,Jayson Tatum,2017,3,BOS,BOS,4,0.646,108,2.4,105.4,-0.2,2.25,96.8,111.2,2.4,108.4,-0.4,2.7,0.585,2.6,"SF,PF",0,19.31,80,205,Duke,4,1,0.757,80.8,70.2,21.56,10.91,115.7,100.5,29,27,0.931,33.3,5.7,12.6,0.452,1.4,4,0.342,4.1,4.8,0.849,6,1.3,7.3,2.1,1.3,1.1,2.6,3,16.8,22,0.566,0.321,0.381,467,4.8,19.7,12.6,12.4,2.3,3.2,15,26.2,2.3,1.8,4.1,0.169,4.6,3.2,7.9,6.8,15.1,1.7,4.8,4.9,5.8,1.6,7.2,8.8,2.6,1.6,1.4,3.1,3.6,20.2,9.8,21.6,2.4,6.9,7,8.2,2.3,10.3,12.6,3.7,2.3,2,4.5,5.1,28.9,111.4,97.8,8,585,585,34.5,8.2,17.8,0.459,2.6,7.1,0.37,5.5,10.7,0.519,0.533,4.5,5.4,0.84,0.9,6.5,7.3,3.8,1.1,0.7,2.4,2.1,23.6,100,0.808,0.217,0.033,22.325,0.4,3,83,1.038,2.562
0,33.91,20.36,Josh Jackson,2017,4,PHO,PHO,0,0.293,107.7,2.1,113.3,7.7,-5.14,100.3,106.6,-2.2,112.2,3.4,-5.6,0.329,-5.6,"SF,SG",0,20.37,80,205,Kansas,4,1,0.861,83.2,71.9,23.53,12.23,115.4,99.7,35,35,1,30.8,6.3,12.3,0.513,1,2.6,0.378,2.8,4.9,0.566,5.1,2.3,7.4,3,1.7,1.1,2.8,3,16.3,24.2,0.559,0.21,0.403,571,8.7,17.5,13.3,18.2,3.1,3.5,15.9,27.2,2.7,2.2,4.9,0.18,5.7,4.2,9.9,8.2,15.9,1.3,3.3,3.6,6.4,3,6.6,9.6,3.9,2.2,1.4,3.6,3.9,21.2,11.5,22.3,1.8,4.7,5.1,9,4.2,9.2,13.4,5.4,3.1,1.9,5,5.4,29.8,110.9,96.1,5,291,92,23.1,4.2,10.1,0.416,0.9,3.1,0.292,3.3,7,0.471,0.461,2,2.9,0.68,0.9,3.1,4,1.8,0.9,0.6,1.8,2.5,11.3,31.615,1.071,0.451,0.036,22.568,3.9,3.6,82,1.025,2.562
7,93.34,57.13,De'Aaron Fox,2017,5,SAC,SAC,0,0.39,102.8,-2.8,106.7,1.1,-3.29,94.9,107.3,-1.5,111.3,2.5,-4,0.378,-3.9,PG,0,19.51,75.25,170,Kentucky,4,1,0.842,84.9,71.5,23.88,10.49,113.8,95.9,36,34,0.944,29.6,5.9,12.4,0.479,0.5,1.9,0.246,4.3,5.9,0.736,3.4,0.6,4,4.6,1.5,0.2,2.4,2.5,16.7,22.7,0.549,0.154,0.474,608,2.1,12.2,7.2,28.6,2.7,0.7,13.7,27.5,3.1,2.1,5.1,0.192,4.3,3.9,8.2,8,16.8,0.6,2.6,5.9,8,0.8,4.6,5.4,6.2,2,0.3,3.3,3.4,22.6,10.8,22.6,0.9,3.5,7.9,10.7,1.1,6.2,7.2,8.3,2.7,0.4,4.4,4.6,30.4,113.6,96.9,8,531,517,33.3,7.9,16.9,0.47,1.5,4.6,0.33,6.4,12.2,0.523,0.515,4.1,5.5,0.746,0.6,3.3,3.9,6.1,1.4,0.4,2.7,2.6,21.5,97.363,1.917,0.176,0.007,23.269,-1.5,2.3,78.5,1.043,2.259
0,6.43,3.36,Anthony Bennett,2013,1,CLE,MIN,2,0.378,95.7,-2.4,98.1,0,-1.83,92.8,102.9,-2.9,105.4,-0.4,-2.5,0.415,-2.4,"SF,PF",0,20.28,79,239,UNLV,0,1,0.714,71.4,63,12.81,5.6,103.2,91.1,35,31,0.886,27.1,5.8,10.8,0.533,1,2.7,0.375,3.5,5.1,0.701,5.7,2.5,8.1,1,0.7,1.2,1.9,2.3,16.1,28.3,0.609,0.253,0.467,488,10.3,24,17.1,8.8,1.5,4.6,12.3,27.5,3.5,2.2,5.7,0.238,6.1,2.5,8.6,8.5,16,1.5,4,5.2,7.5,3.6,8.4,12,1.4,1,1.8,2.7,3.4,23.7,12.3,23.1,2.2,5.9,7.6,10.8,5.3,12.2,17.4,2.1,1.5,2.6,4,4.9,34.4,117.6,89.6,4,151,4,12.6,1.7,4.2,0.392,0.2,0.9,0.261,1.4,3.3,0.427,0.42,0.8,1.2,0.67,0.9,2.3,3.1,0.5,0.4,0.2,0.7,1.4,4.4,2.649,0.526,0.439,0.044,26.208,0.8,2.8,85,1.076,3.025
0,3.04,1.26,Justin James,2019,40,SAC,SAC,0,0.476,114.2,3,115.3,4.1,-0.81,103.1,110.4,0,111.5,1.1,-1.1,0.463,-1.1,SF,0,22.41,79,190,Wyoming,0,4,0.25,65.8,75.3,-9.75,0.19,93.3,106.9,32,32,1,38.2,7.1,17.4,0.409,1.6,5.3,0.296,6.3,8.4,0.741,7.5,1,8.5,4.4,1.5,0.6,4.2,2.1,22.1,21.5,0.515,0.303,0.485,737,3.2,22.4,13.1,33,2.2,1.7,16.3,35.6,1.5,1.5,2.9,0.096,2.9,-0.2,2.7,7.5,18.2,1.6,5.5,6.6,8.8,1,7.9,8.9,4.6,1.6,0.6,4.4,2.2,23.1,10.6,26,2.3,7.9,9.3,12.6,1.5,11.2,12.7,6.6,2.2,0.8,6.2,3.2,32.9,97.9,104,2,72,0,7.5,1.2,2.7,0.446,0.3,0.9,0.343,0.9,1.8,0.5,0.505,0.4,0.8,0.544,0.2,0.7,0.9,0.6,0.2,0.2,0.3,0.6,3.2,0,1.048,0.133,0.016,21.287,3.1,2.2,85,1.076,2.405
0,1,0,Romero Osby,2013,51,ORL,ORL,3,0.244,94.1,-4,101.1,3,-7.12,92.2,101.6,-4.2,109.1,3.3,-7.5,0.268,-7,SF,0,23.13,80,232,Oklahoma,2,5,0.625,70.6,66.3,11.39,7.08,104.9,98.5,32,31,0.969,28.5,5.4,10.3,0.526,0.3,0.5,0.529,4.8,6.1,0.794,5,2.1,7,1.3,0.6,0.8,1.3,2.4,16,28.9,0.604,0.051,0.586,473,8.2,21.4,14.6,10.2,1.3,3.2,9,26,4.2,1.4,5.6,0.244,7.8,2.1,10,7.6,14.5,0.4,0.7,6.8,8.5,2.9,7,9.9,1.8,0.9,1.2,1.8,3.4,22.4,11.4,21.7,0.6,1.1,10.1,12.7,4.3,10.4,14.8,2.6,1.3,1.8,2.8,5.1,33.6,126.2,97.9,0,0,0,0,0,0,0,0,0,0,0,0,0,0,0,0,0,0,0,0,0,0,0,0,0,0,0,1,0.42,0.028,25.48,0.2,2.1,80,1,2.9
3,24.76,14.7,Zach Collins,2017,10,SAC,POR,1,0.5,107.9,2.3,108.5,2.9,-0.23,96.7,110.3,1.5,110.8,2,-0.5,0.488,-0.6,"C,PF",0,19.6,84,232,Gonzaga,3,1,0.949,82.6,61.5,25.26,4.13,116.5,86.7,39,0,0,17.3,3.5,5.3,0.652,0.3,0.5,0.476,2.8,3.8,0.743,4.2,1.7,5.9,0.4,0.5,1.8,1.5,2.7,10,31,0.703,0.101,0.715,359,12.1,23.3,18.4,4.4,1.5,9.8,17.8,24.8,2.6,2.4,5,0.299,4.6,6,10.6,8,12.3,0.6,1.2,6.5,8.8,3.9,9.7,13.7,1,1.1,4.1,3.6,6.2,23.2,11.3,17.3,0.8,1.8,9.2,12.4,5.5,13.7,19.3,1.3,1.5,5.8,5,8.8,32.7,125.3,79.5,7,378,83,18.9,3,6.3,0.482,0.6,1.9,0.331,2.4,4.4,0.549,0.533,1.3,1.6,0.767,1.5,3.3,4.8,1.8,0.4,0.7,1.4,2.5,8,21.958,0.267,0.405,0.104,22.923,0.3,5.2,85,1.012,2.762
0,2.05,0.65,Vince Edwards,2018,52,UTA,HOU,2,0.793,112.4,6.1,103.9,-2.4,8.21,97.6,114.7,6.1,106.1,-2.5,8.7,0.744,8.5,SF,1,22.22,80,225,Purdue,2,4,0.811,80.4,65.7,23.41,8.74,117.7,96.2,35,35,1,31.6,5.1,10.8,0.476,1.5,3.7,0.398,2.9,3.4,0.833,5.4,2,7.4,2.9,0.5,0.6,2,1.8,14.6,21.8,0.587,0.339,0.317,531,8.4,18.6,13.9,17.1,1,2,14,23.8,3.4,2.1,5.4,0.197,6,2.1,8.1,6.5,13.7,1.8,4.6,3.6,4.3,2.6,6.8,9.4,3.7,0.7,0.8,2.6,2.2,18.5,9.6,20.1,2.7,6.8,5.3,6.4,3.8,10,13.7,5.4,1,1.1,3.8,3.3,27.1,118.8,97.9,1,2,0,8,0.5,2,0.25,0.5,2,0.25,0,0,0,0.375,0,0,0,0.5,0.5,1,0,0,0,0,0,1.5,0,1.45,0.37,0.019,24.504,0.3,1.5,80,1,2.812
3,28.66,17.11,Luke Kennard,2017,12,DET,DET,1,0.451,101.3,-4.3,102.5,-3.1,-1.29,95,106,-2.8,107.1,-1.7,-1.2,0.463,-1.2,SG,0,21,77.5,196,Duke,4,2,0.757,80.8,70.2,21.56,10.91,115.7,100.5,37,36,0.973,35.5,6.4,13.1,0.489,2.4,5.4,0.438,4.3,5.1,0.856,3.9,1.2,5.1,2.5,0.8,0.4,1.6,2.2,19.5,24.4,0.629,0.414,0.386,672,3.9,12.1,8.2,13.6,1.4,0.9,9.3,24,5.5,1.6,7.1,0.217,8.4,2,10.3,7.2,14.8,2.7,6.1,4.9,5.7,1.3,4.4,5.7,2.8,0.9,0.4,1.8,2.5,22,10.3,21.1,3.8,8.8,7,8.1,1.9,6.3,8.2,4,1.4,0.6,2.6,3.6,31.5,130.5,104.4,8,460,121,23.4,3.5,7.6,0.457,2,4.5,0.438,1.5,3.1,0.485,0.586,0.9,1,0.881,0.3,2.5,2.8,2.3,0.5,0.1,1,1.3,9.8,26.304,1.562,0.308,0.011,21.085,-1.4,1.3,77.25,0.997,2.529
7,95.51,58.47,Donovan Mitchell,2017,13,DEN,UTA,1,0.622,100.7,-4.9,96.8,-8.8,4,91.6,109.6,0.8,105.3,-3.5,4.3,0.634,3.9,"SG,PG",0,20.8,75,211,Louisville,3,2,0.735,77.3,66,22.47,11.15,112,95.6,34,33,0.971,32.3,5.3,13.1,0.408,2.4,6.6,0.354,2.6,3.2,0.806,3.8,1.1,4.9,2.7,2.1,0.5,1.6,2.6,15.6,21.8,0.534,0.509,0.243,502,3.7,12.9,8.3,16,3.7,1.7,10.2,24.6,3,2.4,5.4,0.197,5.7,5.5,11.1,6.6,16.2,2.9,8.2,3.2,3.9,1.3,4.7,6,3.4,2.6,0.6,2,3.2,19.3,9.6,23.6,4.3,12,4.6,5.7,2,6.8,8.8,4.9,3.7,0.9,3,4.7,28.1,116.3,94.1,8,539,531,33.8,8.8,19.5,0.449,3,8.2,0.366,5.8,11.3,0.509,0.526,4.2,5,0.84,0.8,3.5,4.3,4.7,1.4,0.3,2.7,2.4,24.7,98.516,1.688,0.289,0.015,26.316,-4.8,3.2,82,1.093,2.813
7,78.65,48.04,Bam Adebayo,2017,14,MIA,MIA,4,0.5,103.2,-2.4,102.1,-3.5,0.77,95.2,107.8,-1,106.7,-2.1,1.1,0.537,1.1,"C,PF",0,19.94,81.75,243,Kentucky,4,1,0.842,84.9,71.5,23.88,10.49,113.8,95.9,38,38,1,30.1,4.5,7.5,0.599,0,0,0,4.1,6.2,0.653,4.9,3.1,8,0.8,0.7,1.5,1.7,2.6,13,22,0.624,0,0.831,488,11.1,17.3,14.2,4.7,1.2,4.9,13.9,18.5,3.3,2.3,5.6,0.196,4.5,3.6,8.2,5.9,9.9,0,0,5.4,8.2,4.1,6.5,10.6,1.1,0.9,2,2.2,3.5,17.3,8,13.3,0,0,7.2,11.1,5.5,8.7,14.3,1.5,1.2,2.7,3,4.7,23.2,123.7,95.8,8,567,463,30.6,6,11.3,0.537,0.2,0.6,0.314,5.9,10.7,0.548,0.545,3.5,4.6,0.756,2.2,6.6,8.9,3.6,1.1,0.9,2.1,2.4,15.7,81.658,0.471,0.633,0.05,27.043,-1.2,2.9,86.75,1.061,2.972
3,22.58,13.35,Justin Jackson,2017,15,POR,SAC,0,0.39,102.8,-2.8,106.7,1.1,-3.29,94.9,107.3,-1.5,111.3,2.5,-4,0.378,-3.9,"SF,PF",0,22.25,80.25,201,UNC,4,3,0.825,84.4,70.6,24.84,11.76,116,97,40,39,0.975,32,6.6,14.9,0.443,2.6,7.1,0.37,2.5,3.3,0.748,3.2,1.5,4.7,2.8,0.8,0.2,1.7,1.4,18.3,21.3,0.555,0.477,0.22,659,4.8,10.8,7.8,15.8,1.3,0.8,9.5,25.7,4.3,1.8,6.1,0.191,7.7,2.1,9.8,8.2,18.6,3.3,8.9,3.1,4.1,1.8,4,5.8,3.5,1,0.3,2.2,1.7,22.8,11.4,25.6,4.5,12.2,4.2,5.6,2.5,5.5,8,4.9,1.3,0.4,3,2.4,31.4,121.2,102.4,7,280,61,17.5,2.3,5.4,0.423,0.8,2.6,0.319,1.4,2.7,0.523,0.501,0.6,0.7,0.796,0.4,1.9,2.3,1,0.3,0.2,0.4,1,6,21.786,1.647,0.469,0.006,21.112,-1.5,1.3,83,1.034,2.505
0,26.1,15.53,Justin Patton,2017,16,CHI,HOU,2,0.671,115.3,9.7,109.6,4,5.84,100,114.7,5.9,109,0.2,5.7,0.671,5.7,C,0,20.03,83.25,229,Creighton,2,1,0.714,81.8,72.8,17.27,8.95,112.3,100,35,34,0.971,25.3,5.7,8.5,0.676,0.2,0.4,0.533,1.3,2.5,0.517,4.5,1.7,6.2,1.2,0.9,1.4,1.7,2.7,12.9,25.2,0.671,0.051,0.294,406,8,19,13.9,8.5,1.9,5.9,15.1,22,2.5,1.8,4.3,0.194,4.2,4.2,8.4,9,13.4,0.4,0.7,2,3.9,2.7,7.2,9.9,1.9,1.4,2.3,2.7,4.3,20.5,12.4,18.4,0.5,0.9,2.8,5.4,3.7,9.9,13.5,2.5,1.9,3.1,3.7,6,28.1,119.8,96.1,4,22,6,13.5,1.6,4,0.404,0.5,1.8,0.25,1.2,2.2,0.531,0.461,0.2,0.3,0.667,0.8,2,2.7,0.9,0.7,0.6,0.3,2,3.9,27.273,0.706,0.378,0.055,21.787,3.6,3.7,87,1.045,2.751
0,7.64,4.11,D.J. Wilson,2017,17,MIL,MIL,3,0.512,103.6,-2,103.8,-1.8,-0.45,94.5,109.1,0.3,109.3,0.5,-0.2,0.488,-0.2,"SF,PF",0,21.35,82.5,234,Michigan,2,3,0.684,75,66.4,18.8,10.17,116.5,103.1,38,36,0.947,30.4,4.3,8,0.538,1.1,2.9,0.373,1.3,1.6,0.833,3.8,1.5,5.3,1.3,0.5,1.5,1.1,1.9,11,20.9,0.628,0.361,0.197,405,6.6,16.5,11.6,8.5,1.1,5.2,11.2,18.3,3.2,1.6,4.8,0.166,5.4,2.5,7.9,5.7,10.6,1.4,3.8,1.7,2.1,2,5.1,7,1.7,0.7,2,1.5,2.5,14.5,8.9,16.6,2.2,6,2.7,3.3,3.1,7.9,11,2.7,1.1,3.1,2.3,3.9,22.7,124.1,103,6,148,6,12.3,1.7,4,0.422,0.7,2,0.331,1,2,0.514,0.505,0.4,0.7,0.618,0.5,2.5,3.1,0.7,0.3,0.3,0.5,1.2,4.4,4.054,1.182,0.395,0.049,23.329,-1.9,2.7,87,1.055,2.836
0,4.41,2.11,T.J. Leaf,2017,18,IND,IND,3,0.512,105.1,-0.5,105.3,-0.3,-0.64,95.9,108.6,-0.2,108.8,0,-0.2,0.488,-0.2,"PF,C",1,20.15,81.75,222,UCLA,3,1,0.861,89.8,75.5,20.67,6.39,121,101.8,35,35,1,29.9,6.7,10.9,0.617,0.8,1.7,0.466,2.1,3,0.679,6,2.2,8.2,2.4,0.6,1.1,1.5,2.5,16.3,26.6,0.66,0.152,0.278,536,9,19.7,14.9,13.2,1.1,3.5,10.8,22,4.2,1.6,5.8,0.22,6.5,2.1,8.6,9,14.5,1,2.2,2.7,4,3,8,11,3.2,0.8,1.5,2,3.4,21.7,12.1,19.6,1.4,3,3.7,5.5,4,10.7,14.8,4.4,1.1,2,2.7,4.6,29.3,130.6,101.2,4,146,2,8.5,1.4,2.8,0.492,0.2,0.6,0.341,1.2,2.2,0.534,0.529,0.3,0.4,0.585,0.7,1.3,1.9,0.3,0.2,0.2,0.2,0.7,3.3,1.37,1.6,0.367,0.037,23.576,-0.5,2.3,83,1.015,2.716
5,82.06,50.15,John Collins,2017,19,ATL,ATL,3,0.524,103.2,-2.4,104,-1.6,-1.23,97.4,104.9,-3.9,105.7,-3.1,-0.9,0.476,-0.8,"SF,PF",0,19.75,81.5,225,Wake Forest,1,2,0.576,82.8,78.4,14.19,9.8,115.5,109.3,33,33,1,26.6,7.1,11.4,0.622,0,0,0,5,6.7,0.745,6.1,3.8,9.8,0.5,0.6,1.6,1.8,3,19.2,35.9,0.658,0.003,0.585,579,16.4,25.6,21.1,4.5,1.3,6.6,11.1,29.9,4.6,1,5.6,0.256,9.3,0.7,9.9,10.7,17.1,0,0,7.5,10,5.6,9.1,14.8,0.8,1,2.4,2.7,4.5,28.8,14.9,23.9,0,0.1,10.4,14,7.9,12.7,20.6,1.1,1.3,3.3,3.8,6.2,40.1,129.9,105,8,472,410,29.1,6.2,11.4,0.546,1,2.9,0.363,5.2,8.5,0.607,0.591,2.5,3.2,0.792,2.2,5.8,8.1,1.5,0.6,1,1.5,3,16,86.864,0.278,0.623,0.06,22.652,1,3.4,83.25,1.021,2.761
3,13.43,7.69,Harry Giles,2017,20,POR,SAC,0,0.39,102.8,-2.8,106.7,1.1,-3.29,94.9,107.3,-1.5,111.3,2.5,-4,0.378,-3.9,"C,PF",0,19.18,82.5,232,Duke,4,1,0.757,80.8,70.2,21.56,10.91,115.7,100.5,26,6,0.231,11.5,1.7,3,0.577,0,0,0,0.5,0.9,0.5,2.3,1.6,3.8,0.3,0.3,0.7,0.7,2.2,3.9,19.8,0.57,0,0.308,113,16.4,21.6,19.1,5.6,1.7,5.3,16.8,17.9,0.6,0.6,1.2,0.164,1.5,2.9,4.4,6,10.4,0,0,1.6,3.2,5.5,7.9,13.3,1.2,1.2,2.3,2.4,7.7,13.6,8.6,14.9,0,0,2.3,4.6,7.8,11.3,19.1,1.7,1.7,3.2,3.4,11.1,19.5,115.2,96.7,4,165,17,11.7,2.3,4.5,0.508,0.1,0.3,0.244,2.2,4.2,0.525,0.515,0.7,1.1,0.661,0.9,2.6,3.5,1.1,0.4,0.3,0.9,2,5.4,10.303,0.429,0.696,0.061,24.963,-1.5,3.5,87.25,1.058,2.812
7,82.3,50.3,Jarrett Allen,2017,22,BRK,BRK,0,0.244,105.8,0.2,112.5,6.9,-6.74,101.3,104.1,-4.7,110.7,1.9,-6.6,0.293,-6.7,C,0,19.18,82.25,234,Texas,3,1,0.333,67.1,68.9,10.99,12.75,97.9,100.5,33,33,1,32.2,5.4,9.6,0.566,0,0.2,0,2.5,4.5,0.564,5.4,3,8.4,0.8,0.6,1.5,2.5,2.1,13.4,20.3,0.571,0.022,0.472,428,10.9,18.9,14.9,5.7,1,5,17.8,22.6,1.5,1.7,3.3,0.124,2.6,2.6,5.2,6.7,11.9,0,0.3,3.2,5.6,3.8,6.7,10.5,1,0.7,1.9,3.2,2.6,16.7,9.8,17.4,0,0.4,4.6,8.2,5.5,9.8,15.3,1.5,1,2.8,4.6,3.7,24.3,104.9,99.9,8,568,503,28.2,5.1,8,0.641,0,0.2,0.164,5.1,7.8,0.654,0.643,2.5,3.6,0.712,2.9,6.4,9.2,1.7,0.7,1.2,1.4,2,12.8,88.556,0.32,0.556,0.047,23.809,4.9,2.6,89.25,1.085,2.845
5,77.89,47.57,OG Anunoby,2017,23,TOR,TOR,4,0.622,106.9,1.3,102.6,-3,3.65,94.7,112.3,3.5,107.8,-1,4.4,0.634,4.3,"SF,PF",0,19.94,79.75,232,Indiana,2,2,0.529,79.7,73.3,14.62,8.15,112.2,103.1,16,10,0.625,25.1,4.3,7.6,0.557,0.9,2.8,0.311,1.7,3,0.563,3.7,1.8,5.4,1.4,1.3,1.3,1.6,2.1,11.1,23.8,0.611,0.369,0.393,167,8.5,16.1,12.5,11,3,5.5,15.2,20.8,1.1,0.7,1.7,0.172,5.4,3.5,8.9,6.8,12.1,1.4,4.5,2.7,4.8,2.8,5.9,8.7,2.3,2.1,2.1,2.6,3.3,17.6,9.7,17.5,2,6.4,3.9,6.9,4,8.4,12.5,3.3,3,3,3.7,4.7,25.3,118.5,99.4,8,492,418,30.2,4.8,10.2,0.474,1.8,4.7,0.375,3.1,5.5,0.558,0.56,1.4,1.9,0.761,1.1,3.2,4.4,1.7,1.3,0.6,1.3,2.4,12.9,84.959,0.875,0.486,0.052,23.539,-1.7,4.2,86.25,1.082,2.909
0,1.73,0.45,Tyler Lydon,2017,24,UTA,DEN,3,0.488,111.7,6.1,111.2,5.6,0.7,98.3,113.2,4.4,112.7,3.9,0.5,0.512,0.5,"SF,PF",0,21.21,81.5,215,Syracuse,1,2,0.559,76.3,71.1,13.7,8.46,111.6,104,34,34,1,36.1,4.4,9.4,0.473,1.4,3.6,0.395,2.9,3.4,0.836,6.3,2.3,8.6,2.1,1,1.4,1.7,2.5,13.2,20.3,0.599,0.389,0.364,445,7.7,19.2,13.7,10.8,1.7,4.7,13.6,18,3.1,1.7,4.8,0.157,4.8,2.2,7,4.9,10.4,1.6,4,3.2,3.8,2.6,7,9.6,2.3,1.1,1.6,1.9,2.7,14.6,7.3,15.3,2.4,6,4.7,5.6,3.8,10.3,14.1,3.4,1.7,2.4,2.8,4,21.5,121.5,102.8,2,26,0,3.7,0.3,0.7,0.5,0.2,0.4,0.4,0.2,0.3,0.625,0.611,0,0.1,0.333,0.3,0.4,0.7,0.2,0.1,0,0.2,0.4,0.9,0,1.235,0.365,0.039,22.325,1.9,2.7,84,1.031,2.638
0,7.59,4.08,Caleb Swanigan,2017,26,POR,POR,1,0.5,107.9,2.3,108.5,2.9,-0.23,96.7,110.3,1.5,110.8,2,-0.5,0.488,-0.6,"SF,PF",0,20.19,80.5,246,Purdue,2,2,0.771,79.7,68.4,20.13,8.79,112.6,96.6,35,35,1,32.5,6.3,12,0.527,1.1,2.4,0.447,4.7,6,0.781,9.7,2.7,12.5,3.1,0.4,0.8,3.4,2.8,18.5,26.2,0.62,0.202,0.499,640,10.7,32.7,22.5,18.9,0.8,2.5,18.5,28.1,3.7,2.6,6.4,0.224,6.1,3.4,9.4,7.8,14.8,1.3,3,5.8,7.4,3.4,11.9,15.3,3.8,0.5,1,4.1,3.4,22.7,11.1,21.1,1.9,4.3,8.2,10.5,4.8,17.1,21.9,5.4,0.8,1.4,5.9,4.9,32.4,116.2,92.7,3,75,4,8.7,0.9,2.1,0.438,0,0.2,0.118,0.9,1.9,0.476,0.444,0.4,0.6,0.614,0.8,2.1,2.9,0.7,0.2,0.1,1,1.7,2.3,5.333,0.912,0.278,0.025,27.571,0.3,1.5,87,1.081,3.056
3,73.1,44.61,Kyle Kuzma,2017,27,BRK,LAL,2,0.317,104.6,-1,111.5,5.9,-6.29,98.5,106,-2.8,113,4.2,-7,0.293,-6.9,"PF,SF",0,21.92,81.5,223,Utah,0,3,0.625,78.5,68.1,12.45,4.32,111,96.4,29,29,1,30.8,6.3,12.4,0.504,0.9,2.9,0.321,2.9,4.4,0.669,6.6,2.8,9.3,2.4,0.6,0.5,2.1,1.6,16.4,25,0.565,0.233,0.352,481,11.3,23.3,17.7,15.2,1.1,1.6,12.8,27,2.8,1.8,4.5,0.204,5.6,0.7,6.3,8.1,16.2,1.2,3.8,3.8,5.7,3.6,8.5,12.1,3.2,0.8,0.6,2.8,2.1,21.3,11.6,23,1.7,5.4,5.4,8.1,5.2,12.1,17.3,4.5,1.1,0.9,4,2.9,30.4,115.8,96.3,8,541,408,31.2,6.5,14.4,0.45,1.9,5.8,0.334,4.5,8.6,0.527,0.517,2.1,3,0.721,1,5.3,6.3,2.7,0.6,0.5,2.2,2.1,17,75.416,1.143,0.424,0.016,20.266,2.1,1.4,84.25,1.034,2.736
0,12.12,6.88,Tony Bradley,2017,28,LAL,UTA,1,0.622,100.7,-4.9,96.8,-8.8,4,91.6,109.6,0.8,105.3,-3.5,4.3,0.634,3.9,C,0,19.46,82.75,249,UNC,4,1,0.825,84.4,70.6,24.84,11.76,116,97,38,0,0,14.6,2.7,4.7,0.573,0,0,0,1.7,2.8,0.619,2.6,2.6,5.1,0.6,0.3,0.6,0.7,1.8,7.1,26.2,0.59,0,0.59,270,18.6,19,18.8,7.2,1,4.4,9.9,20.7,2.1,1,3.1,0.225,5.6,2.3,7.9,7.4,12.9,0,0,4.7,7.6,7.1,7,14.1,1.7,0.7,1.6,1.8,5,19.5,10.2,17.7,0,0,6.5,10.5,9.8,9.7,19.4,2.3,1,2.2,2.5,6.9,26.8,129.2,97.7,7,193,18,10.9,1.9,3.1,0.632,0,0.1,0.467,1.9,3,0.637,0.638,0.5,0.7,0.667,1.5,2.5,4,0.5,0.2,0.6,0.5,1.3,4.4,9.326,0.857,1,0.041,24.963,-4.8,2.3,89,1.076,3.009
5,71.7,43.74,Derrick White,2017,29,SAS,SAS,4,0.744,105.3,-0.3,98.1,-7.5,7.13,94.2,111.1,2.3,103.5,-5.3,7.6,0.732,7.2,"SG,PG",0,22.98,76.5,190,Colorado,1,1,0.559,75.5,72.2,9.12,6,108.7,103.9,34,32,0.941,32.8,6,11.9,0.507,1.7,4.2,0.396,4.4,5.4,0.813,3.1,1,4.1,4.4,1.2,1.4,2.4,2.1,18.1,27.3,0.627,0.356,0.45,603,3.5,10.5,7,28.6,2.2,4.9,14.2,25.3,4.5,1.4,5.9,0.211,9,3.4,12.4,7.3,14.5,2,5.2,5.3,6.5,1.3,3.7,5,5.3,1.5,1.8,2.9,2.6,22,10.7,21,3,7.5,7.7,9.5,1.8,5.4,7.2,7.7,2.2,2.5,4.2,3.7,32,124.9,104,8,494,378,28.5,4.5,10,0.448,1.9,5.2,0.369,2.6,4.8,0.534,0.544,2.1,2.4,0.852,0.6,3.1,3.7,4.2,0.8,0.9,1.4,2.1,13,76.518,1.833,0.323,0.043,22.647,-2.2,3.3,79.5,1.039,2.484
5,53.35,32.39,Josh Hart,2017,30,UTA,LAL,2,0.317,104.6,-1,111.5,5.9,-6.29,98.5,106,-2.8,113,4.2,-7,0.293,-6.9,SG,0,22.31,77,209,Villanova,3,4,0.889,77.2,62.7,23.8,9.28,117.6,95.5,36,35,0.972,33.1,6.6,12.9,0.51,2.1,5.1,0.404,3.5,4.7,0.747,5,1.4,6.4,2.9,1.6,0.3,2,2.3,18.7,28.2,0.619,0.395,0.367,648,5.8,17.6,12.2,18.8,2.9,1,11.5,27.8,5.1,2.6,7.7,0.257,8.1,3.9,12,7.9,15.5,2.5,6.1,4.3,5.7,1.7,6,7.7,3.6,1.9,0.3,2.4,2.7,22.6,12.1,23.7,3.8,9.3,6.5,8.7,2.6,9.1,11.7,5.4,2.9,0.5,3.6,4.1,34.4,125.1,94.5,8,530,289,30.4,3.8,8,0.471,1.2,3.6,0.342,2.5,4.4,0.575,0.547,1.5,2,0.753,1.3,5.7,7,3.2,1,0.3,1.4,2.3,10.3,54.528,1.45,0.28,0.009,23.948,2.1,2.2,80.25,1.042,2.714
0,17.73,10.35,Frank Jackson,2017,31,CHO,NOP,0,0.415,104.3,-1.3,106.4,0.8,-1.69,98,105.2,-3.6,107.4,-1.4,-2.1,0.427,-2.1,PG,0,19.14,75.5,202,Duke,4,1,0.757,80.8,70.2,21.56,10.91,115.7,100.5,36,16,0.444,24.9,3.7,7.8,0.473,1.4,3.6,0.395,2.1,2.8,0.755,1.9,0.6,2.5,1.7,0.6,0.1,1.4,2.4,10.9,17,0.598,0.459,0.363,371,3.1,8.3,5.8,12.6,1.3,0.2,12.9,21.1,2.4,0.9,3.3,0.147,3.7,1.4,5.1,5.9,12.6,2.3,5.8,3.4,4.6,1,3,4,2.7,0.9,0.1,2.2,3.8,17.6,8.5,18,3.3,8.3,4.9,6.5,1.5,4.3,5.8,3.9,1.3,0.1,3.1,5.4,25.2,119,106.4,5,214,31,18.1,3.1,7.3,0.421,1.2,3.5,0.332,1.9,3.8,0.502,0.501,1.2,1.5,0.786,0.4,1.4,1.8,1,0.4,0.1,0.8,1.5,8.5,14.486,1.214,0.316,0.004,25.485,1.6,1,79.5,1.053,2.675
0,7.95,4.3,Davon Reed,2017,32,PHO,PHO,0,0.293,107.7,2.1,113.3,7.7,-5.14,100.3,106.6,-2.2,112.2,3.4,-5.6,0.329,-5.6,SG,0,22.04,77.5,206,Miami (FL),2,4,0.636,69,64.1,14.48,9.57,106.3,98.7,33,33,1,35.3,4.9,11.3,0.433,2.4,6,0.397,2.7,3.3,0.833,3.9,0.8,4.8,2.4,1.3,0.5,2,1.6,14.9,19.7,0.58,0.535,0.29,460,2.9,13.1,8.1,14.3,2.3,1.5,13.7,22.2,2.9,1.9,4.8,0.163,5,3.2,8.2,5.5,12.8,2.7,6.8,3.1,3.7,1,4.5,5.4,2.7,1.5,0.5,2.3,1.8,16.9,8.5,19.7,4.2,10.6,4.8,5.7,1.5,6.9,8.4,4.2,2.3,0.8,3.6,2.8,26.1,115.9,100.3,4,122,7,10.6,1.1,2.7,0.408,0.5,1.4,0.385,0.6,1.3,0.434,0.509,0.3,0.4,0.667,0.2,1.5,1.7,0.8,0.4,0.1,0.4,1,3.1,5.738,1.2,0.205,0.014,23.977,3.9,2,84,1.084,2.658
0,22.46,13.28,Wes Iwundu,2017,33,ORL,ORL,3,0.354,101.1,-4.5,107.6,2,-6.61,96.8,103.7,-5.1,110.5,1.7,-6.7,0.293,-6.5,SF,0,22.51,78.75,193,Kansas State,0,4,0.6,72.1,67.8,14.8,10.48,106.4,100,35,35,1,31.4,4.3,9,0.481,0.9,2.4,0.376,3.5,4.5,0.767,5.3,1,6.3,3.5,1,0.3,2.3,1.8,13,20.1,0.585,0.271,0.506,466,4.1,20,12.3,22.9,1.9,1.2,17.2,22.3,2.6,1.8,4.4,0.16,4.9,2.6,7.5,5.5,11.4,1.2,3.1,4.4,5.8,1.3,6.7,8.1,4.4,1.3,0.4,3,2.3,16.6,8.1,16.9,1.7,4.6,6.6,8.6,1.9,10,11.9,6.5,1.9,0.6,4.4,3.4,24.6,113.5,100,5,226,51,16.9,1.5,3.7,0.408,0.3,1.1,0.292,1.2,2.6,0.458,0.452,1,1.2,0.798,0.5,1.9,2.5,0.9,0.5,0.2,0.5,1.5,4.4,22.566,1.522,0.189,0.01,22.772,0.4,1.7,85,1.079,2.451
0,8.1,4.39,Frank Mason III,2017,34,SAC,SAC,0,0.39,102.8,-2.8,106.7,1.1,-3.29,94.9,107.3,-1.5,111.3,2.5,-4,0.378,-3.9,PG,0,23.23,72,189,Kansas,4,4,0.861,83.2,71.9,23.53,12.23,115.4,99.7,36,36,1,36.1,6.7,13.7,0.49,2.3,4.8,0.471,5.3,6.6,0.794,3.6,0.6,4.2,5.2,1.3,0.1,2.4,2,20.9,25.5,0.622,0.354,0.484,745,2,10.5,6.4,26.1,2,0.2,12.4,25.6,5.8,1.7,7.5,0.23,8.6,2.7,11.3,7.4,15.1,2.5,5.3,5.8,7.3,0.7,3.9,4.6,5.7,1.4,0.1,2.6,2.2,23.2,10.4,21.2,3.5,7.5,8.1,10.3,0.9,5.5,6.5,8.1,2,0.1,3.7,3.1,32.4,128.6,103.5,4,103,3,15.7,2.4,6.1,0.396,0.5,1.7,0.301,1.9,4.3,0.433,0.438,1.4,1.9,0.755,0.4,1.6,2,2.6,0.5,0.1,1.1,1.2,6.7,2.913,2.167,0.167,0.003,25.617,-1.5,1.5,75.25,1.045,2.625
0,22.59,13.36,Ivan Rabb,2017,35,ORL,MEM,3,0.524,100.5,-5.1,100,-5.6,0.96,92.3,107.7,-1.1,107.1,-1.7,0.5,0.512,0.5,"PF,C",0,20.39,82,220,California,0,2,0.618,68.1,63.4,11.11,6.34,101.3,94.2,31,30,0.968,32.6,4.9,10.1,0.484,0.3,0.6,0.4,4,6,0.663,7.4,3,10.5,1.5,0.7,1,2.2,3.1,14,21.7,0.541,0.064,0.599,432,10.7,25.7,18.3,10.9,1.3,3.3,14.3,23.8,2.1,2.5,4.6,0.18,3,3.4,6.4,6,12.3,0.3,0.8,4.9,7.4,3.7,9.1,12.8,1.9,0.8,1.2,2.6,3.8,17.2,9,18.6,0.5,1.2,7.4,11.1,5.6,13.7,19.3,2.9,1.3,1.8,4,5.7,25.9,109.9,91.6,2,85,18,14.6,2.4,4.3,0.555,0,0.2,0.2,2.3,4.1,0.57,0.559,0.9,1.2,0.743,1.4,2.8,4.3,1,0.3,0.3,0.8,1.7,5.7,21.176,0.682,0.405,0.031,22.237,-4.1,2,85.5,1.043,2.683
3,69.24,42.22,Patrick Williams,2020,4,CHI,CHI,0,0.338,106.8,-5,109.9,-1.9,-4,99.7,106.7,-3.9,109.8,-0.8,-3.1,0.4,-3.1,"SF,PF",0,18.83,80,225,Florida State,1,1,0.839,75.4,65.7,17.28,7.64,107.3,93.6,29,0,0,22.5,3.3,7.1,0.459,0.6,1.7,0.32,2.1,2.6,0.838,2.7,1.3,4,1,1,1,1.7,1.6,9.2,19.4,0.553,0.242,0.357,258,6.9,14,10.5,8.4,2.5,5.6,17.1,22.2,1.2,1.3,2.5,0.154,2.3,3.2,5.5,5.8,12.7,1,3.1,3.8,4.5,2.3,4.8,7.1,1.8,1.8,1.8,3.1,2.9,16.4,8.4,18.2,1.4,4.4,5.5,6.5,3.3,6.9,10.2,2.5,2.5,2.6,4.4,4.1,23.6,106.9,94.1,5,276,211,27.1,3.6,7.9,0.452,1.2,3.1,0.392,2.3,4.8,0.492,0.53,1.2,1.5,0.769,0.9,3.2,4.1,1.5,0.8,0.7,1.3,1.7,9.6,76.449,0.588,0.481,0.044,24.752,-0.6,3.6,83,1.038,2.812
0,10.33,5.77,Semi Ojeleye,2017,37,BOS,BOS,4,0.646,108,2.4,105.4,-0.2,2.25,96.8,111.2,2.4,108.4,-0.4,2.7,0.585,2.6,"SF,PF",0,22.55,78.75,241,SMU,0,4,0.857,74.3,60,18.71,4.45,116.6,94.2,35,35,1,34.1,6,12.3,0.487,2.1,4.9,0.424,4.9,6.3,0.785,4.6,2.3,6.9,1.5,0.4,0.4,1.4,1.8,19,26.5,0.621,0.399,0.508,595,8.4,15,11.9,9.3,0.8,1.6,8.5,25.9,5.5,2.2,7.7,0.257,8.3,1.1,9.3,7,14.4,2.4,5.8,5.8,7.3,2.7,5.4,8,1.8,0.5,0.5,1.7,2.1,22.3,11,22.6,3.8,9,9,11.5,4.2,8.4,12.6,2.8,0.8,0.7,2.6,3.3,34.9,131.8,98,5,284,24,14.5,1.2,3,0.384,0.7,1.9,0.344,0.5,1.1,0.454,0.494,0.4,0.6,0.717,0.5,1.6,2.2,0.4,0.3,0.1,0.3,1.1,3.4,8.451,1.071,0.5,0.012,25.237,0.4,1,81.75,1.038,3.06
0,12.72,7.25,Jordan Bell,2017,38,CHI,GSW,4,0.817,115.9,10.3,104.3,-1.3,11.35,99.8,115.6,6.8,104,-4.8,11.6,0.817,11.6,C,0,22.46,80.5,224,Oregon,2,3,0.846,78.9,65.8,20.8,8.38,114.2,95.2,39,38,0.974,28.8,4.4,6.9,0.636,0.1,0.4,0.214,2.1,3,0.701,5.9,2.9,8.8,1.8,1.3,2.3,1.9,1.7,10.9,26.4,0.658,0.052,0.435,445,12.2,22.4,17.6,11.4,2.5,8.5,18.8,18,3.2,3,6.2,0.222,5.3,5.5,10.8,6.1,9.6,0.1,0.5,2.9,4.2,4,8.2,12.2,2.5,1.7,3.1,2.7,2.4,15.2,8.8,13.9,0.2,0.7,4.2,6,5.8,11.9,17.7,3.6,2.5,4.5,3.9,3.5,22.1,123.8,89.1,5,161,17,12,1.6,2.9,0.552,0,0.1,0.2,1.6,2.8,0.567,0.556,0.5,0.7,0.636,1,2.1,3.1,1.2,0.4,0.8,0.7,1.2,3.7,10.559,0.947,0.492,0.08,21.287,3.4,4.8,83.75,1.04,2.783
0,10,5.57,Jawun Evans,2017,39,PHI,LAC,1,0.622,108.7,3.1,104.4,-1.2,4.42,96.1,112.7,3.9,108.2,-0.6,4.5,0.634,4.3,PG,0,20.91,71.5,185,Oklahoma State,0,2,0.606,85.7,78.5,19.18,12.22,117.8,107.9,32,32,1,29.3,6.6,15.1,0.438,1.1,3,0.379,4.8,6,0.812,2.7,0.8,3.4,6.4,1.8,0.1,2.8,2.3,19.2,27.3,0.535,0.197,0.396,659,2.8,11,6.8,43.6,3.3,0.5,13.6,32.7,4,0.8,4.8,0.206,8,1.2,9.2,9,20.6,1.5,4.1,6.6,8.2,1,3.7,4.7,8.7,2.4,0.2,3.8,3.2,26.2,12.4,28.3,2.1,5.6,9.1,11.2,1.4,5.1,6.5,12,3.3,0.2,5.3,4.3,36,118.8,108.3,2,56,4,15.1,1.6,4.8,0.345,0.3,1,0.263,1.4,3.8,0.367,0.373,0.7,0.9,0.776,0.2,1.5,1.7,2,0.7,0.1,0.9,1.9,4.2,7.143,2.286,0.296,0.003,23.59,-0.3,2.6,77.5,1.084,2.587
0,36.96,22.25,Dwayne Bacon,2017,40,NOP,CHO,0,0.439,104.9,-0.7,104.7,-0.9,-0.07,95.7,108.8,0,108.6,-0.2,0.2,0.512,0.2,SG,0,21.82,78.25,222,Florida State,1,2,0.743,82.1,72.1,18.87,8.87,113.1,99.3,35,35,1,28.8,6.3,14,0.452,1.6,4.9,0.333,3,3.9,0.754,3.2,1,4.2,1.7,1,0.1,2,1.6,17.2,20.8,0.544,0.35,0.282,544,4,12,8.1,11.6,1.9,0.4,11.4,29.4,2.5,1.3,3.8,0.151,4.6,1,5.5,8.8,19.4,2.3,6.8,4.1,5.5,1.4,4.4,5.8,2.4,1.4,0.2,2.8,2.2,23.9,12.1,26.7,3.1,9.3,5.7,7.5,1.9,6.1,8,3.3,1.9,0.2,3.9,3,33,110.4,103.4,4,207,80,19.4,2.8,6.9,0.402,0.6,2,0.314,2.1,4.9,0.437,0.447,1.1,1.4,0.78,0.3,2.3,2.6,1.1,0.5,0.1,0.6,1.3,7.3,38.647,0.85,0.312,0.003,23.514,-0.7,1.6,82,1.048,2.837
0,17.45,10.18,Tyler Dorsey,2017,41,ATL,ATL,3,0.524,103.2,-2.4,104,-1.6,-1.23,97.4,104.9,-3.9,105.7,-3.1,-0.9,0.476,-0.8,SG,0,21.35,76.5,183,Oregon,2,2,0.846,78.9,65.8,20.8,8.38,114.2,95.2,39,39,1,30,4.8,10.4,0.467,2.3,5.3,0.423,2.7,3.6,0.755,2.6,0.8,3.5,1.7,0.8,0.1,1.5,1.5,14.6,19.6,0.606,0.514,0.343,510,3.5,9.6,6.7,10.7,1.5,0.4,11.1,22.9,3.5,1.7,5.2,0.178,5.1,1.6,6.8,6.5,13.9,3,7.1,3.6,4.8,1.1,3.5,4.6,2.3,1,0.1,2,2,19.5,9.4,20.1,4.4,10.3,5.2,6.9,1.6,5.1,6.7,3.3,1.5,0.2,2.9,2.8,28.4,120.9,101.6,3,107,16,15.7,2.4,6.1,0.392,1.1,3.1,0.351,1.3,3,0.434,0.482,0.8,1.2,0.669,0.4,1.9,2.3,1.3,0.3,0.1,0.6,1.1,6.6,14.953,1.133,0.308,0.003,21.746,1,1.1,77.25,1.01,2.392
3,42.72,25.81,Thomas Bryant,2017,42,UTA,WAS,0,0.598,109.2,3.6,107.4,1.8,1.36,97.4,111.2,2.4,109.3,0.5,1.8,0.561,1.8,C,0,19.9,82.75,248,Indiana,2,2,0.529,79.7,73.3,14.62,8.15,112.2,103.1,34,34,1,28.1,4.4,8.4,0.519,0.7,1.8,0.383,3.2,4.4,0.73,4.4,2.2,6.6,1.5,0.8,1.5,2.3,3.1,12.6,21.6,0.601,0.211,0.519,419,9.7,17.2,13.7,9.8,1.6,5.7,18,22.2,2.4,1.4,3.8,0.159,3.8,2.4,6.2,6.2,11.9,1,2.5,4.5,6.2,3.2,6.3,9.5,2.1,1.1,2.2,3.3,4.4,17.9,8.9,17.2,1.4,3.6,6.5,8.9,4.6,9,13.6,3,1.6,3.1,4.7,6.3,25.8,115.4,101.9,8,333,146,17.7,3.5,6.1,0.582,0.5,1.5,0.346,3,4.6,0.658,0.624,1.3,1.7,0.778,1.4,3.7,5.1,1,0.3,0.7,0.7,1.6,8.9,43.844,0.652,0.5,0.053,25.656,1,3.3,90,1.088,2.997
0,24.52,14.55,Damyean Dotson,2017,44,NYK,NYK,2,0.378,104.3,-1.3,108,2.4,-3.87,96,107.7,-1.1,111.5,2.7,-3.8,0.378,-3.7,SG,0,23.14,77.5,205,Oregon,2,5,0.656,73.7,64.9,12.2,3.42,111.6,98.3,32,32,1,34.3,6.3,13.4,0.47,3.4,7.6,0.443,1.4,1.7,0.83,5.4,1.5,6.9,1.1,0.9,0.2,1,1.7,17.4,23.9,0.611,0.567,0.123,482,5.1,18.1,11.5,6.9,1.6,0.6,6.8,23.1,3.9,2,5.9,0.216,8.2,1.3,9.4,7.4,15.7,3.9,8.9,1.6,1.9,1.8,6.3,8.1,1.3,1.1,0.2,1.2,1.9,20.3,11.2,23.8,6,13.5,2.4,2.9,2.7,9.6,12.3,2,1.6,0.3,1.8,2.9,30.8,127,98.3,5,213,49,19.9,2.8,6.8,0.417,1.2,3.4,0.345,1.6,3.3,0.491,0.504,0.6,0.9,0.711,0.3,2.2,2.5,1.5,0.5,0.1,0.7,1.2,7.5,23.005,1.1,0.278,0.006,24.469,-0.4,1.3,81,1.045,2.645
5,85.95,52.56,Dillon Brooks,2017,45,HOU,MEM,3,0.524,100.5,-5.1,100,-5.6,0.96,92.3,107.7,-1.1,107.1,-1.7,0.5,0.512,0.5,"SF,SG",0,21.42,78,220,Oregon,2,3,0.846,78.9,65.8,20.8,8.38,114.2,95.2,35,27,0.771,25.3,5.9,12.1,0.488,1.6,4.1,0.401,2.7,3.6,0.754,2.2,1,3.2,2.7,1.1,0.5,2.1,2.8,16.1,25.5,0.585,0.336,0.299,525,4.8,9.7,7.4,23.1,2.5,2,13,31.6,3.1,1.6,4.7,0.213,6.2,2.9,9.1,9.3,19.1,2.6,6.4,4.3,5.7,1.6,3.5,5.1,4.3,1.7,0.7,3.3,4.4,25.5,13.5,27.7,3.7,9.3,6.2,8.3,2.3,5.1,7.4,6.2,2.5,1,4.7,6.4,37,116.2,98.2,8,492,465,29.5,5.3,12.5,0.419,1.8,5.1,0.355,3.4,7.4,0.464,0.491,1.8,2.3,0.804,0.8,2.5,3.2,2,0.9,0.3,1.4,3.3,14.2,94.512,1.286,0.455,0.02,23.948,-4.1,2.4,78,1,2.821
3,71.83,43.82,Saddiq Bey,2020,19,BRK,DET,1,0.303,107.2,-4.6,110.8,-1,-4.38,97.6,109,-1.6,112.7,2.1,-3.6,0.394,-3.6,SF,0,21.21,80,216,Villanova,3,2,0.774,73.2,66.4,16.84,10.03,107.8,97.8,31,31,1,33.9,5.6,11.8,0.477,2.5,5.6,0.451,2.3,2.9,0.769,3.5,1.3,4.7,2.4,0.8,0.4,1.5,2.5,16.1,21.6,0.608,0.477,0.248,464,4.5,11.4,8,14.9,1.4,1.1,10.1,22.8,3.6,1.4,4.9,0.188,6.2,1.9,8.1,6.7,14,3,6.7,2.7,3.5,1.5,4.1,5.6,2.8,0.9,0.5,1.8,2.9,19,9.8,20.6,4.4,9.8,3.9,5.1,2.3,6,8.3,4.2,1.4,0.7,2.6,4.3,28.1,121,101,4,292,223,30.2,4.7,11.5,0.408,2.2,6.3,0.352,2.5,5.2,0.477,0.505,2.4,2.9,0.842,1.4,3.8,5.2,1.8,0.8,0.2,1,1.5,14.1,76.37,1.6,0.371,0.012,23.539,-2.7,1.4,83,1.038,2.7
0,1.76,0.47,Ike Anigbogu,2017,47,IND,IND,3,0.512,105.1,-0.5,105.3,-0.3,-0.64,95.9,108.6,-0.2,108.8,0,-0.2,0.488,-0.2,C,0,18.69,81.75,252,UCLA,3,1,0.861,89.8,75.5,20.67,6.39,121,101.8,29,0,0,13,2,3.5,0.564,0,0,0,0.8,1.5,0.535,2.6,1.4,4,0.2,0.2,1.2,0.8,2.5,4.7,17.1,0.564,0,0.426,139,13.2,19.9,16.9,2.3,0.7,8.8,16.5,18.4,0.6,0.7,1.3,0.133,-1.5,2.4,0.9,6,10.7,0,0,2.4,4.6,4.4,8.1,12.4,0.6,0.5,3.7,2.5,7.6,14.5,8.1,14.4,0,0,3.3,6.1,5.9,10.9,16.7,0.9,0.7,5,3.4,10.3,19.6,109,98.4,2,14,0,2.6,0.3,0.9,0.333,0,0,0,0.3,0.9,0.333,0.333,0.4,0.4,0.833,0.4,0.4,0.9,0.1,0.1,0.3,0.2,0.1,0.9,0,0.25,0.538,0.092,26.119,-0.5,4.2,90.25,1.104,3.083
0,11.96,6.78,Sindarius Thornwell,2017,48,MIL,LAC,1,0.622,108.7,3.1,104.4,-1.2,4.42,96.1,112.7,3.9,108.2,-0.6,4.5,0.634,4.3,"SG,SF",0,22.61,76.75,212,South Carolina,0,4,0.703,73.2,65.2,17.52,10.16,102.9,91.8,31,31,1,33.9,6.3,14.2,0.444,1.9,4.8,0.392,6.9,8.4,0.83,4.6,2.5,7.1,2.8,2.1,1,2.5,2.3,21.4,30.3,0.59,0.337,0.59,634,8,16.3,11.9,19.1,3.6,3.4,11.9,29.5,4.4,2.8,7.2,0.273,11,6.2,17.1,7.4,16.7,2.2,5.6,8.2,9.9,2.9,5.5,8.4,3.3,2.5,1.1,2.9,2.7,25.2,10.6,23.9,3.2,8.1,11.7,14.1,4.2,7.8,12,4.7,3.6,1.6,4.1,3.9,36.1,122.2,89,4,160,18,10.8,0.9,2.1,0.407,0.2,0.6,0.34,0.6,1.5,0.436,0.459,0.6,0.8,0.672,0.3,1,1.3,0.7,0.5,0.2,0.5,1.1,2.5,11.25,1.12,0.543,0.029,25.25,-0.3,3.6,82,1.068,2.762
3,39.48,23.81,Monte Morris,2017,51,DEN,DEN,3,0.488,111.7,6.1,111.2,5.6,0.7,98.3,113.2,4.4,112.7,3.9,0.5,0.512,0.5,PG,0,22,74.5,175,Iowa State,0,4,0.686,80.8,72.3,20.51,11.94,112.5,100.6,35,35,1,35.3,6.2,13.3,0.465,1.5,4.1,0.378,2.5,3.2,0.802,3.7,1.1,4.8,6.2,1.5,0.3,1.2,1.5,16.4,24.7,0.555,0.308,0.239,645,3.7,11.3,7.6,32,2.4,0.8,7.5,22.8,4.8,1.7,6.5,0.21,7.5,3,10.5,7,15,1.7,4.6,2.9,3.6,1.3,4.2,5.5,7,1.7,0.3,1.4,1.6,18.6,9.9,21.3,2.5,6.6,4.1,5.1,1.8,5.9,7.7,9.9,2.4,0.5,1.9,2.3,26.3,126.1,103,8,420,166,23.4,3.7,7.9,0.474,1.1,2.9,0.389,2.6,5,0.523,0.545,0.9,1.1,0.827,0.3,2,2.4,3.6,0.7,0.2,0.7,1,9.5,39.524,5.167,0.297,0.008,21.786,1.9,2,76,1.02,2.349
0,25.42,15.11,Edmond Sumner,2017,52,NOP,IND,3,0.512,105.1,-0.5,105.3,-0.3,-0.64,95.9,108.6,-0.2,108.8,0,-0.2,0.488,-0.2,"SG,PG",0,21.48,77.75,176,Xavier,1,3,0.632,74.6,71.3,14.8,11.51,109.1,104.2,21,20,0.952,33.1,4.8,10,0.479,0.6,2.1,0.273,4.8,6.5,0.735,3.8,0.5,4.3,5,1.3,0.8,2.8,2.4,15,21.1,0.57,0.209,0.645,325,1.8,13.7,7.6,30.2,2.3,2.7,17.4,24,1.8,0.9,2.7,0.154,5.1,3.7,8.8,5.8,12.1,0.7,2.5,5.7,7.8,0.6,4.6,5.2,6,1.6,0.9,3.3,2.9,18,8.5,17.7,1,3.7,8.4,11.4,0.9,6.7,7.7,8.8,2.3,1.3,4.9,4.3,26.4,113.8,104.1,5,161,41,14,2.2,4.7,0.47,0.5,1.6,0.341,1.7,3.1,0.535,0.527,1.2,1.5,0.811,0.3,1.2,1.5,1.1,0.6,0.2,0.8,1.5,6.2,25.466,1.786,0.132,0.024,20.044,-0.5,2.5,81,1.042,2.264
0,8.34,4.54,Kadeem Allen,2017,53,BOS,NYK,2,0.378,104.3,-1.3,108,2.4,-3.87,96,107.7,-1.1,111.5,2.7,-3.8,0.378,-3.7,PG,0,24.44,74.25,192,Arizona,3,2,0.865,76.6,65.9,18.25,7.63,113.8,98,34,33,0.971,30,3.1,6.9,0.453,0.9,2.2,0.427,2.5,3.4,0.741,3.7,0.4,4,3,1.6,0.6,1.9,2.4,9.8,16.7,0.57,0.318,0.492,340,1.5,13.8,8.1,17.8,3.1,2.3,18.3,18.1,1.7,2,3.8,0.148,2.2,5.2,7.4,4.2,9.3,1.3,2.9,3.4,4.5,0.5,4.9,5.4,4,2.1,0.8,2.5,3.3,13,6.2,13.8,1.9,4.4,5,6.8,0.7,7.3,8,5.9,3.1,1.2,3.8,4.8,19.4,111.3,96.3,3,47,2,13.6,1.9,4.4,0.435,0.5,1.3,0.349,1.4,3.1,0.472,0.488,1.2,1.6,0.757,0.3,1.2,1.5,2.3,0.5,0.2,0.9,1.4,5.5,4.255,1.579,0.108,0.02,22.438,-0.4,2.9,81.25,1.094,2.586
0,3.8,1.73,Alec Peters,2017,54,PHO,PHO,0,0.293,107.7,2.1,113.3,7.7,-5.14,100.3,106.6,-2.2,112.2,3.4,-5.6,0.329,-5.6,"SF,PF",0,22.2,80.75,232,Valparaiso,0,4,0.727,74.7,68.9,3.94,-1.59,105.9,97.7,29,29,1,35.1,7.5,16.1,0.466,2,5.5,0.363,5.9,6.7,0.887,7.6,2.6,10.1,2.2,0.8,0.4,2.4,2.2,23,28.7,0.594,0.342,0.415,625,8.5,23.3,16.2,14.8,1.3,1.2,11.2,30.8,4.2,1.9,6.1,0.241,7.5,0.4,7.9,8.6,18.4,2.3,6.3,6.8,7.6,2.9,8.6,11.5,2.5,0.9,0.4,2.8,2.5,26.1,12.2,26.3,3.3,9,9.6,10.9,4.2,12.3,16.4,3.6,1.3,0.6,4,3.6,37.4,121,97.2,1,20,0,11.3,1.4,3.7,0.378,0.9,2.9,0.31,0.5,0.8,0.625,0.5,0.4,0.5,0.8,0.4,1.5,1.9,0.6,0.1,0.1,0.2,0.7,4.1,0,0.917,0.342,0.011,24.036,3.9,1.3,82.75,1.025,2.873
0,2.07,0.66,Nigel Williams-Goss,2017,55,UTA,UTA,1,0.622,100.7,-4.9,96.8,-8.8,4,91.6,109.6,0.8,105.3,-3.5,4.3,0.634,3.9,PG,0,22.77,75,190,Gonzaga,3,4,0.949,82.6,61.5,25.26,4.13,116.5,86.7,38,38,1,32.8,5.8,11.9,0.486,1.1,3.1,0.368,4.1,4.8,0.867,5.4,0.6,6,4.7,1.7,0.1,2.1,1.6,16.8,25.2,0.594,0.258,0.4,660,2.2,15.7,9.8,25.6,2.9,0.2,13.1,24.6,4.5,3.6,8.1,0.261,5.7,5.1,10.8,7.1,14.5,1.4,3.8,5,5.8,0.7,6.6,7.3,5.7,2.1,0.1,2.6,1.9,20.5,9.9,20.5,1.9,5.3,7.1,8.2,1,9.3,10.3,8.1,2.9,0.1,3.7,2.7,28.9,122.2,86.4,1,10,0,5,0.5,1.6,0.313,0.2,0.7,0.286,0.3,0.9,0.333,0.375,0.2,0.2,1,0.2,0.4,0.6,0.6,0.3,0.1,0.3,0.6,1.4,0,2.238,0.111,0.003,22.992,-4.8,2.2,79.25,1.057,2.533
7,91.72,56.13,Andrew Wiggins,2014,1,CLE,MIN,2,0.488,106.9,5.9,104.3,3.3,3.1,97.3,108.9,2.3,106.2,-0.4,2.7,0.585,2.6,"SF,PF",2,19.33,80,197,Kansas,4,1,0.714,79,70.1,20.25,11.4,114.3,101.5,35,35,1,32.8,5.4,12.1,0.448,1.2,3.6,0.341,5,6.5,0.775,3.7,2.2,5.9,1.5,1.2,1,2.3,2.7,17.1,21.4,0.563,0.299,0.538,564,8.4,12.3,10.4,9.2,2.1,3.1,13.1,26.3,3.2,1.7,4.9,0.17,5.7,2.6,8.3,6.6,14.7,1.5,4.4,6.1,7.9,2.6,4.5,7.1,1.9,1.4,1.2,2.8,3.3,20.8,9.6,21.4,2.2,6.4,8.9,11.5,3.9,6.6,10.4,2.7,2.1,1.7,4.1,4.8,30.3,116.1,102.8,11,766,754,33.8,6.9,15.3,0.449,1.5,4.2,0.356,5.4,11.1,0.485,0.498,3.3,4.5,0.725,1.3,3.2,4.5,2.3,1,0.7,1.9,2.2,18.5,98.433,0.652,0.595,0.03,21.84,3.4,2.6,84,1.05,2.462
0,16.34,9.49,Jaron Blossomgame,2017,59,SAS,CLE,3,0.622,110.3,4.7,107.2,1.6,2.87,96.2,113.6,4.8,110.3,1.5,3.3,0.598,3.1,SF,0,23.77,78.75,219,Clemson,0,4,0.515,74.8,71.5,13.22,9.98,110,105.2,33,33,1,34.3,6.7,13.4,0.499,0.7,2.8,0.255,3.6,5.1,0.714,4.5,1.8,6.3,1.5,0.8,0.9,1.7,1.6,17.7,23.1,0.561,0.213,0.381,540,5.9,15.5,10.6,9.7,1.4,2.9,9.7,25.9,3.2,1.1,4.3,0.152,5.2,1,6.2,7.8,15.6,0.8,3.3,4.2,5.9,2.1,5.2,7.3,1.8,1,1.1,2,1.9,20.6,11.5,23,1.3,4.9,6.3,8.8,3.1,7.7,10.8,2.7,1.4,1.6,2.9,2.8,30.4,115.7,107.1,1,27,4,16.3,1.7,3.9,0.443,0.4,1.4,0.256,1.4,2.5,0.552,0.491,0.4,0.5,0.769,1,2.7,3.6,0.5,0.3,0.3,0.4,0.7,4.2,14.815,0.882,0.4,0.026,24.009,-0.2,2.1,82,1.041,2.781
5,92.26,56.46,Deandre Ayton,2018,1,PHO,PHO,0,0.256,103.9,-2.4,113.3,7,-8.8,100.3,103.5,-5.1,112.9,4.3,-9.3,0.232,-9.4,C,0,19.92,85,250,Arizona,3,1,0.771,80.5,71.7,15.67,6.84,115.6,103,35,35,1,33.5,7.9,12.9,0.612,0.3,1,0.343,4,5.5,0.733,8.2,3.4,11.6,1.6,0.6,1.9,2,2.3,20.1,32.6,0.65,0.078,0.424,666,13.5,28.2,21.4,10.2,1,6.1,11.3,26.6,5.5,2.1,7.6,0.259,8.6,2.4,11,9.4,15.4,0.4,1.2,4.8,6.5,4,9.8,13.8,1.9,0.7,2.3,2.4,2.8,24,13.7,22.4,0.6,1.7,7,9.5,5.9,14.3,20.1,2.8,1,3.3,3.4,4,35,130.3,98.8,7,398,391,30.8,7.3,12.4,0.59,0.1,0.3,0.23,7.2,12.1,0.599,0.593,1.8,2.3,0.755,3.1,7.4,10.5,1.6,0.7,1,1.7,2.6,16.4,98.241,0.8,0.415,0.057,24.22,3,3,89,1.047,2.941
3,45.29,27.4,Marvin Bagley III,2018,2,SAC,SAC,0,0.329,98.8,-7.5,105.8,-0.5,-6.59,94.9,103.7,-4.9,111.1,2.5,-7.3,0.28,-7,"C,PF",2,19.28,83,220,Duke,4,1,0.784,84.4,69.6,24.43,9.7,118.6,97.9,33,32,0.97,33.9,8.2,13.3,0.614,0.7,1.8,0.397,4,6.3,0.627,7.1,4,11.1,1.5,0.8,0.9,2.3,1.8,21,30.6,0.643,0.132,0.475,630,13.8,21.5,17.9,8.8,1.4,2.6,12.2,26.3,4.8,2.1,6.9,0.248,8.8,2,10.8,9.7,15.7,0.8,2.1,4.7,7.5,4.7,8.4,13.1,1.8,1,1,2.7,2.1,24.8,13.7,22.3,1.2,2.9,6.7,10.6,6.7,11.9,18.6,2.5,1.4,1.5,3.8,3,35.3,127.7,97.4,7,289,129,22.4,4.9,9.4,0.518,0.4,1.5,0.29,4.4,7.9,0.562,0.541,1.9,2.8,0.69,2.3,4.2,6.5,0.9,0.4,0.6,1.1,1.9,12,44.637,0.652,0.563,0.027,23.809,-2.4,2,84.5,1.018,2.651
7,91.26,55.84,Jaren Jackson Jr.,2018,4,MEM,MEM,3,0.268,99.3,-7,105.5,-0.8,-5.81,94.9,104.5,-4.1,111,2.4,-6.5,0.305,-6.2,"C,PF",1,18.78,83.25,236,Michigan State,3,1,0.857,80.2,64.9,22.41,7.1,117.3,94.9,35,34,0.971,21.8,3.4,6.6,0.513,1.1,2.7,0.396,3,3.8,0.797,4.3,1.5,5.8,1.1,0.6,3,1.8,3.2,10.9,26.9,0.647,0.414,0.573,347,8.8,19.7,15,9.3,1.6,14.3,17.4,23.5,2.3,2.2,4.6,0.239,4.4,7.3,11.7,6.2,12.1,2,5,5.5,7,2.7,7.9,10.6,2,1.1,5.5,3.2,5.9,20,9.1,17.8,2.9,7.4,8.1,10.2,4,11.6,15.6,3,1.6,8.1,4.8,8.6,29.3,120.6,86.4,7,407,398,28.6,6.5,14,0.466,1.7,4.9,0.351,4.8,9.1,0.529,0.528,3.7,4.6,0.792,1.3,4.2,5.5,1.5,1,1.9,1.9,3.6,18.5,97.789,0.611,0.349,0.138,24.483,-2.4,6.6,89.25,1.072,2.835
7,98.38,60.25,Trae Young,2018,5,DAL,ATL,3,0.293,103.4,-2.9,108.8,2.5,-5.3,98.3,105,-3.6,110.6,2,-5.5,0.329,-5.4,PG,0,19.76,73.75,178,Oklahoma,2,1,0.562,84.9,81.7,13.81,10.56,109.8,105.6,32,32,1,35.4,8.2,19.3,0.422,3.7,10.3,0.36,7.4,8.6,0.861,3.5,0.4,3.9,8.7,1.7,0.3,5.2,1.8,27.4,28.3,0.585,0.531,0.443,935,1.3,10,5.8,48.6,2.5,0.7,18.2,37.1,4.6,1.1,5.7,0.201,9.7,1.3,11.1,9.2,21.8,4.2,11.6,8.3,9.7,0.5,3.9,4.4,9.8,1.9,0.3,5.9,2,30.9,12,28.5,5.4,15.1,10.9,12.6,0.6,5.1,5.8,12.9,2.5,0.4,7.7,2.6,40.4,114.7,108.1,7,483,483,34.4,8,18.5,0.433,2.6,7.5,0.352,5.4,11,0.488,0.504,6.7,7.6,0.873,0.6,2.9,3.5,9.8,1,0.2,4.2,1.7,25.3,100,1.673,0.114,0.008,22.918,1,2.2,75,1.017,2.414
3,28.72,17.15,Mo Bamba,2018,6,ORL,ORL,3,0.305,103.4,-2.9,108.2,1.9,-4.92,98.1,105.2,-3.4,110.1,1.5,-4.9,0.341,-4.8,C,0,20.12,84.75,226,Texas,3,1,0.559,72.1,68.8,13.96,10.67,103.9,99.2,30,29,0.967,30.2,4.9,9,0.541,0.5,1.7,0.275,2.7,4,0.681,7.3,3.2,10.5,0.5,0.8,3.7,1.5,2.5,12.9,28.3,0.593,0.189,0.441,377,12.2,28.2,20.2,3.6,1.5,13.1,12.3,21.3,2.4,2.4,4.8,0.212,5,5.9,10.9,6.4,11.9,0.6,2.3,3.6,5.3,4.2,9.7,14,0.7,1,4.9,2,3.4,17.1,9.6,17.8,0.9,3.4,5.3,7.8,6.3,14.5,20.8,1,1.5,7.3,3,5,25.5,118.5,89.6,7,364,101,16.8,2.6,5.5,0.477,0.8,2.2,0.356,1.8,3.2,0.561,0.55,0.7,1.1,0.682,1.5,3.9,5.4,0.8,0.4,1.3,0.8,2.1,6.8,27.747,0.333,0.438,0.123,22.911,0.8,5.9,94,1.109,2.667
5,82.9,50.67,Wendell Carter Jr.,2018,7,CHI,CHI,0,0.329,102.9,-3.4,110,3.7,-6.84,98.3,103.8,-4.8,110.9,2.3,-7.1,0.28,-7.1,"C,PF",0,19.19,82,251,Duke,4,1,0.784,84.4,69.6,24.43,9.7,118.6,97.9,37,37,1,26.9,4.8,8.6,0.561,0.5,1.2,0.413,3.4,4.5,0.738,6.1,2.9,9.1,2,0.8,2.1,2,2.8,13.5,28.2,0.628,0.144,0.527,501,12.8,23.2,18.4,13,1.7,7.6,15.8,22.8,3.6,2.3,5.9,0.239,6.3,5.1,11.4,7.2,12.8,0.8,1.8,5,6.7,4.4,9.1,13.4,3,1.2,3,3,4.2,20.1,10.2,18.2,1.1,2.6,7.1,9.6,6.2,12.9,19.1,4.2,1.7,4.3,4.3,6,28.5,125.3,92.8,7,383,345,27.3,4.5,8.8,0.509,0.7,2.3,0.316,3.8,6.5,0.577,0.55,2.2,3,0.729,2.3,6,8.3,2,0.6,0.7,1.5,2.9,11.9,90.078,1,0.475,0.078,27.043,1,4.2,88.5,1.079,3.061
3,78.75,48.1,Collin Sexton,2018,8,CLE,CLE,3,0.61,110.9,4.6,109.9,3.6,0.59,98,112.9,4.3,111.9,3.3,1,0.524,1,"SG,PG",0,19.47,73.5,183,Alabama,3,1,0.556,72.3,70.6,12.34,10.64,103,100.6,33,32,0.97,29.9,5.9,13.3,0.447,1.3,4,0.336,5.9,7.6,0.778,2.7,1,3.8,3.6,0.8,0.1,2.8,2.5,19.2,23.5,0.567,0.299,0.575,622,4.1,9.8,7,27.8,1.6,0.3,14.2,32.9,3.2,1.2,4.4,0.177,5.8,1.1,6.9,7.9,17.8,1.8,5.3,7.9,10.2,1.4,3.6,5,4.8,1.1,0.1,3.7,3.3,25.6,11.3,25.3,2.5,7.6,11.3,14.5,2,5.2,7.2,6.9,1.6,0.2,5.3,4.7,36.5,113.2,105.2,7,407,335,29.9,6.8,14.5,0.47,1.5,3.9,0.387,5.3,10.7,0.5,0.522,3.6,4.3,0.838,0.9,1.9,2.8,3.7,0.8,0.1,2.3,2.3,18.8,82.31,1.286,0.37,0.003,23.823,0.7,1.2,79.25,1.078,2.49
0,25.12,14.92,Kevin Knox,2018,9,NYK,NYK,2,0.354,104.5,-1.8,108,1.7,-3.53,96.8,107.1,-1.5,110.7,2.1,-3.6,0.39,-3.5,"SF,PF",0,18.87,81,213,Kentucky,4,1,0.703,76.8,70.2,17.24,10.73,109.6,100.3,37,37,1,32.4,5.3,11.9,0.445,1.5,4.5,0.341,3.4,4.4,0.774,4.5,0.9,5.4,1.4,0.8,0.3,2.3,2.2,15.6,17,0.556,0.38,0.373,518,3.3,14.5,9.3,8.7,1.5,1,14.1,24.6,2.3,1.7,4,0.133,3.3,1.8,5.1,6.5,14.7,1.9,5.6,4.2,5.5,1.1,5.6,6.7,1.8,1,0.3,2.8,2.7,19.2,9.4,21,2.7,8,6.1,7.8,1.6,8,9.6,2.5,1.5,0.5,4.1,3.9,27.6,109.3,102.8,7,320,77,17.5,2.6,6.6,0.393,1.1,3.1,0.34,1.5,3.4,0.443,0.474,1,1.4,0.723,0.5,2.3,2.8,0.7,0.4,0.3,0.8,1.5,7.3,24.062,0.609,0.2,0.009,22.858,-0.5,1.3,83.75,1.034,2.63
5,81.43,49.76,Mikal Bridges,2018,10,PHI,PHO,0,0.256,103.9,-2.4,113.3,7,-8.8,100.3,103.5,-5.1,112.9,4.3,-9.3,0.232,-9.4,"SF,SG",0,21.82,79,210,Villanova,3,3,0.9,86.6,70.2,26.64,10.24,122.3,99.2,40,40,1,32.1,6.1,11.9,0.514,2.6,6,0.435,2.9,3.4,0.851,4,1.4,5.3,1.9,1.5,1.1,1.4,2.2,17.7,26.8,0.655,0.503,0.282,644,5.2,13.8,9.7,10.6,2.7,3.5,9.1,23.2,5.4,2.4,7.7,0.241,8.7,4.1,12.9,7.6,14.8,3.2,7.4,3.5,4.2,1.7,4.9,6.6,2.4,1.9,1.3,1.7,2.7,22,10.8,21.1,4.6,10.6,5.1,5.9,2.4,7,9.4,3.4,2.7,1.9,2.4,3.8,31.3,132.5,98.2,7,556,489,33.3,5.5,11.4,0.484,1.8,4.7,0.371,3.7,6.6,0.565,0.561,2,2.4,0.843,0.9,3.1,4,2.7,1.2,0.6,1.2,1.9,14.8,87.95,1.357,0.35,0.034,21.287,3,3.2,85,1.076,2.658
7,95.28,58.33,Shai Gilgeous-Alexander,2018,11,CHO,OKC,4,0.585,107.9,1.6,104.4,-1.9,3.42,96.7,110.7,2.1,107.2,-1.4,3.5,0.61,3.5,"PG,SG",1,19.95,78,180,Kentucky,4,1,0.703,76.8,70.2,17.24,10.73,109.6,100.3,37,24,0.649,33.7,4.9,10.2,0.485,0.6,1.5,0.404,3.9,4.7,0.817,3.2,0.9,4.1,5.1,1.6,0.5,2.7,1.7,14.4,21.2,0.578,0.151,0.464,571,3.2,10,6.8,28.8,2.8,1.7,17.9,21.9,3.3,1.9,5.2,0.167,5.3,3.7,9,5.9,12.1,0.7,1.8,4.6,5.6,1.1,3.8,4.9,6.1,2,0.6,3.2,2,17.1,8.4,17.3,1.1,2.6,6.6,8,1.5,5.5,7,8.7,2.8,0.8,4.6,2.8,24.4,116.5,101.8,7,462,453,33.1,8.5,17,0.501,1.3,3.7,0.355,7.2,13.3,0.542,0.54,6,7,0.862,0.8,4,4.8,5.1,1.4,0.8,2.3,2.3,24.4,98.052,1.889,0.281,0.015,20.661,-0.6,2.6,83.5,1.071,2.308
5,72.3,44.11,Miles Bridges,2018,12,LAC,CHO,0,0.439,108.2,1.9,108,1.7,0.07,98.4,109.4,0.8,109.1,0.5,0.3,0.512,0.2,"SF,PF",0,20.26,78.75,220,Michigan State,3,2,0.857,80.2,64.9,22.41,7.1,117.3,94.9,34,33,0.971,31.4,6.1,13.4,0.457,2.1,5.7,0.364,2.7,3.2,0.853,5.7,1.3,7,2.7,0.6,0.8,2,1.6,17.1,22.6,0.572,0.427,0.239,531,5.2,18.2,12.5,16.9,1.2,2.5,11.6,27.1,3.3,2.2,5.5,0.208,6.2,2.5,8.7,7.8,17.1,2.7,7.3,3.5,4.1,1.6,7.3,8.9,3.4,0.8,1,2.5,2,21.8,11.5,25.1,3.9,10.7,5.1,6,2.4,10.7,13,5.1,1.2,1.4,3.7,2.9,32,118.2,95.5,6,424,319,30.8,5.9,12.7,0.462,1.7,5.1,0.34,4.2,7.7,0.543,0.53,2.2,2.6,0.826,1.1,5.1,6.2,2.7,0.8,0.7,1.6,1.9,15.7,75.236,1.35,0.228,0.025,25.742,1.1,1.8,81.5,1.035,2.794
0,10.96,6.16,Jerome Robinson,2018,13,LAC,LAC,1,0.512,109,2.7,109,2.7,0.15,98.7,110.3,1.7,110.2,1.6,0,0.5,0,SG,0,21.34,77,188,Boston College,0,3,0.543,76.4,74.6,9,7.2,107.7,105.2,35,35,1,36,7.1,14.7,0.485,2.3,5.7,0.409,4.2,5,0.83,3.1,0.5,3.6,3.3,0.9,0.1,2.7,2.5,20.7,21.3,0.608,0.386,0.343,668,1.5,9.7,5.6,19.5,1.4,0.4,13.9,27.3,3.9,1,4.9,0.157,5.5,0.1,5.5,7.9,16.3,2.6,6.3,4.6,5.6,0.5,3.5,4,3.7,1,0.2,3,2.8,23,11.3,23.2,3.7,9,6.6,8,0.8,4.9,5.7,5.3,1.4,0.2,4.3,4,32.8,117,109.3,4,135,12,12.5,1.5,4.1,0.361,0.6,2,0.297,0.9,2.1,0.423,0.434,0.5,0.7,0.711,0.2,1.4,1.6,1,0.4,0.2,0.6,1.4,4,8.889,1.222,0.161,0.003,20.297,1.4,1.2,79.25,1.029,2.442
5,79.54,48.59,Michael Porter Jr.,2018,14,DEN,DEN,3,0.561,110,3.7,108.5,2.2,1.57,96.8,112.5,3.9,111,2.4,1.5,0.549,1.5,SF,1,19.99,82.75,211,Missouri,1,1,0.606,72.7,68.1,13.81,9.19,107.2,100.3,3,1,0.333,17.7,3.3,10,0.333,1,3.3,0.3,2.3,3,0.778,5.3,1.3,6.7,0.3,1,0.3,1,2,10,20,0.438,0.333,0.3,27,9.4,32.5,21.8,4.6,3.4,2,8,36.5,0,0.1,0.2,0.128,4.6,4.1,8.6,7.5,22.6,2.3,7.5,5.3,6.8,3,12.1,15.1,0.8,2.3,0.8,2.3,4.5,22.6,11.2,33.6,3.4,11.2,7.8,10.1,4.5,17.9,22.4,1.1,3.4,1.1,3.4,6.7,33.6,95.2,89.4,6,345,291,29.1,6.2,12.3,0.5,2.4,6,0.406,3.7,6.3,0.589,0.599,1.5,1.9,0.795,1.4,5,6.4,1.4,0.6,0.6,1.2,1.9,16.2,84.348,0.3,0.245,0.017,22.42,-0.5,3.1,84.25,1.018,2.55
0,28.09,16.76,Troy Brown Jr.,2018,15,WAS,WAS,0,0.524,106.6,0.3,106,-0.3,0.53,96.6,109.3,0.7,108.7,0.1,0.6,0.524,0.6,SF,0,18.91,78.75,208,Oregon,2,1,0.639,78.2,72.4,10.7,4.83,110.9,102.6,35,35,1,31.2,4.1,9.2,0.444,0.9,3.1,0.291,2.2,3,0.743,4.7,1.5,6.2,3.2,1.6,0.2,2.5,2.2,11.3,16.6,0.532,0.342,0.326,424,5.9,18,12,18.7,2.9,0.8,18.8,21,1.5,1.6,3.1,0.114,1.4,2.3,3.7,5.2,11.8,1.2,4,2.9,3.8,1.9,6,7.9,4.1,2,0.3,3.1,2.9,14.5,7.5,16.9,1.7,5.8,4.1,5.5,2.8,8.6,11.4,5.8,2.9,0.4,4.5,4.1,20.8,105.7,102.4,6,356,99,19,2.3,5.5,0.423,0.9,2.5,0.351,1.5,3,0.481,0.501,0.7,0.9,0.783,0.7,2.9,3.6,1.4,0.7,0.1,0.7,1.3,6.2,27.809,1.28,0.319,0.006,24.009,-0.7,2.3,82.25,1.044,2.641
0,15.9,9.22,Zhaire Smith,2018,16,PHO,PHI,1,0.634,109.8,3.5,105.3,-1,4.3,99.8,109.5,0.9,105,-3.6,4.5,0.646,4.5,"SG,SF",0,19.06,76,199,Texas Tech,1,1,0.73,74.6,64.8,19.38,9.6,108.4,94.2,37,21,0.568,28.4,4.2,7.5,0.556,0.5,1.1,0.45,2.5,3.4,0.717,2.8,2.2,5,1.8,1.1,1.1,1.1,1.8,11.3,23,0.618,0.144,0.458,417,9.6,11.1,10.4,12.6,2.3,4.8,10.8,18.3,3.3,2.2,5.6,0.212,6.1,4.7,10.8,5.9,10.5,0.7,1.5,3.5,4.8,3.2,3.9,7,2.5,1.6,1.6,1.6,2.5,15.9,8.6,15.4,1,2.2,5.1,7.1,4.6,5.7,10.3,3.7,2.3,2.3,2.3,3.7,23.2,128.7,95.1,2,13,2,11,1.3,3.5,0.378,0.5,1.5,0.316,0.8,2,0.423,0.444,0.6,0.9,0.667,0.2,0.9,1.2,0.9,0.4,0.2,0.6,0.9,3.7,15.385,1.636,0.786,0.039,22.907,2.5,3.2,81.75,1.076,2.618
3,47.37,28.69,Donte DiVincenzo,2018,17,MIL,MIL,3,0.537,106.5,0.2,106.8,0.5,-0.45,96.3,109.8,1.2,110.1,1.5,-0.3,0.488,-0.3,SG,0,21.4,76.5,201,Villanova,3,3,0.9,86.6,70.2,26.64,10.24,122.3,99.2,40,10,0.25,29.3,4.7,9.8,0.481,2.1,5.3,0.401,1.9,2.7,0.71,3.6,1.2,4.8,3.5,1.1,0.2,2,2.1,13.4,20.9,0.608,0.542,0.274,557,4.9,13.9,9.6,20,2,0.7,15.2,22.4,3.7,1.8,5.5,0.188,6.1,2.9,9,6.4,13.4,2.9,7.2,2.6,3.7,1.6,4.9,6.5,4.8,1.4,0.3,2.7,2.8,18.4,9.2,19,4.1,10.3,3.7,5.2,2.2,7,9.3,6.8,2,0.4,3.8,4,26.2,121.3,101.3,7,416,200,25.5,3.8,8.9,0.427,2.2,5.8,0.38,1.6,3.1,0.514,0.55,0.9,1.2,0.772,0.9,3.4,4.3,2.9,1.2,0.3,1.4,1.8,10.7,48.077,1.75,0.333,0.007,23.428,-1,1.7,78,1.02,2.627
3,29.53,17.65,Lonnie Walker IV,2018,18,SAS,SAS,4,0.573,102.7,-3.6,99.8,-6.5,2.89,95,107.9,-0.7,104.8,-3.8,3,0.598,2.9,SG,0,19.53,76.5,196,Miami (FL),2,1,0.688,73.8,67.9,12.83,6.96,107.9,99.4,32,18,0.562,27.8,4.1,9.9,0.415,1.8,5.1,0.346,1.5,2,0.738,2.2,0.4,2.6,1.9,0.9,0.5,1.2,1.6,11.5,16.3,0.527,0.509,0.204,344,1.7,9.2,5.5,13,2,1.8,9.6,22.4,1.6,1.3,2.8,0.127,2.9,2.3,5.2,5.9,14.3,2.5,7.3,2.2,2.9,0.6,3.2,3.7,2.7,1.4,0.7,1.7,2.3,16.6,8.8,21.1,3.7,10.8,3.2,4.3,0.9,4.6,5.5,4.1,2,1,2.5,3.4,24.4,109.4,102.9,7,342,95,20.5,3.7,8.8,0.422,1.5,4.1,0.356,2.3,4.7,0.479,0.504,1.1,1.4,0.795,0.3,2.1,2.3,1.5,0.5,0.3,0.9,1.3,10,27.778,1.583,0.182,0.018,23.356,-2.3,2.1,82.25,1.075,2.562
5,72.54,44.26,Kevin Huerter,2018,19,ATL,ATL,3,0.293,103.4,-2.9,108.8,2.5,-5.3,98.3,105,-3.6,110.6,2,-5.5,0.329,-5.4,"SG,SF",0,19.83,79.25,194,Maryland,1,2,0.594,73.1,66.9,13.78,7.94,109.4,100.1,32,32,1,34.4,5.1,10.1,0.503,2.3,5.5,0.417,2.3,3.1,0.758,4.1,1,5,3.4,0.6,0.7,2.5,2.4,14.8,19.4,0.64,0.543,0.307,457,3.7,12.9,8.8,20.3,1.1,2.1,17.8,21.5,3,1.6,4.5,0.165,5.7,2.1,7.8,5.9,11.7,2.7,6.4,2.7,3.6,1.1,4.7,5.8,3.9,0.7,0.8,2.9,2.8,17.1,8.8,17.6,4,9.6,4.1,5.4,1.7,7.1,8.8,5.9,1.1,1.1,4.4,4.1,25.8,119,102.9,7,482,381,28.1,4.4,9.9,0.441,2.1,5.7,0.375,2.3,4.3,0.529,0.548,0.7,1,0.76,0.6,2.8,3.4,2.9,0.9,0.3,1.2,2.2,11.6,79.046,1.36,0.244,0.02,21.287,1,1.5,79.5,1.003,2.448
3,37.85,22.8,Josh Okogie,2018,20,MIN,MIN,2,0.573,109.5,3.2,107.3,1,2.35,96,113.4,4.8,111.1,2.5,2.3,0.573,2.2,"SG,SF",0,19.81,76.5,211,Georgia Tech,0,2,0.406,65.7,67.9,5.25,7.46,98.3,101.7,24,24,1,36.4,5.5,13.3,0.416,1.6,4.2,0.38,5.5,6.8,0.821,4,2.3,6.3,2.5,1.8,1,2.5,2.9,18.2,22.3,0.55,0.313,0.506,421,7.3,13.1,10.2,15.6,2.9,2.8,13.3,27.3,2.1,1.3,3.4,0.156,5.8,2.2,8.1,6.1,14.7,1.7,4.6,6.1,7.4,2.5,4.4,6.9,2.7,1.9,1.1,2.8,3.2,20,9.2,22,2.6,6.9,9.2,11.2,3.7,6.6,10.3,4.1,2.9,1.6,4.2,4.8,30.1,111.3,102,7,416,167,19.1,2,5,0.406,0.7,2.2,0.299,1.4,2.9,0.489,0.471,1.6,2.1,0.747,1.1,1.9,3,1.2,0.9,0.4,0.8,1.7,6.3,40.144,1,0.575,0.027,24.967,-1.3,3,84,1.098,2.758
3,58.25,35.42,Grayson Allen,2018,21,UTA,MEM,3,0.268,99.3,-7,105.5,-0.8,-5.81,94.9,104.5,-4.1,111,2.4,-6.5,0.305,-6.2,SG,0,22.71,76.5,198,Duke,4,4,0.784,84.4,69.6,24.43,9.7,118.6,97.9,37,37,1,35.6,4.9,11.7,0.418,2.8,7.5,0.37,2.9,3.4,0.85,2.8,0.5,3.3,4.6,1.7,0.1,2.1,2.1,15.5,18.8,0.58,0.637,0.293,574,1.8,8,5.1,21.2,2.8,0.2,13.8,20.7,4,2,5.9,0.179,5,3.4,8.4,5.5,13.1,3.1,8.4,3.3,3.9,0.6,3.1,3.7,5.2,1.9,0.1,2.4,2.4,17.3,7.8,18.6,4.4,11.9,4.6,5.5,0.9,4.4,5.3,7.4,2.8,0.1,3.4,3.4,24.6,123.3,102.1,7,403,252,25.4,3.5,7.8,0.451,2.1,5.1,0.414,1.4,2.7,0.521,0.587,1.4,1.6,0.857,0.5,2.5,3,2,0.7,0.3,1,1.6,10.5,62.531,2.19,0.179,0.003,23.625,-2.4,2,79.25,1.036,2.588
0,24.7,14.66,Chandler Hutchison,2018,22,CHI,CHI,0,0.329,102.9,-3.4,110,3.7,-6.84,98.3,103.8,-4.8,110.9,2.3,-7.1,0.28,-7.1,SF,0,22.16,79,197,Boise State,0,4,0.719,78.2,69.1,11.21,3.05,108.9,96.2,31,31,1,31,6.6,13.9,0.475,1.5,4.1,0.359,5.3,7.2,0.728,6.8,0.9,7.7,3.5,1.5,0.3,3.4,2.4,20,25.9,0.575,0.296,0.519,603,3.4,25.6,14.6,24.1,2.7,0.9,16.2,33.2,2.8,2.2,5,0.208,5.1,3.8,8.9,8.5,18,1.9,5.3,6.8,9.3,1.1,8.8,9.9,4.5,1.9,0.3,4.3,3.1,25.8,12.1,25.4,2.7,7.5,9.6,13.2,1.6,12.4,14,6.3,2.7,0.5,6.1,4.4,36.4,110.8,93.3,4,103,25,17.4,2.1,4.7,0.442,0.3,1.1,0.309,1.8,3.7,0.48,0.476,0.9,1.4,0.643,0.5,3.1,3.7,0.8,0.6,0.2,0.7,1.4,5.4,24.272,1.029,0.132,0.01,21.287,1,2.2,85,1.076,2.494
0,17.23,10.04,Aaron Holiday,2018,23,IND,IND,3,0.585,105.6,-0.7,104.2,-2.1,1.18,96,109.5,0.9,108.1,-0.5,1.4,0.549,1.4,PG,2,21.73,72.75,187,UCLA,3,3,0.636,81.2,76,12.07,6.86,111.1,104,33,33,1,37.7,6.4,13.9,0.461,2.7,6.2,0.429,4.8,5.8,0.828,3.2,0.5,3.7,5.8,1.3,0.2,3.8,2.6,20.3,21.1,0.609,0.446,0.417,686,1.6,8.7,5.3,29.9,1.9,0.7,18.5,26.7,3.7,1.2,4.9,0.157,5.3,0.6,5.9,6.8,14.8,2.8,6.6,5.1,6.2,0.5,3.3,3.9,6.2,1.4,0.3,4,2.8,21.6,9.5,20.7,4,9.2,7.2,8.6,0.8,4.7,5.4,8.6,1.9,0.4,5.6,3.9,30.2,115.4,108.1,7,448,66,16.4,2.4,5.6,0.421,1,2.5,0.382,1.4,3.1,0.452,0.506,0.8,0.9,0.851,0.3,1.3,1.6,2,0.6,0.2,0.9,1.4,6.5,14.732,1.526,0.156,0.005,24.251,-1.3,1.7,79.5,1.093,2.57
3,19.83,11.65,Moritz Wagner,2018,25,LAL,ORL,3,0.305,103.4,-2.9,108.2,1.9,-4.92,98.1,105.2,-3.4,110.1,1.5,-4.9,0.341,-4.8,C,1,21.16,83.5,241,Michigan,2,3,0.805,73.6,63.3,19.03,9.41,111,95.4,39,39,1,27.6,5.5,10.5,0.528,1.6,4.1,0.394,1.9,2.8,0.694,5.7,1.5,7.1,0.8,1,0.5,1.4,3.1,14.6,24.7,0.619,0.391,0.264,499,6.5,24.7,15.7,6.7,2.1,2,10.8,25.9,3.1,2.6,5.7,0.213,5.4,3.8,9.2,8,15.2,2.3,5.9,2.8,4,2.1,8.2,10.3,1.2,1.4,0.7,2.1,4.5,21.2,12.2,23,3.5,9,4.2,6.1,3.2,12.5,15.7,1.9,2.1,1.1,3.2,6.8,32.1,117.3,92.3,7,363,57,16.7,3.3,6.2,0.525,0.7,2.2,0.324,2.6,4,0.636,0.583,1.9,2.4,0.807,1,2.9,4,1.2,0.5,0.3,1.2,2.2,9.2,15.702,0.571,0.263,0.018,21.958,0.8,2.1,84,1.006,2.886
3,25.76,15.32,Landry Shamet,2018,26,PHI,LAC,1,0.512,109,2.7,109,2.7,0.15,98.7,110.3,1.7,110.2,1.6,0,0.5,0,SG,0,21.28,77.25,189,Wichita State,0,3,0.758,82.8,71.6,16.58,5.46,117.3,101.6,32,32,1,31.7,4.8,9.8,0.489,2.6,5.9,0.442,2.7,3.2,0.825,2.8,0.4,3.2,5.2,0.7,0.2,2.1,1.9,14.9,21.4,0.655,0.603,0.327,476,1.6,9.7,5.8,28.8,1.3,0.7,15.5,20.7,3.8,1.1,4.9,0.195,7.3,1.3,8.6,6.1,12.4,3.3,7.5,3.3,4.1,0.6,3.5,4.1,6.5,0.9,0.2,2.6,2.4,18.8,8.7,17.7,4.7,10.7,4.8,5.8,0.8,5,5.8,9.3,1.3,0.3,3.8,3.4,26.8,130.1,106.2,7,398,97,21.1,2.8,6.8,0.413,1.8,4.7,0.385,1,2.1,0.477,0.547,0.9,1.1,0.833,0.2,1.4,1.7,1.5,0.5,0.1,0.7,1.7,8.3,24.372,2.476,0.143,0.006,21.746,1.4,1.1,78.75,1.019,2.447
3,41.54,25.08,Robert Williams,2018,27,BOS,BOS,4,0.671,104,-2.3,100.4,-5.9,3.23,96,107.6,-1,103.9,-4.7,3.7,0.622,3.6,C,0,20.69,81,235,Texas A&M,0,2,0.629,75.2,70.5,15.3,10.62,106.1,99.5,30,23,0.767,25.6,4.6,7.3,0.632,0,0.4,0,1.1,2.3,0.471,6.9,2.4,9.2,1.4,0.8,2.6,1.7,2.2,10.4,25.5,0.614,0.055,0.318,296,10.2,26.8,18.9,10.8,1.8,10.4,17,19,1.5,2,3.5,0.184,4.5,6.2,10.6,7.2,11.4,0,0.6,1.7,3.6,3.7,10.7,14.4,2.2,1.2,4.1,2.7,3.4,16.2,10.2,16.1,0,0.9,2.4,5.1,5.2,15.1,20.3,3.2,1.8,5.7,3.8,4.8,22.8,113.8,90.2,7,235,100,20.2,3.2,4.4,0.723,0,0,0.143,3.2,4.4,0.727,0.723,0.8,1.2,0.674,2.5,4.3,6.8,1.4,0.7,1.7,0.9,1.9,7.2,42.553,0.824,0.348,0.102,25.214,-1.3,5.3,88,1.086,2.901
0,5.75,2.94,Jacob Evans,2018,28,GSW,GSW,4,0.707,113.5,7.2,107.5,1.2,5.79,99.6,113.6,5,107.7,-0.9,6,0.683,6,SG,0,21.02,77.5,200,Cincinnati,0,3,0.861,74.2,57.5,20.25,3.53,112.3,87,36,36,1,30.8,4.5,10.5,0.427,1.7,4.5,0.37,2.4,3.2,0.754,3.3,1.4,4.7,3.1,1.3,1,1.8,2,13,20.5,0.543,0.43,0.302,461,5.2,12,8.7,20,2.6,3.7,12.7,22.5,2.8,3.1,5.9,0.213,4.7,5.2,9.9,5.8,13.6,2.2,5.9,3.1,4.1,1.8,4.3,6.1,4.1,1.7,1.3,2.3,2.6,16.9,8.8,20.6,3.3,8.8,4.7,6.2,2.7,6.6,9.3,6.2,2.6,1.9,3.4,3.9,25.6,116.5,88.3,2,59,2,10.5,1.1,3.2,0.337,0.3,0.9,0.315,0.8,2.3,0.346,0.382,0.4,0.5,0.833,0.3,0.9,1.1,0.9,0.3,0.3,0.6,1.2,2.8,3.39,1.722,0.424,0.032,24.232,2.3,3,81.25,1.048,2.581
0,17.92,10.47,Omari Spellman,2018,30,ATL,GSW,4,0.707,113.5,7.2,107.5,1.2,5.79,99.6,113.6,5,107.7,-0.9,6,0.683,6,"C,PF",0,20.93,81.25,254,Villanova,3,1,0.9,86.6,70.2,26.64,10.24,122.3,99.2,40,39,0.975,28.1,4,8.4,0.476,1.6,3.8,0.433,1.2,1.8,0.7,5.8,2.3,8,0.8,0.7,1.5,1,2.3,10.9,20.6,0.588,0.446,0.208,425,9.9,23.1,16.8,4.3,1.3,5.5,9.8,18.3,2.9,2.2,5.2,0.184,4.7,2.8,7.5,5.7,11.9,2.3,5.3,1.7,2.5,3.2,8.2,11.4,1.1,0.9,2.1,1.4,3.3,15.4,8.1,17,3.3,7.6,2.5,3.5,4.6,11.7,16.3,1.5,1.3,3,2,4.7,22,122.8,96.7,2,95,14,17.8,2.4,5.7,0.417,0.9,2.5,0.366,1.5,3.2,0.458,0.498,1.1,1.4,0.766,1.6,2.8,4.3,1,0.6,0.5,0.9,1.4,6.8,14.737,0.8,0.397,0.053,27.571,2.3,3,86,1.058,3.126
0,14.21,8.17,Jevon Carter,2018,32,MEM,PHO,0,0.256,103.9,-2.4,113.3,7,-8.8,100.3,103.5,-5.1,112.9,4.3,-9.3,0.232,-9.4,PG,0,22.78,73.5,196,West Virginia,0,4,0.703,80.1,69.6,19.89,9.38,113.2,98.3,37,37,1,35.5,5.8,13.8,0.422,2.1,5.3,0.393,3.6,4.2,0.858,3.9,0.8,4.6,6.6,3,0.4,2.6,3,17.3,24.9,0.549,0.385,0.305,686,2.4,13.1,7.5,36.2,4.9,1.2,14.4,25,4.3,2.8,7,0.214,6.7,5.3,12,6.5,15.5,2.3,6,4.1,4.7,0.9,4.4,5.2,7.5,3.4,0.4,3,3.4,19.5,9.5,22.5,3.4,8.7,5.9,6.8,1.3,6.3,7.6,10.9,4.9,0.6,4.3,4.9,28.2,119.3,94.9,7,412,49,15.2,1.9,4.8,0.394,1.1,3,0.379,0.8,1.8,0.42,0.514,0.3,0.3,0.799,0.3,1.4,1.7,1.6,0.6,0.2,0.6,1.2,5.2,11.893,2.538,0.205,0.011,23.483,3,3.8,76.25,1.037,2.667
7,68.35,41.67,Jalen Brunson,2018,33,DAL,DAL,3,0.293,102.3,-4,105.4,-0.9,-2.7,95.6,106.3,-2.3,109.5,0.9,-3.2,0.402,-3.1,"PG,SG",1,21.82,74.25,198,Villanova,3,3,0.9,86.6,70.2,26.64,10.24,122.3,99.2,40,40,1,31.8,6.8,13,0.521,2.2,5.3,0.408,3.3,4.1,0.802,2.8,0.3,3.1,4.6,0.9,0,1.8,2,18.9,26.1,0.635,0.407,0.313,745,1.2,9.7,5.6,26.6,1.7,0.1,10.7,26.4,6,1.7,7.7,0.241,8,2.2,10.2,8.5,16.3,2.7,6.6,4.1,5.1,0.4,3.5,3.8,5.8,1.2,0,2.2,2.5,23.8,12.1,23.2,3.9,9.5,5.8,7.3,0.5,4.9,5.5,8.2,1.7,0,3.2,3.5,33.9,130.7,104.1,7,487,337,29.2,6.7,13.6,0.489,1.6,4.1,0.389,5.1,9.5,0.532,0.547,3.2,3.9,0.823,0.5,2.7,3.2,5,0.7,0.1,1.7,1.8,18.1,69.199,2.556,0.107,0,24.931,-1.7,1.2,76,1.024,2.667
3,49.65,30.1,Devonte' Graham,2018,34,ATL,CHO,0,0.439,108.2,1.9,108,1.7,0.07,98.4,109.4,0.8,109.1,0.5,0.3,0.512,0.2,PG,0,23.34,73.5,186,Kansas,4,4,0.795,81.4,71.9,21.39,11.88,115.5,102,39,39,1,37.8,5.1,12.8,0.4,2.8,6.9,0.406,4.3,5.2,0.827,3.4,0.6,4,7.2,1.6,0.1,2.8,1.4,17.3,21.2,0.568,0.544,0.406,770,2,9.6,6,31.4,2.4,0.1,15.5,23.9,4.9,1.8,6.7,0.182,6.6,2,8.6,5.4,13.5,3,7.4,4.5,5.5,0.7,3.6,4.3,7.7,1.7,0.1,3,1.5,18.3,7.7,19.2,4.2,10.5,6.4,7.8,0.9,5.1,6.1,10.9,2.4,0.1,4.2,2.2,26,120.2,105.1,6,336,171,24.9,3.5,9.5,0.371,2.3,6.4,0.354,1.3,3.1,0.408,0.491,1.8,2.2,0.812,0.4,1.9,2.3,4.3,0.8,0.2,1.4,1.3,11.1,50.893,2.571,0.176,0.003,22.352,1.1,1.8,78.25,1.065,2.531
0,2.66,1.03,Melvin Frazier,2018,35,ORL,ORL,3,0.305,103.4,-2.9,108.2,1.9,-4.92,98.1,105.2,-3.4,110.1,1.5,-4.9,0.341,-4.8,SG,0,21.82,78,198,Tulane,0,3,0.452,73.2,74.1,1.21,2.08,104.2,105.4,30,30,1,34.4,6,10.7,0.556,1.2,3,0.385,2.8,3.9,0.712,4.4,1.2,5.6,2.9,2.2,0.7,2.6,2,15.9,22.4,0.631,0.283,0.366,442,3.9,14.6,9.3,17.9,3.6,2.2,16.9,22.2,2.4,1.6,3.9,0.152,4.1,2.8,6.9,6.9,12.5,1.4,3.5,3.3,4.6,1.4,5.2,6.5,3.3,2.5,0.9,3,2.3,18.5,10,17.9,1.9,5.1,4.7,6.6,1.9,7.4,9.3,4.8,3.6,1.2,4.3,3.3,26.5,114.2,101.8,3,32,0,9.1,1.1,3.2,0.34,0.3,1.3,0.209,0.8,1.9,0.433,0.383,0.3,0.5,0.533,0.3,0.6,0.9,0.2,0.3,0.1,0.3,0.8,2.7,0,1.115,0.273,0.02,23.428,0.8,3.4,85.75,1.099,2.538
3,49.76,30.17,Gary Trent Jr.,2018,37,SAC,POR,1,0.598,105.6,-0.7,103,-3.3,2.6,96.5,109.1,0.5,106.4,-2.2,2.7,0.585,2.6,SG,1,19.43,77.75,204,Duke,4,1,0.784,84.4,69.6,24.43,9.7,118.6,97.9,37,37,1,33.9,4.8,11.5,0.415,2.6,6.5,0.402,2.3,2.6,0.876,3.4,0.8,4.2,1.4,1.2,0.1,1,1.7,14.5,16.7,0.567,0.564,0.227,468,2.9,10.3,6.8,6.8,1.9,0.4,7.4,19.5,3.3,1.8,5.1,0.163,4.4,2.6,7,5.7,13.6,3.1,7.7,2.7,3.1,1,4,5,1.7,1.4,0.2,1.2,2,17.1,8,19.3,4.4,10.9,3.9,4.4,1.4,5.7,7.1,2.4,1.9,0.2,1.7,2.8,24.3,124.4,102.7,7,415,210,28.2,4.9,11.6,0.423,2.4,6.3,0.391,2.4,5.3,0.461,0.529,1.5,1.8,0.823,0.4,2,2.4,1.4,1.2,0.2,0.7,1.6,13.7,50.602,1.4,0.235,0.003,23.977,-0.8,1.6,80.75,1.039,2.624
0,7.74,4.17,Khyri Thomas,2018,38,PHI,DET,1,0.476,103.8,-2.5,103.9,-2.4,-0.26,96.2,107.2,-1.4,107.3,-1.3,-0.2,0.5,-0.1,SG,0,22.13,75.75,199,Creighton,2,3,0.636,83.5,74.1,16.35,8.1,113.8,100.9,33,33,1,31.7,5.6,10.4,0.538,1.9,4.6,0.411,2,2.6,0.788,3.3,1.1,4.4,2.8,1.7,0.2,1.8,1.9,15.1,21.8,0.65,0.442,0.249,474,4,11,7.7,15.1,2.9,0.8,13.4,21,3.1,1.7,4.8,0.183,5.3,3.3,8.6,7,13.1,2.4,5.8,2.6,3.3,1.3,4.2,5.5,3.5,2.1,0.3,2.3,2.4,19,9.7,17.9,3.3,7.9,3.5,4.5,1.8,5.7,7.6,4.8,2.9,0.4,3.1,3.3,26.1,122.4,100.9,3,39,2,10.5,1.5,3.9,0.388,0.6,1.9,0.316,0.9,1.9,0.461,0.467,0.5,0.6,0.75,0.3,0.7,1,0.9,0.5,0.3,0.3,1,4.1,5.128,1.556,0.333,0.006,24.931,-1.1,2.4,82.5,1.089,2.627
3,50.78,30.8,Jarred Vanderbilt,2018,41,ORL,MIN,2,0.573,109.5,3.2,107.3,1,2.35,96,113.4,4.8,111.1,2.5,2.3,0.573,2.2,"SF,PF",0,19.23,81,218,Kentucky,4,1,0.703,76.8,70.2,17.24,10.73,109.6,100.3,14,0,0,17,2.1,4.9,0.426,0,0.1,0,1.7,2.7,0.632,4.6,3.3,7.9,1,0.4,0.8,1.1,2.6,5.9,21.6,0.476,0.015,0.559,103,23.1,27.9,25.7,10.7,1.4,5.3,14.8,20.8,0.5,0.5,1,0.172,3.5,2.9,6.4,4.9,11.4,0,0.2,4,6.4,7.7,10.8,18.5,2.4,1,1.8,2.5,6.2,13.8,7,16.4,0,0.2,5.8,9.1,11.1,15.4,26.5,3.4,1.4,2.6,3.6,8.9,19.7,111,93.7,7,309,170,20,2.4,4.2,0.56,0.2,0.6,0.288,2.2,3.7,0.601,0.579,0.9,1.5,0.638,2,4.2,6.2,1.4,1.1,0.4,1,2,5.9,55.016,0.909,0.717,0.047,22.858,-1.3,2.8,85,1.049,2.691
3,54.84,33.31,Bruce Brown,2018,42,DET,BRK,0,0.341,106.6,0.3,110.3,4,-3.67,98.9,106.9,-1.7,110.6,2,-3.8,0.378,-3.7,SG,0,21.86,77,195,Miami (FL),2,2,0.688,73.8,67.9,12.83,6.96,107.9,99.4,19,19,1,33.7,4.1,9.9,0.415,0.8,3.2,0.267,2.3,3.7,0.629,5.8,1.3,7.1,4,1.3,0.8,2.3,2.3,11.4,16.9,0.488,0.319,0.372,242,4.6,20,12.4,21.3,2.3,2.5,16.3,21.2,0.7,1.2,1.9,0.121,1.5,3.6,5.1,4.9,11.8,1,3.8,2.8,4.4,1.6,6.9,8.4,4.8,1.6,0.9,2.7,2.7,13.5,7.2,17.3,1.5,5.5,4.1,6.4,2.3,10.1,12.4,7,2.3,1.4,4,4,19.9,102.7,97.5,7,457,268,24.9,3.5,7.3,0.476,0.6,1.8,0.337,2.8,5.4,0.523,0.518,1.3,1.7,0.768,1,3.2,4.2,2.4,0.9,0.5,1.1,2.3,8.9,58.643,1.739,0.224,0.024,22.387,1.6,2.5,81,1.052,2.532
0,1,0,Justin Jackson,2018,43,DEN,DEN,3,0.561,110,3.7,108.5,2.2,1.57,96.8,112.5,3.9,111,2.4,1.5,0.549,1.5,"SF,PF",0,21.35,80.25,201,Maryland,1,2,0.594,73.1,66.9,13.78,7.94,109.4,100.1,11,10,0.909,29.2,3.4,9.2,0.366,0.9,3.6,0.25,2.2,2.6,0.828,5.6,2.5,8.1,1.9,0.8,0.8,2.9,1.4,9.8,14.2,0.47,0.396,0.287,119,11.2,21.1,16.6,12.7,1.7,3,21.8,24.1,0,0.6,0.7,0.083,0.2,1.7,1.9,4.6,12.6,1.2,5,3,3.6,3.4,7.7,11.1,2.6,1.1,1.1,4,1.9,13.5,6.9,18.9,1.9,7.5,4.5,5.4,5.1,11.6,16.7,3.9,1.7,1.7,6,2.8,20.2,93.1,97.3,0,0,0,0,0,0,0,0,0,0,0,0,0,0,0,0,0,0,0,0,0,0,0,0,0,0,0,0.655,0.446,0.027,25.247,-0.5,2.2,83,1.034,2.505
0,20.17,11.86,Hamidou Diallo,2018,45,BRK,OKC,4,0.585,107.9,1.6,104.4,-1.9,3.42,96.7,110.7,2.1,107.2,-1.4,3.5,0.61,3.5,SG,0,19.9,78,197,Kentucky,4,1,0.703,76.8,70.2,17.24,10.73,109.6,100.3,37,37,1,24.8,3.6,8.5,0.428,0.7,2.1,0.338,2.1,3.4,0.616,2.8,0.9,3.6,1.2,0.8,0.4,1.4,2.6,10,13.8,0.498,0.246,0.399,348,4.2,11.5,8.1,9.5,1.7,1.6,12,22.6,1.1,1.3,2.4,0.103,0.6,2.3,2.9,5.8,13.6,1.1,3.4,3.4,5.4,1.4,4.4,5.9,2,1.2,0.6,2.2,4.2,16.2,8.4,19.5,1.6,4.8,4.8,7.8,2.1,6.4,8.4,2.9,1.7,0.8,3.2,6,23.2,103.8,103.1,6,265,44,18.6,3.4,6.9,0.495,0.3,1,0.274,3.1,5.9,0.534,0.516,1.4,2.3,0.623,1,2.8,3.8,1.1,0.8,0.3,1.1,2.2,8.6,16.604,0.857,0.321,0.016,22.387,-0.6,1.8,83.5,1.071,2.526
3,41.12,24.82,De'Anthony Melton,2018,46,HOU,MEM,3,0.268,99.3,-7,105.5,-0.8,-5.81,94.9,104.5,-4.1,111,2.4,-6.5,0.305,-6.2,"PG,SG",0,20.08,75.25,193,USC,2,1,0.722,78.2,73.1,11.48,6.4,111.2,103.9,36,25,0.694,27,2.8,6.4,0.437,0.6,2.1,0.284,2.1,3,0.706,3.3,1.4,4.7,3.5,1.9,1,1.8,2.3,8.3,19.2,0.53,0.32,0.472,351,5.9,13.6,9.9,22.5,4,3.9,18.5,17.7,1.7,1.5,3.2,0.133,2.6,4.6,7.2,4.2,9.5,0.9,3,3.2,4.5,2.1,4.9,7,5.1,2.8,1.5,2.6,3.3,12.3,5.9,13.6,1.2,4.3,4.5,6.4,2.9,7,10,7.3,4,2.2,3.8,4.8,17.6,110.8,100.6,7,356,148,22.9,3.2,7.9,0.41,1.5,4.1,0.369,1.7,3.8,0.455,0.506,1.1,1.4,0.779,0.7,3,3.7,2.8,1.4,0.5,1.4,2,9.1,41.573,1.944,0.424,0.037,23.088,-2.4,4.3,80.5,1.07,2.565
3,22.08,13.04,Svi Mykhailiuk,2018,47,LAL,DET,1,0.476,103.8,-2.5,103.9,-2.4,-0.26,96.2,107.2,-1.4,107.3,-1.3,-0.2,0.5,-0.1,SF,0,21.04,79.75,212,Kansas,4,4,0.795,81.4,71.9,21.39,11.88,115.5,102,39,39,1,34.5,5.3,12.1,0.434,2.9,6.6,0.444,1.2,1.4,0.804,2.8,1.1,3.9,2.7,1.2,0.3,1.7,2.5,14.6,16.9,0.572,0.549,0.119,548,4,8.6,6.4,13.4,1.9,0.9,11.5,21,3.1,1.5,4.6,0.137,4.5,2,6.6,6.1,14,3.4,7.7,1.3,1.7,1.3,3.2,4.5,3.2,1.4,0.4,1.9,2.9,16.9,8.7,19.9,4.9,10.9,1.9,2.4,1.9,4.6,6.5,4.5,1.9,0.5,2.7,4.1,24.1,115.9,106,7,331,69,16.3,2.3,5.7,0.402,1.3,3.7,0.36,1,2,0.48,0.519,0.6,0.8,0.765,0.4,1.4,1.8,1.4,0.5,0.1,0.9,0.9,6.6,20.846,1.588,0.393,0.009,21.355,-1.1,1.8,76.75,0.962,2.658
0,24.31,14.42,Keita Bates-Diop,2018,48,MIN,SAS,4,0.573,102.7,-3.6,99.8,-6.5,2.89,95,107.9,-0.7,104.8,-3.8,3,0.598,2.9,"SF,PF",0,22.42,80.5,224,Ohio State,2,4,0.735,76.2,67.6,17.67,9.02,111,98.4,34,34,1,33.1,7.3,15.1,0.48,1.9,5.4,0.359,3.3,4.1,0.794,7.2,1.5,8.7,1.6,0.9,1.6,1.8,1.7,19.8,27.5,0.577,0.357,0.274,604,5.7,24.5,15.6,10.5,1.6,5.9,9.6,29.4,3.6,2.5,6.1,0.216,7.8,3.3,11.1,8.8,18.3,2.3,6.5,4,5,1.8,8.7,10.5,2,1.1,2,2.2,2,23.9,12.9,26.9,3.5,9.6,5.9,7.4,2.7,12.8,15.5,2.9,1.6,2.9,3.2,3,35.1,116.8,94.6,6,283,67,16.1,2.2,4.7,0.474,0.5,1.5,0.333,1.7,3.2,0.543,0.529,1,1.3,0.751,0.7,2.3,3,0.9,0.5,0.3,0.5,0.9,6,23.675,0.889,0.208,0.048,21.287,-2.3,3.1,87.25,1.084,2.783
0,17.07,9.94,Chimezie Metu,2018,49,SAS,SAC,0,0.329,98.8,-7.5,105.8,-0.5,-6.59,94.9,103.7,-4.9,111.1,2.5,-7.3,0.28,-7,"C,PF",0,21.26,81.5,220,USC,2,3,0.667,77.7,71.2,12.81,6.29,111.6,102.3,34,33,0.971,31,6,11.5,0.523,0.4,1.2,0.3,3.3,4.5,0.73,5.6,1.9,7.4,1.6,0.8,1.7,2,2.6,15.7,23.5,0.574,0.102,0.388,497,7.2,21.1,14.2,10,1.5,6.3,12.8,25.8,2.6,1.8,4.4,0.167,3.1,2.5,5.6,7.8,14.9,0.5,1.5,4.2,5.8,2.4,7.2,9.6,2,1,2.2,2.6,3.3,20.2,11.3,21.7,0.7,2.2,6.1,8.4,3.5,10.5,14,2.9,1.5,3.3,3.8,4.8,29.5,113,99.8,6,260,38,13.7,2.3,4.6,0.495,0.4,1.4,0.298,1.9,3.2,0.579,0.539,0.9,1.2,0.787,0.7,2.8,3.5,0.8,0.5,0.4,0.8,1.3,5.9,14.615,0.8,0.339,0.055,21.787,-2.4,3.2,84.5,1.037,2.699
0,1,0,Tony Carr,2018,51,NOP,NOP,0,0.585,111.7,5.4,110.4,4.1,1.48,100.5,109.6,1,108.3,-0.3,1.3,0.537,1.3,"PG,SG",0,20.7,76.5,199,Penn State,0,2,0.667,74.7,66.7,15.85,7.79,109.3,97.6,37,37,1,35.4,6.6,16.2,0.408,2.4,5.5,0.433,4,5,0.799,4.1,0.9,4.9,5,0.8,0.3,2.3,1.8,19.6,22.2,0.527,0.338,0.307,736,3,13.4,8.2,29.3,1.4,0.9,11,29.9,4,1.9,6,0.182,7,1.2,8.2,7.5,18.3,2.7,6.2,4.5,5.6,1,4.6,5.6,5.7,0.9,0.3,2.6,2.1,22.2,11,27,4,9.1,6.6,8.3,1.5,6.8,8.2,8.4,1.4,0.5,3.8,3.1,32.6,114.2,102.3,0,0,0,0,0,0,0,0,0,0,0,0,0,0,0,0,0,0,0,0,0,0,0,0,0,0,0,2.174,0.22,0.008,23.948,3.2,1.2,80.25,1.049,2.601
3,59.8,36.38,Jabari Parker,2014,2,MIL,MIL,3,0.183,95.5,-5.5,103.7,2.7,-8.41,91.8,103,-3.6,111.8,5.2,-8.8,0.244,-8.2,"SF,PF",1,19.28,80,241,Duke,4,1,0.743,78.4,67.4,19.51,8.48,119.4,102.6,35,35,1,30.7,6.7,14.3,0.473,1.1,3,0.358,4.6,6.1,0.748,5.7,3,8.7,1.2,1.1,1.2,2.3,2.4,19.1,28.4,0.558,0.212,0.429,623,11.4,23.1,17.1,8.6,2.1,4,11.9,32.7,3.6,1.9,5.5,0.205,6.6,1,7.6,8.8,18.6,1.4,3.9,6,8,3.9,7.5,11.4,1.5,1.4,1.6,3,3.1,25,13.5,28.4,2.2,6,9.1,12.2,6,11.5,17.4,2.3,2.1,2.5,4.6,4.7,38.2,115,99.3,8,310,190,27.5,5.7,11.5,0.494,0.7,2.1,0.326,5,9.4,0.531,0.523,2,2.8,0.743,1.4,4,5.5,2,0.9,0.4,1.7,2,14.1,61.29,0.522,0.526,0.039,25.723,-2.1,3,84,1.05,3.012
0,2.45,0.9,Devon Hall,2018,53,OKC,OKC,4,0.585,107.9,1.6,104.4,-1.9,3.42,96.7,110.7,2.1,107.2,-1.4,3.5,0.61,3.5,PG,0,22.97,78,206,Virginia,2,4,0.912,67.1,54,22.2,9.05,110.5,88.8,34,34,1,32.1,3.9,8.6,0.454,1.7,3.9,0.432,2.2,2.5,0.894,3.9,0.4,4.2,3.1,0.9,0.1,1,1.4,11.7,20.3,0.599,0.454,0.292,392,1.4,14.9,8.3,19.6,1.8,0.6,9.6,19.5,3.3,2.6,5.9,0.215,5.5,4.6,10.1,4.8,10.7,2.1,4.8,2.8,3.1,0.4,4.8,5.2,3.9,1.1,0.2,1.3,1.8,14.6,8,17.6,3.5,8,4.6,5.1,0.7,7.9,8.7,6.5,1.8,0.3,2.1,2.9,24,124.8,92.4,1,11,0,7.4,0.5,2.7,0.2,0.4,1.5,0.235,0.2,1.2,0.154,0.267,0.4,0.7,0.5,0.2,0.5,0.6,1.2,0.4,0.1,0.5,0.5,1.8,0,3.1,0.103,0.003,24.729,-0.6,1.3,79.75,1.022,2.641
0,17,9.9,Shake Milton,2018,54,DAL,PHI,1,0.634,109.8,3.5,105.3,-1,4.3,99.8,109.5,0.9,105,-3.6,4.5,0.646,4.5,SG,0,21.74,77.5,207,SMU,0,3,0.515,69.5,64.1,9.08,3.66,107.8,99.4,22,22,1,36.4,5.6,12.5,0.449,2.5,5.9,0.434,4.3,5,0.847,4,0.6,4.7,4.4,1.4,0.6,2.3,1.7,18,24.2,0.606,0.471,0.405,381,2.1,13.5,7.7,25.9,2.4,2.3,13.3,25,2.8,1.3,4.2,0.208,6.8,2,8.7,6.2,13.7,2.8,6.5,4.7,5.6,0.7,4.5,5.2,4.8,1.6,0.7,2.5,1.9,19.8,9.5,21.3,4.3,10,7.3,8.6,1.1,6.9,8,7.4,2.4,1.1,3.9,2.9,30.7,122.8,100.4,7,359,47,18.7,3,6.6,0.451,0.8,2.3,0.358,2.2,4.3,0.501,0.513,1.3,1.5,0.824,0.5,1.7,2.2,2.4,0.5,0.2,1,1.7,8.1,13.092,1.913,0.15,0.016,22.907,2.5,2.3,84.75,1.094,2.671
0,19.07,11.18,Ray Spalding,2018,56,PHI,PHO,0,0.256,103.9,-2.4,113.3,7,-8.8,100.3,103.5,-5.1,112.9,4.3,-9.3,0.232,-9.4,"PF,C",0,21.29,82.25,215,Louisville,3,3,0.611,75.6,70.4,14.3,9.07,106.9,99.5,36,34,0.944,27.6,5.1,9.4,0.543,0.1,0.5,0.263,2,3.2,0.64,5.5,3.1,8.7,1.3,1.5,1.7,1.7,3,12.3,25.6,0.568,0.056,0.338,452,13.2,20.9,17.3,9.6,3.1,6.3,13.5,22.9,2.4,2.4,4.8,0.193,4.1,4.1,8.2,7.4,13.5,0.2,0.8,2.9,4.6,4.5,8,12.5,1.8,2.2,2.5,2.5,4.3,17.8,10.5,19.4,0.3,1.1,4.2,6.6,6.5,11.5,18,2.6,3.1,3.6,3.5,6.2,25.6,114.4,92.8,2,16,3,10.4,1.7,3.2,0.529,0,0.3,0,1.7,2.9,0.574,0.529,0.3,0.9,0.286,1.1,2.2,3.3,0.3,0.6,0.6,0.8,1.6,3.6,18.75,0.765,0.564,0.062,21.958,3,4.7,88.75,1.079,2.614
0,2.37,0.85,Kevin Hervey,2018,57,OKC,OKC,4,0.585,107.9,1.6,104.4,-1.9,3.42,96.7,110.7,2.1,107.2,-1.4,3.5,0.61,3.5,"SF,PF",0,21.96,79.75,212,UT Arlington,0,4,0.618,77.6,73.5,2.2,-1.44,104.5,99,33,25,0.758,32.2,7.4,16.5,0.446,2.3,6.9,0.339,3.4,4.2,0.807,6.2,2.3,8.5,2.2,1.2,0.6,2.7,1.8,20.5,23.7,0.553,0.417,0.257,624,8,19.9,14.2,15.2,2.1,2.2,12.8,31,2.6,2,4.6,0.174,5.1,0.4,5.5,9.1,20.5,2.9,8.5,4.2,5.3,2.9,7.7,10.6,2.7,1.5,0.8,3.4,2.3,25.4,12.3,27.7,3.9,11.5,5.7,7.1,3.9,10.4,14.3,3.7,2.1,1,4.6,3,34.3,109.3,97.5,1,10,0,5.2,0.7,2.7,0.259,0.3,2,0.15,0.4,0.7,0.571,0.315,0,0,0,0.1,1.1,1.2,0.5,0.1,0.1,0,0.4,1.7,0,0.815,0.371,0.019,23.514,-0.6,2.3,87.5,1.097,2.658
7,93.83,57.43,Franz Wagner,2021,8,ORL,ORL,3,0.292,104,-8.1,113.3,1.2,-9.02,98.7,105.1,-7.2,114.5,2.2,-9.4,0.236,-9.3,SF,1,19.83,80,205,Michigan,2,2,0.821,75.8,65.1,22,11.25,111.3,95.5,28,28,1,31.7,4.4,9.3,0.477,1.3,3.6,0.343,2.4,2.8,0.835,5.8,0.7,6.5,3,1.3,1,1.3,2.2,12.5,22.1,0.587,0.392,0.304,345,2.9,19.6,12.1,17.4,2.3,3.2,10.8,19.7,2.7,2,4.7,0.21,5.8,6.1,11.9,5.6,11.7,1.6,4.6,3,3.6,0.9,7.4,8.3,3.8,1.6,1.3,1.6,2.8,15.7,8.2,17.3,2.3,6.8,4.4,5.3,1.3,10.8,12.2,5.6,2.3,1.9,2.4,4.1,23.2,121.5,92.3,4,291,291,32.3,7.1,14.9,0.474,1.5,4.5,0.322,5.6,10.4,0.54,0.523,3.4,4,0.856,1,3.9,4.8,3.7,1,0.3,1.9,2.3,19.1,100,2.308,0.121,0.032,23.329,-0.5,2.9,84,1.05,2.562
0,1.48,0.3,George King,2018,59,PHO,DAL,3,0.293,102.3,-4,105.4,-0.9,-2.7,95.6,106.3,-2.3,109.5,0.9,-3.2,0.402,-3.1,SF,0,24.44,78,219,Colorado,1,5,0.531,72.1,73,6.06,7,102.5,103.8,32,31,0.969,28.5,4.4,10,0.445,1.9,4.9,0.395,2.1,2.7,0.782,6.1,1.8,7.8,1.1,0.5,0.7,2,2.4,12.9,18.8,0.574,0.492,0.273,384,7.2,23.3,15.5,8.2,1.1,2.6,15.1,23.3,1.7,1.3,3,0.132,3.2,1.6,4.7,6.2,14,2.7,6.9,3,3.8,2.5,8.5,11,1.5,0.7,0.9,2.8,3.4,18.1,8.9,20.1,3.9,9.9,4.3,5.5,3.5,12.3,15.8,2.2,1.1,1.3,4,4.9,26.1,109.3,102.3,2,5,0,5,0,1,0,0,0.8,0,0,0.2,0,0,0.2,0.4,0.5,0,1.2,1.2,0,0,0,0.2,0.8,0.2,0,0.55,0.295,0.025,25.253,-1.7,1.6,83.5,1.071,2.808
0,1.84,0.52,Kostas Antetokounmpo,2018,60,PHI,LAL,2,0.427,108.1,1.8,109.6,3.3,-1.44,100.3,106.5,-2.1,108,-0.6,-1.5,0.451,-1.5,"PF,SF",3,20.59,82.5,195,Dayton,1,1,0.452,72.4,73.5,1.64,2.71,106.4,107.9,29,6,0.207,15.1,2,3.5,0.574,0.1,0.5,0.133,1.1,2.2,0.516,2,0.8,2.9,0.4,0.2,1.1,1.3,2.3,5.2,13.7,0.575,0.149,0.634,142,7.3,16.9,12.3,5.9,1,8.3,22.9,20.9,0.2,0.5,0.7,0.062,-3.3,1.2,-2.1,5.3,9.2,0.2,1.4,3,5.8,2.2,5.4,7.6,1.2,0.6,2.8,3.6,6,13.8,7.9,13.8,0.3,2,4.5,8.7,3.3,8,11.3,1.8,1,4.2,5.3,9,20.6,95.9,105.6,3,22,0,4,0.3,0.7,0.375,0,0,0,0.3,0.7,0.375,0.375,0.4,0.9,0.474,0.3,0.8,1,0.1,0.2,0.2,0.6,0.5,1,0,0.308,0.4,0.073,19.878,3,3.4,86.25,1.045,2.364
7,97.32,59.59,Zion Williamson,2019,1,NOP,NOP,0,0.402,115.4,4.2,116.8,5.6,-1.1,103.3,111.4,1,112.6,2.2,-1.3,0.463,-1.4,"SF,PF",0,18.97,79,285,Duke,4,1,0.842,82.7,67.8,26.9,11.97,112.6,92.3,33,33,1,30,9,13.2,0.68,0.7,2.2,0.338,3.9,6.2,0.64,5.4,3.5,8.9,2.1,2.1,1.8,2.4,2.1,22.6,40.8,0.702,0.163,0.467,663,12.7,18,15.5,14.9,3.9,5.8,12.8,28.6,5.5,2.8,8.3,0.335,13.4,6.7,20.1,12,17.6,1,2.9,5.3,8.2,4.7,7.2,11.8,2.7,2.8,2.4,3.2,2.7,30.1,16.3,24,1.3,3.9,7.2,11.2,6.4,9.8,16.2,3.8,3.9,3.3,4.3,3.8,41.2,133.1,87.4,5,214,214,31.4,9.5,16.2,0.589,0.1,0.5,0.327,9.4,15.7,0.596,0.593,5.4,7.9,0.689,2.3,4.3,6.6,4.3,1,0.6,2.8,2.3,24.7,100,0.875,0.648,0.06,31.93,3.3,5.2,82,1.038,3.608
3,62.7,38.17,Rui Hachimura,2019,9,WAS,WAS,0,0.39,114,2.8,116.9,5.7,-3.3,101.4,111.1,0.7,113.9,3.5,-2.8,0.415,-2.9,"SF,PF",0,21.37,80,225,Gonzaga,3,3,0.892,87.6,64.9,27.79,5.01,122.2,90.4,37,37,1,30.2,7.4,12.6,0.591,0.4,1,0.417,4.4,6,0.739,5.1,1.4,6.5,1.5,0.9,0.7,1.8,2,19.7,28.6,0.639,0.077,0.477,644,5.9,16.9,12.1,9.1,1.7,2.4,10.7,28.1,4.7,2.7,7.4,0.264,6.4,2.9,9.4,9.8,16.7,0.5,1.3,5.9,7.9,1.9,6.7,8.6,2,1.3,1,2.4,2.6,26.1,13.7,23.2,0.7,1.8,8.2,11.1,2.6,9.4,12,2.8,1.7,1.3,3.4,3.7,36.4,124.9,91.6,6,337,223,27.7,5,10.1,0.496,1.1,2.9,0.381,3.9,7.2,0.542,0.551,1.7,2.2,0.764,1,3.8,4.9,1.3,0.6,0.3,0.9,1.6,12.8,66.172,0.833,0.275,0.023,25.237,1.4,2.3,86,1.075,2.812
5,93.6,57.29,RJ Barrett,2019,3,NYK,NYK,2,0.207,104.6,-6.6,113.8,2.6,-8.93,99.6,104.5,-5.9,113.7,3.3,-9.2,0.232,-9.2,"SG,SF",0,19.03,79,202,Duke,4,1,0.842,82.7,67.8,26.9,11.97,112.6,92.3,38,38,1,35.3,8.4,18.5,0.454,1.9,6.2,0.308,3.9,5.9,0.665,6,1.6,7.6,4.3,0.9,0.4,3.2,1.8,22.6,23.3,0.532,0.338,0.319,834,4.8,17.2,11.2,23.5,1.4,1.2,13.2,32.2,3.8,2.7,6.5,0.194,6.5,2.1,8.6,9.5,20.9,2.2,7.1,4.4,6.7,1.8,6.8,8.6,4.9,1,0.5,3.7,2.1,25.7,13,28.6,3,9.7,6.1,9.1,2.4,9.3,11.7,6.7,1.4,0.7,5,2.9,35,110.1,95.9,6,387,386,33.1,6.9,15.6,0.441,1.7,4.8,0.346,5.2,10.8,0.483,0.494,3.5,5,0.697,0.9,4.6,5.6,3.3,0.7,0.3,2.2,2.3,18.8,99.742,1.344,0.267,0.011,22.524,-0.4,1.5,81,1.025,2.557
5,70.78,43.17,De'Andre Hunter,2019,4,LAL,ATL,3,0.354,113.3,2.1,119.4,8.2,-6.06,103.9,108.1,-2.3,113.9,3.5,-5.7,0.329,-6.1,SF,0,21.56,79,223,Virginia,2,2,0.921,71.4,56.1,25.46,10.15,116.3,91.3,38,38,1,32.5,5.4,10.4,0.52,1.2,2.8,0.438,3.2,4.1,0.783,3.7,1.4,5.1,2,0.6,0.6,1.4,2,15.2,24.3,0.618,0.266,0.398,541,5.6,13.4,9.8,13,1.2,2.4,10,24.1,4.8,2.6,7.3,0.237,7.4,3.4,10.8,6.6,12.8,1.5,3.4,4,5.1,1.7,4.6,6.3,2.4,0.7,0.7,1.7,2.5,18.8,10.9,21,2.5,5.6,6.6,8.4,2.8,7.5,10.3,4,1.2,1.2,2.8,4.1,30.9,125.8,94.9,6,327,246,30,5.2,11.5,0.452,1.8,4.8,0.373,3.4,6.7,0.508,0.53,2.6,3.2,0.819,0.6,3.4,4.1,1.5,0.7,0.3,1.4,2.7,14.8,75.229,1.429,0.378,0.018,25.247,3.9,1.4,86,1.089,2.823
7,93.18,57.03,Darius Garland,2019,5,CLE,CLE,3,0.232,104.5,-6.7,114.1,2.9,-9.39,96.6,107.7,-2.7,117.6,7.2,-9.9,0.232,-9.6,"PG,SG",1,19.41,75,173,Vanderbilt,0,1,0.281,68.1,72.3,3.57,7.79,98.5,104.6,5,5,1,27.8,5.8,10.8,0.537,2.2,4.6,0.478,2.4,3.2,0.75,3.4,0.4,3.8,2.6,0.8,0.4,3,1.4,16.2,23.6,0.657,0.426,0.296,71,1.6,13.7,7.7,25.7,1.7,1.5,19.6,27.9,0.4,0.1,0.5,0.148,3.8,1.1,4.9,8.3,15.5,3.2,6.6,3.5,4.6,0.6,4.9,5.5,3.7,1.2,0.6,4.3,2,23.3,12.1,22.6,4.6,9.6,5,6.7,0.8,7.1,7.9,5.4,1.7,0.8,6.3,2.9,33.8,112,106.3,6,382,378,33.2,6.9,15.2,0.453,2.3,6.1,0.388,4.5,9.2,0.496,0.53,2.7,3.1,0.867,0.5,2.1,2.7,6.7,1.2,0.1,3,1.8,18.9,98.953,0.867,0.118,0.014,22.352,-3.4,1.8,77,1.027,2.307
0,29.58,17.68,Jarrett Culver,2019,6,PHO,MIN,2,0.439,112.5,1.3,114,2.8,-1.02,100.2,111.4,1,112.9,2.5,-1.5,0.451,-1.5,SG,0,20.34,78.75,194,Texas Tech,1,2,0.816,72.8,59.5,22.79,9.53,106.9,87.4,38,38,1,32.5,6.7,14.5,0.461,1.3,4.2,0.304,3.9,5.5,0.707,5,1.4,6.4,3.7,1.5,0.6,2.7,1.9,18.5,25.1,0.542,0.292,0.377,711,5.6,17.3,11.8,26.1,2.7,2.2,13.7,32.2,3.3,3.5,6.8,0.222,6.9,4.8,11.6,8.2,17.9,1.6,5.2,4.8,6.7,1.8,6.1,7.9,4.6,1.8,0.7,3.3,2.4,22.8,12.2,26.4,2.3,7.7,7,10,2.6,9.1,11.6,6.8,2.7,1,4.9,3.5,33.7,108.7,86.7,4,144,43,17.2,2.5,6.4,0.401,0.6,2.3,0.276,1.9,4,0.473,0.451,0.8,1.5,0.509,0.9,1.9,2.8,1.2,0.7,0.4,0.9,1.7,6.5,29.861,1.37,0.28,0.018,22.907,0.2,2.5,81.5,1.035,2.463
5,53.85,32.7,Coby White,2019,7,CHI,CHI,0,0.268,104.9,-6.3,113.4,2.2,-8.32,99,104.8,-5.6,113.2,2.8,-8.4,0.256,-8.5,"PG,SG",0,19.35,76.75,191,UNC,4,1,0.806,85.8,73.2,23.94,11.35,112.7,96.1,35,35,1,28.5,5.4,12.7,0.423,2.3,6.6,0.353,3,3.7,0.8,3.2,0.3,3.5,4.1,1.1,0.3,2.7,1.9,16.1,19.2,0.556,0.523,0.293,538,1.3,11.3,6.4,24.4,2,1.3,15.5,26.8,2.4,1.7,4.1,0.165,5.2,2.8,8,7.5,17.8,3.3,9.3,4.2,5.2,0.5,4.5,5,5.7,1.5,0.4,3.7,2.7,22.5,9.9,23.4,4.3,12.2,5.5,6.9,0.6,5.9,6.5,7.5,2,0.6,4.9,3.6,29.6,110.6,98.9,6,422,225,29.8,5.4,12.5,0.433,2.3,6.3,0.369,3.1,6.1,0.498,0.527,2,2.4,0.865,0.4,3.3,3.6,3.8,0.7,0.2,1.8,2.1,15.2,53.318,1.519,0.094,0.011,21.606,-1,1.9,77,1.003,2.489
3,24.94,14.81,Jaxson Hayes,2019,8,ATL,NOP,0,0.402,115.4,4.2,116.8,5.6,-1.1,103.3,111.4,1,112.6,2.2,-1.3,0.463,-1.4,C,0,19.09,83.5,219,Texas,3,1,0.568,71,66.4,16.05,11.46,105.9,99,32,21,0.656,23.3,3.8,5.3,0.728,0,0,0,2.3,3.1,0.74,3.3,1.8,5,0.3,0.6,2.2,0.9,3.3,10,27,0.739,0,0.592,280,8.7,16.3,12.5,2.6,1.5,10.6,11.8,17.2,2.8,1.5,4.3,0.23,4.6,5.5,10.1,6.6,9,0,0,4,5.4,3,5.6,8.6,0.5,1,3.8,1.6,5.7,17.1,9.9,13.6,0,0,6,8.1,4.5,8.4,12.9,0.7,1.5,5.7,2.3,8.6,25.8,138.7,95.6,6,367,87,16.4,2.6,4.1,0.649,0.1,0.3,0.261,2.6,3.7,0.681,0.659,1.4,2.1,0.696,1.3,2.6,3.9,0.7,0.5,0.7,0.7,2,6.8,23.706,0.333,0.545,0.094,22.237,3.3,4.8,87.5,1.048,2.623
0,12.77,7.28,Dalano Banton,2021,46,TOR,POR,1,0.583,116.1,4,114.3,2.2,1.8,98.4,117.8,5.5,116,3.7,1.8,0.556,1.8,PG,0,21.63,81,204,Nebraska,0,3,0.259,70,74.2,6.08,12.28,95.4,101.3,27,22,0.815,27.3,3.3,8.1,0.411,0.7,3,0.247,2.1,3.3,0.659,4.9,1,5.9,3.9,1,0.9,2.5,2.1,9.6,16.1,0.495,0.37,0.402,293,3.9,18.9,11.4,28.8,1.9,4,20.4,21.8,0.6,1.1,1.7,0.093,1.6,3,4.7,4.9,11.9,1.1,4.4,3.2,4.8,1.5,7.2,8.6,5.7,1.4,1.4,3.6,3,14,6.7,16.3,1.5,6,4.3,6.6,2,9.8,11.8,7.8,1.9,1.9,5,4.2,19.2,96.8,99.8,4,216,19,14.5,2.5,6.2,0.402,0.7,2.4,0.304,1.8,3.8,0.464,0.461,1.1,1.4,0.728,0.6,1.7,2.2,2,0.5,0.4,1.1,1,6.8,8.796,1.56,0.204,0.033,21.68,-0.8,2.8,82.25,1.015,2.519
3,43.28,26.16,Cam Reddish,2019,10,ATL,ATL,3,0.354,113.3,2.1,119.4,8.2,-6.06,103.9,108.1,-2.3,113.9,3.5,-5.7,0.329,-6.1,SF,0,19.81,80,208,Duke,4,1,0.842,82.7,67.8,26.9,11.97,112.6,92.3,36,35,0.972,29.7,4.3,12,0.356,2.5,7.4,0.333,2.4,3.2,0.772,3.1,0.6,3.7,1.9,1.6,0.6,2.7,2.4,13.5,13.6,0.499,0.618,0.264,447,2,10.7,6.5,10.7,2.9,1.9,16.5,25.3,0.8,2.2,3,0.113,1.3,3.2,4.5,5.8,16.2,3.3,10,3.3,4.3,0.7,4.2,5,2.6,2.1,0.8,3.6,3.2,18.1,7.9,22.1,4.5,13.6,4.5,5.8,1,5.8,6.8,3.6,2.9,1.1,4.9,4.4,24.8,97.9,95.1,6,254,116,23.1,2.9,7.3,0.398,1.1,3.4,0.322,1.8,4,0.463,0.472,1.5,1.9,0.821,0.6,2.1,2.7,1.2,1,0.4,1.1,1.7,8.5,45.669,0.704,0.194,0.02,23.781,3.9,2.9,84.5,1.056,2.6
3,52.19,31.67,Cameron Johnson,2019,11,MIN,PHO,0,0.232,107.5,-3.7,116.8,5.6,-8.61,100.5,105.9,-4.5,115.1,4.7,-9.2,0.232,-9.3,"SF,PF",0,23.31,80.5,205,UNC,4,5,0.806,85.8,73.2,23.94,11.35,112.7,96.1,36,36,1,29.9,5.9,11.6,0.506,2.7,5.8,0.457,2.5,3.1,0.818,3.9,1.8,5.8,2.4,1.2,0.3,1.5,1.5,16.9,24.9,0.648,0.504,0.264,545,6.5,13.3,10,13.8,2.1,1.1,10.3,21.8,4.3,1.9,6.2,0.229,9.4,3.5,12.9,7.8,15.5,3.6,7.8,3.3,4.1,2.5,5.3,7.7,3.2,1.6,0.4,2,2,22.6,10.3,20.4,4.7,10.3,4.4,5.4,3.2,7,10.2,4.2,2.1,0.5,2.6,2.6,29.8,131.2,98.2,6,340,181,26.5,4.4,9.8,0.453,2.3,5.9,0.392,2.1,3.9,0.547,0.572,1.7,2,0.851,0.8,3.2,3.9,2,0.8,0.3,0.9,1.7,12.9,53.235,1.6,0.462,0.01,22.387,0.5,2,82,1.019,2.547
5,76.32,46.6,P.J. Washington,2019,12,CHO,CHO,0,0.476,110.7,-0.5,111.8,0.6,-1.32,98.7,111.4,1,112.5,2.1,-1.1,0.463,-1.1,"SF,PF",0,20.84,80,230,Kentucky,4,2,0.811,75.8,64.7,21.43,10.29,111.9,95.5,35,33,0.943,29.3,5.4,10.4,0.522,0.9,2.2,0.423,3.4,5.1,0.663,5.2,2.3,7.5,1.8,0.8,1.2,2,2.5,15.2,26,0.592,0.214,0.489,508,10,19.9,15.3,13.1,1.7,4.8,13.3,25.8,3.5,2.2,5.7,0.223,6.9,4,10.9,7.4,14.2,1.3,3,4.6,7,3.2,7.1,10.3,2.5,1.1,1.7,2.7,3.4,20.7,11,21.1,1.9,4.5,6.8,10.3,4.7,10.6,15.3,3.7,1.7,2.5,4,5,30.8,119.5,93.9,6,390,320,30.6,4.9,10.9,0.448,1.7,4.9,0.358,3.2,6.1,0.521,0.528,1.6,2.3,0.709,1.2,4.6,5.9,2.3,1,1,1.6,2.5,13.1,82.051,0.9,0.442,0.041,24.995,-1.3,2.8,86.25,1.078,2.875
7,61.9,37.68,Tyler Herro,2019,13,MIA,MIA,4,0.476,105.7,-5.5,105.9,-5.3,-0.45,98.2,107.3,-3.1,107.6,-2.8,-0.2,0.488,-0.2,SG,0,19.43,78,192,Kentucky,4,1,0.811,75.8,64.7,21.43,10.29,111.9,95.5,37,37,1,32.6,5,10.9,0.462,1.6,4.6,0.355,2.4,2.5,0.935,4.1,0.4,4.5,2.5,1.1,0.3,1.6,1.3,14,19.4,0.58,0.419,0.231,479,1.6,13.9,8.2,15,2,1.1,11.8,21.4,3.3,2.1,5.4,0.181,5.1,3.8,8.9,6.2,13.4,2,5.6,2.9,3.1,0.5,5,5.5,3,1.3,0.4,2,1.6,17.2,9.2,19.8,3,8.3,4.3,4.6,0.7,7.4,8.2,4.5,2,0.6,3,2.3,25.6,119.7,98.1,6,361,217,32.6,7,15.7,0.448,2.7,7.1,0.382,4.3,8.6,0.502,0.534,2.6,2.9,0.874,0.4,4.6,5,4,0.7,0.2,2.2,1.4,19.4,60.111,1.562,0.098,0.009,22.907,-1.8,1.7,75.25,0.965,2.462
0,22.48,13.29,Romeo Langford,2019,14,BOS,BOS,4,0.598,112.4,1.2,108,-3.2,3.9,99.6,112.2,1.8,107.8,-2.6,4.4,0.634,4.4,SG,0,19.67,78,202,Indiana,2,1,0.543,71.5,67.8,13.82,10.1,103.3,97.9,32,32,1,34.1,5.5,12.3,0.448,1.1,3.9,0.272,4.4,6.1,0.722,4,1.4,5.4,2.3,0.8,0.8,2.1,1.9,16.5,19.9,0.542,0.316,0.491,508,4.8,12.8,8.9,14.2,1.3,2.7,12.2,26.1,2.4,1.6,4,0.148,4.6,1.9,6.5,6.5,14.5,1.2,4.6,5.1,7.1,1.7,4.7,6.3,2.8,0.9,1,2.5,2.2,19.4,9.5,21.2,1.8,6.7,7.5,10.4,2.4,6.8,9.2,4,1.3,1.4,3.7,3.2,28.4,109.2,100.9,4,141,32,16.1,1.8,4.2,0.43,0.4,1.4,0.288,1.4,2.8,0.497,0.476,0.6,1,0.659,0.8,1.3,2.1,0.7,0.4,0.3,0.5,1.2,4.6,22.695,1.095,0.35,0.023,24.742,-0.4,1.9,83,1.064,2.59
0,29.45,17.6,Chuma Okeke,2019,16,ORL,ORL,3,0.512,107.3,-3.9,106.6,-4.6,0.28,98.1,108.9,-1.5,108.1,-2.3,0.7,0.524,0.7,"PF,SF",0,20.85,80,235,Auburn,2,2,0.75,79.7,68.8,20.84,10.92,114.1,98.4,38,38,1,29.1,4.4,8.9,0.496,1.4,3.7,0.387,1.7,2.4,0.722,4.1,2.8,6.8,1.9,1.8,1.2,1.7,1.9,12,24.5,0.597,0.419,0.265,470,10.7,16.8,13.7,12.5,3.6,5.5,14.7,20,3.3,2.3,5.5,0.2,7,4.1,11.1,6.1,12.3,2,5.1,2.4,3.3,3.8,5.6,9.4,2.6,2.5,1.7,2.4,2.6,16.5,8.8,17.7,2.9,7.4,3.4,4.7,5.5,8.1,13.6,3.8,3.6,2.4,3.5,3.7,23.9,121.2,95.2,5,198,58,20.3,2.3,5.9,0.387,1.1,3.6,0.321,1.1,2.3,0.488,0.484,0.5,0.7,0.787,0.8,3,3.8,1.5,0.9,0.4,0.7,1,6.3,29.293,1.118,0.683,0.041,25.237,-1.9,4.2,84,1.05,2.938
3,21.14,12.46,Nickeil Alexander-Walker,2019,17,BRK,NOP,0,0.402,115.4,4.2,116.8,5.6,-1.1,103.3,111.4,1,112.6,2.2,-1.3,0.463,-1.4,SG,1,20.81,77.5,204,Virginia Tech,0,2,0.743,73.5,62.1,19.28,7.79,113.3,95.6,34,34,1,34.3,5.6,11.8,0.474,1.7,4.6,0.374,3.3,4.2,0.778,3.6,0.5,4.1,4,1.9,0.5,2.9,2.3,16.2,21.9,0.586,0.387,0.359,543,1.8,13,7.6,24.6,3.4,2.3,17.1,26.5,3.1,2.5,5.5,0.189,4.8,4.2,8.9,6.5,13.7,2,5.3,3.8,4.9,0.5,4.2,4.8,4.6,2.2,0.6,3.3,2.7,18.9,10.1,21.3,3.1,8.2,6,7.7,0.9,6.5,7.4,7.2,3.4,1,5.2,4.1,29.3,111.9,94.6,6,381,68,20.8,3.1,7.5,0.414,1.5,4.1,0.36,1.6,3.4,0.477,0.512,0.9,1.2,0.743,0.4,2.1,2.5,2.3,0.7,0.4,1.2,1.6,8.6,17.848,1.379,0.139,0.015,23.948,3.3,2.8,81.5,1.052,2.632
3,33.26,19.96,Matisse Thybulle,2019,20,BOS,PHI,1,0.622,115.2,4,112.5,1.3,2.25,101.6,112.6,2.2,110,-0.4,2.6,0.585,2.7,SG,0,22.31,77,190,Washington,0,4,0.75,69.8,64.8,12.01,7.01,103.2,95.8,36,36,1,31.1,3.1,7.5,0.415,1.3,4.2,0.305,1.6,1.9,0.851,2.3,0.8,3.1,2.1,3.5,2.3,1.8,2.8,9.1,19.9,0.542,0.559,0.248,333,3,9,6,13.5,6.7,8.4,17.9,17.2,1.3,3.1,4.3,0.154,2.7,8.9,11.6,4,9.7,1.6,5.4,2,2.4,1,3,4,2.8,4.5,2.9,2.4,3.6,11.7,5.9,14.3,2.4,8,3,3.6,1.4,4.5,5.9,4.1,6.7,4.4,3.5,5.3,17.4,104.7,88,6,347,124,20.9,1.9,4.2,0.438,0.9,2.5,0.343,1,1.7,0.576,0.54,0.3,0.5,0.661,0.6,1.5,2,1.1,1.6,0.8,0.6,1.9,4.9,35.735,1.167,0.348,0.074,22.907,1.6,7.4,84,1.091,2.468
0,20.78,12.24,Brandon Clarke,2019,21,OKC,MEM,3,0.402,103.5,-7.7,106.1,-5.1,-2.08,96.6,106.1,-4.3,108.8,-1.6,-2.7,0.415,-2.6,"SF,PF",0,22.76,80.25,207,Gonzaga,3,4,0.892,87.6,64.9,27.79,5.01,122.2,90.4,37,36,0.973,28.1,6.9,10.1,0.687,0.1,0.4,0.267,2.9,4.2,0.694,5.5,3.1,8.6,1.9,1.2,3.2,1.5,2.1,16.9,37.2,0.699,0.04,0.42,603,13.9,19.6,17.1,12.3,2.3,11.3,11.3,23.9,5.5,3.2,8.8,0.337,9.8,6.5,16.3,9.9,14.4,0.2,0.6,4.2,6,4.4,7.8,12.2,2.7,1.7,4.5,2.2,3,24.1,13.8,20.1,0.2,0.8,5.8,8.4,6.1,10.9,17,3.8,2.3,6.3,3.1,4.2,33.6,137.9,84,6,307,48,20.8,4.4,7.2,0.606,0.2,0.6,0.266,4.2,6.6,0.638,0.617,1.3,1.9,0.698,1.8,3.7,5.5,1.3,0.7,0.8,0.7,1.9,10.2,15.635,1.267,0.564,0.114,23.539,-3.4,6.2,80.25,1,2.579
3,29.14,17.41,Grant Williams,2019,22,BOS,BOS,4,0.598,112.4,1.2,108,-3.2,3.9,99.6,112.2,1.8,107.8,-2.6,4.4,0.634,4.4,"SF,PF",0,20.57,79.5,240,Tennessee,2,3,0.838,82,69.7,21.55,10.16,116.1,98.7,37,37,1,31.9,6.3,11.2,0.564,0.4,1.2,0.326,5.8,7,0.819,5.3,2.2,7.5,3.2,1.1,1.5,2.2,3,18.8,30.6,0.646,0.111,0.627,686,8.5,17.4,13.3,18.5,2,5.4,13.4,26.4,5.6,2.3,7.9,0.267,8.6,4.2,12.7,7.9,14.1,0.5,1.6,7.2,8.8,2.8,6.6,9.4,4,1.4,1.9,2.8,3.7,23.6,11.4,20.2,0.7,2.2,10.4,12.7,4,9.6,13.6,5.7,2,2.7,4,5.4,33.9,128.7,96.3,6,380,108,22.9,2.5,5.5,0.452,1.2,3.1,0.377,1.3,2.4,0.549,0.558,1,1.3,0.774,1,2.7,3.7,1.5,0.5,0.5,1,2.6,7.2,28.421,1.455,0.415,0.047,26.484,-0.4,3.3,81.75,1.028,3.019
3,10.29,5.75,Ty Jerome,2019,24,PHI,OKC,4,0.598,114.5,3.3,111.1,-0.1,3.56,102.8,110.3,-0.1,107,-3.4,3.3,0.61,3.4,SG,0,21.96,77.5,194,Virginia,2,3,0.921,71.4,56.1,25.46,10.15,116.3,91.3,37,37,1,33.9,4.8,11.1,0.435,2.1,5.4,0.399,1.8,2.5,0.736,3.8,0.5,4.2,5.5,1.5,0,1.6,1.7,13.6,22.9,0.555,0.484,0.222,547,1.8,13.1,7.8,32.6,3,0.1,11.9,23.4,4.3,2.9,7.2,0.228,6.8,4.6,11.5,5.7,13,2.5,6.3,2.1,2.9,0.5,4.5,5,6.4,1.8,0,1.9,2,16,9.3,21.4,4.1,10.4,3.5,4.8,0.9,7.3,8.2,10.6,3,0.1,3.2,3.4,26.3,120.4,92.2,6,229,10,18.1,3.2,7,0.458,1.2,3.3,0.381,1.9,3.7,0.526,0.547,1.1,1.2,0.85,0.4,1.6,2,2.8,0.7,0.1,1,1.4,8.7,4.367,3.438,0.132,0,22.907,2.8,1.8,76,0.981,2.503
0,17.1,9.96,Nassir Little,2019,25,POR,POR,1,0.646,114.7,3.5,110.5,-0.7,4.43,99.1,114.7,4.3,110.5,0.1,4.2,0.622,4.2,"SF,PF",0,19.37,78,224,UNC,4,1,0.806,85.8,73.2,23.94,11.35,112.7,96.1,36,0,0,18.2,3.6,7.6,0.478,0.4,1.4,0.269,2.1,2.8,0.77,3,1.6,4.6,0.7,0.5,0.5,1.3,1.6,9.8,20,0.549,0.19,0.365,323,9.2,16.8,13,6.4,1.5,3.3,13,25.2,1.4,1.2,2.7,0.163,2.9,2.2,5.1,8,16.7,0.9,3.2,4.7,6.1,3.5,6.6,10.1,1.5,1.2,1.2,2.9,3.6,21.5,10.5,22,1.1,4.2,6.2,8,4.6,8.8,13.3,1.9,1.5,1.5,3.9,4.7,28.4,110.1,96.8,5,237,36,15.8,2,4.5,0.452,0.7,2.2,0.33,1.3,2.3,0.57,0.533,0.8,1.1,0.735,0.7,2.2,2.9,0.7,0.3,0.4,0.5,1.3,5.5,15.19,0.538,0.533,0.027,25.253,-0.9,2.4,85.25,1.093,2.872
0,3.49,1.54,Dylan Windler,2019,26,CLE,CLE,3,0.232,104.5,-6.7,114.1,2.9,-9.39,96.6,107.7,-2.7,117.6,7.2,-9.9,0.232,-9.6,SF,0,22.75,79.5,196,Belmont,0,4,0.818,86.9,73.9,9.12,-2.6,116.2,98.8,33,33,1,33.2,7.4,13.6,0.54,3,7.1,0.429,3.5,4.2,0.847,8.9,1.9,10.8,2.5,1.4,0.6,2.1,2.1,21.3,30.4,0.681,0.518,0.304,636,6.8,27.3,17.7,13.6,2.3,1.7,11.8,25.7,4.9,2.3,7.2,0.262,8.8,1.5,10.3,8.9,16.4,3.6,8.5,4.2,5,2.3,10.7,13,3.1,1.7,0.7,2.5,2.5,25.6,11.9,22.1,4.9,11.4,5.7,6.7,3.1,14.4,17.5,4.1,2.3,0.9,3.4,3.4,34.5,129.1,94.7,4,101,0,10.8,1.1,2.6,0.425,0.6,1.7,0.347,0.5,0.8,0.588,0.542,0.4,0.4,0.8,0.4,1.7,2.1,0.8,0.4,0.1,0.5,0.9,3.2,0,1.19,0.213,0.018,21.84,-3.4,2.4,82,1.031,2.465
0,2.84,1.14,Mfiondu Kabengele,2019,27,BRK,LAC,1,0.585,115.1,3.9,114.3,3.1,1.09,101.7,112.4,2,111.5,1.1,0.8,0.524,0.8,"PF,C",1,21.86,82.25,256,Florida State,1,2,0.784,74.9,67.2,17.99,10.26,106.3,95.3,37,0,0,21.6,4.4,8.8,0.502,0.6,1.8,0.369,3.7,4.9,0.761,3.8,2.1,5.9,0.3,0.6,1.5,1.3,2.6,13.2,28.9,0.593,0.199,0.55,444,11.5,20.1,15.8,3.2,1.5,8.3,10.4,28.5,3,1.8,4.8,0.242,6.1,3.4,9.6,8.2,16.4,1.2,3.3,6.9,9,4,7.1,11,0.6,1.1,2.8,2.4,4.8,24.5,11.8,23.6,1.7,4.7,9.9,13,5.7,10.2,15.9,0.8,1.5,4,3.5,6.9,35.3,120.5,92.9,3,55,0,6.9,0.9,2.3,0.383,0.4,1.3,0.301,0.5,1,0.491,0.469,0.4,0.5,0.852,0.3,1.1,1.5,0.3,0.2,0.3,0.3,0.9,2.6,0,0.231,0.553,0.069,26.119,1.7,3.9,87,1.058,3.112
5,60.09,36.56,Jordan Poole,2019,28,GSW,GSW,4,0.695,117.7,6.5,111.2,0,6.42,100.9,115.9,5.5,109.5,-0.9,6.4,0.683,6.5,"SG,PG",0,20.02,77.5,191,Michigan,2,2,0.811,69.6,58.3,21.82,10.55,106.5,89.2,37,37,1,33.1,4.4,10,0.436,2,5.5,0.369,2,2.4,0.833,2.8,0.2,3,2.2,1.1,0.2,1.5,2,12.8,16,0.573,0.55,0.244,431,0.8,9.3,5.2,13,2,0.7,12.2,20.9,2.2,2.7,4.9,0.16,3,4.2,7.2,5.3,12.1,2.5,6.6,2.5,2.9,0.3,3.3,3.6,2.6,1.3,0.3,1.9,2.4,15.4,8.1,18.5,3.8,10.2,3.8,4.5,0.4,5.1,5.5,4,2,0.4,2.9,3.7,23.6,109.5,93.2,6,412,249,27.5,5.7,13.5,0.422,2.5,7.1,0.345,3.2,6.3,0.509,0.513,3,3.4,0.879,0.4,2.3,2.7,3.8,0.9,0.3,2.3,2.5,16.8,60.437,1.467,0.071,0.006,22.907,0.9,1.6,78.75,1.016,2.465
3,61.69,37.55,Keldon Johnson,2019,29,SAS,SAS,4,0.585,111.7,0.5,110,-1.2,1.8,98.3,112.9,2.5,111.2,0.8,1.7,0.549,1.7,SF,0,19.7,78,216,Kentucky,4,1,0.811,75.8,64.7,21.43,10.29,111.9,95.5,37,36,0.973,30.7,4.6,10.1,0.461,1.2,3.2,0.381,2.9,4.2,0.703,4.5,1.3,5.9,1.6,0.8,0.2,1.6,2.2,13.5,18.5,0.558,0.316,0.416,466,5.5,16.5,11.3,10.4,1.5,0.6,11.8,22.7,2.9,2,4.9,0.171,4.1,2.6,6.7,6.1,13.1,1.6,4.2,3.8,5.5,1.7,5.9,7.6,2.1,1,0.2,2.1,2.9,17.5,9,19.5,2.4,6.2,5.7,8.1,2.6,8.8,11.3,3.1,1.5,0.3,3.1,4.3,26,115.7,98.3,6,370,232,28.6,5.7,12.3,0.467,1.6,4.5,0.352,4.2,7.8,0.533,0.531,2.5,3.3,0.762,1.2,4.2,5.4,2.2,0.7,0.3,1.3,1.9,15.6,62.703,1,0.289,0.007,24.232,-1.7,1.2,81.25,1.042,2.769
3,55.29,33.59,Kevin Porter Jr.,2019,30,MIL,HOU,2,0.646,113.9,2.7,109.1,-2.1,4.96,97.9,115.5,5.1,110.7,0.3,4.8,0.646,4.8,SG,0,19.14,77.5,213,USC,2,1,0.485,76.3,73,8.23,4.96,105.8,101.3,21,4,0.19,22.1,3.5,7.5,0.471,1.3,3.2,0.412,1.1,2.2,0.522,3,1,4,1.4,0.8,0.5,1.9,2.1,9.5,16.2,0.559,0.433,0.293,185,4.8,15,10,12,2.1,2.6,17.9,23.3,0.5,0.7,1.2,0.1,1.8,1.5,3.3,6.4,13.5,2.4,5.9,2.1,4,1.7,5.5,7.2,2.6,1.5,0.9,3.4,3.8,17.2,9,19.1,3.4,8.3,2.9,5.6,2.4,7.8,10.2,3.6,2.1,1.3,4.7,5.3,24.3,100.2,101,5,271,150,27.3,5,11.6,0.435,1.7,4.8,0.351,3.3,6.8,0.493,0.507,2.2,3,0.734,0.7,3.4,4.1,4.6,1.1,0.3,2.6,2.3,13.9,55.351,0.737,0.333,0.023,24.997,-2.1,2.4,81,1.045,2.748
5,68.55,41.79,Nic Claxton,2019,31,BRK,BRK,0,0.512,112.2,1,112.3,1.1,-0.4,100.8,109.6,-0.8,109.7,-0.7,-0.1,0.5,-0.1,C,1,20.19,83.75,217,Georgia,1,2,0.344,71.1,73.9,5.31,8.12,100.9,104.9,32,32,1,31.6,4.3,9.3,0.46,0.6,2,0.281,3.8,6,0.641,6.3,2.3,8.6,1.8,1.1,2.5,2.1,2.8,13,21.2,0.533,0.215,0.644,414,8.4,20.6,14.9,12.2,1.9,8,14.7,22.1,1.8,1.7,3.5,0.137,2.3,3.2,5.5,5.4,11.8,0.7,2.5,4.9,7.6,2.8,8,10.8,2.3,1.3,3.2,2.7,3.6,16.4,7.7,16.7,1,3.6,6.9,10.8,4,11.3,15.4,3.3,1.9,4.5,3.8,5.1,23.3,108.1,99.5,6,311,229,25.8,4.5,7.1,0.636,0,0.1,0.2,4.5,6.9,0.644,0.638,1.3,2.5,0.537,2.2,5.5,7.7,1.7,0.7,1.7,1.1,2.3,10.3,73.633,0.857,0.365,0.079,22.237,0.8,4.5,86.5,1.033,2.591
0,12.65,7.21,KZ Okpala,2019,32,PHO,MIA,4,0.476,105.7,-5.5,105.9,-5.3,-0.45,98.2,107.3,-3.1,107.6,-2.8,-0.2,0.488,-0.2,"SF,PF",0,20.16,81.5,210,Stanford,0,2,0.484,72.7,71.8,6.03,5.13,100.9,99.6,29,29,1,32.7,5.9,12.7,0.463,1.1,3,0.368,4,6,0.671,4.5,1.2,5.7,2,1,0.5,2.9,2.5,16.8,18.1,0.543,0.237,0.471,457,4.1,14.9,9.7,13,1.7,1.4,15.6,27.3,1.5,1.4,2.9,0.123,2,1.2,3.2,7.2,15.5,1.3,3.7,4.9,7.3,1.4,5.5,7,2.4,1.2,0.6,3.5,3.1,20.6,10,21.5,1.9,5.1,6.8,10.2,2,7.7,9.7,3.4,1.7,0.9,4.9,4.3,28.6,103.6,101.2,4,98,12,9.8,0.9,2.1,0.409,0.3,1,0.286,0.6,1.1,0.518,0.476,0.2,0.4,0.667,0.4,1.1,1.5,0.5,0.2,0.3,0.3,1.3,2.3,12.245,0.69,0.267,0.015,22.858,-1.8,1.8,85.75,1.052,2.577
0,4.49,2.16,Carsen Edwards,2019,33,PHI,BOS,4,0.598,112.4,1.2,108,-3.2,3.9,99.6,112.2,1.8,107.8,-2.6,4.4,0.634,4.4,SG,0,21.29,72.25,199,Purdue,2,3,0.722,76.7,67.2,21.4,11.99,114.4,100.4,36,36,1,35.4,7.7,19.5,0.394,3.8,10.6,0.355,5.1,6.1,0.837,3.2,0.4,3.6,2.9,1.3,0.3,3.1,2,24.3,23.2,0.541,0.541,0.314,787,1.3,10.6,6,18.3,2.3,1,12.3,37.3,4,1.6,5.6,0.176,7.5,1,8.5,8.7,22.1,4.2,11.9,5.8,6.9,0.4,3.6,4.1,3.3,1.5,0.3,3.5,2.3,27.4,13.1,33.4,6.4,18,8.8,10.5,0.7,5.5,6.2,4.9,2.3,0.5,5.4,3.5,41.5,109.9,103.4,3,72,1,9.8,1.4,3.7,0.364,0.6,2.2,0.297,0.7,1.6,0.456,0.45,0.3,0.5,0.758,0.2,0.9,1.1,0.7,0.3,0.1,0.4,0.9,3.7,1.389,0.935,0.125,0.008,26.297,-0.4,1.8,78,1.08,2.754
0,11.91,6.75,Bruno Fernando,2019,34,PHI,ATL,3,0.354,113.3,2.1,119.4,8.2,-6.06,103.9,108.1,-2.3,113.9,3.5,-5.7,0.329,-6.1,C,0,20.86,82.25,237,Maryland,1,2,0.676,71.4,65.5,16.01,10.09,107.3,98.4,34,33,0.971,30,5.1,8.4,0.607,0.1,0.3,0.3,3.3,4.3,0.779,7.7,2.9,10.6,2,0.6,1.9,2.8,2.7,13.6,27.2,0.653,0.035,0.509,463,12,27.4,20.2,14.4,1.3,7,21.2,22.6,3.1,2.4,5.4,0.214,5.1,4.9,10,6.8,11.2,0.1,0.4,4.4,5.7,3.9,10.3,14.2,2.7,0.9,2.5,3.7,3.6,18.1,10.2,16.8,0.2,0.6,6.6,8.5,5.9,15.4,21.3,4,1.3,3.8,5.6,5.4,27.2,117.9,92.1,6,220,21,10.6,1.6,2.9,0.543,0,0.2,0.122,1.6,2.7,0.578,0.548,0.7,1.1,0.653,1.1,2.2,3.2,0.7,0.3,0.5,0.7,1.6,4,9.545,0.714,0.377,0.063,24.963,3.9,3.4,87.25,1.061,2.881
3,22.76,13.46,Cody Martin,2019,36,CHO,CHO,0,0.476,110.7,-0.5,111.8,0.6,-1.32,98.7,111.4,1,112.5,2.1,-1.1,0.463,-1.1,SF,1,23.74,77.5,192,Nevada,0,5,0.853,80.1,66.8,16,2.68,113.2,94.4,34,34,1,34.4,4.4,8.8,0.505,1,2.8,0.358,2.2,2.9,0.763,3.5,0.9,4.5,4.9,1.4,0.7,1.9,2.5,12.1,19.1,0.594,0.318,0.324,458,3.1,11.1,7.2,25.9,2.2,2.2,15.6,17.3,3.1,2.3,5.4,0.185,3.5,3.5,7,5.2,10.2,1.2,3.2,2.5,3.3,1.1,4.1,5.2,5.7,1.6,0.8,2.2,2.9,14,7.3,14.4,1.6,4.6,3.6,4.7,1.5,5.8,7.3,8.1,2.2,1.1,3.1,4.2,19.8,121.1,96.1,6,259,54,21.9,2.3,5.4,0.436,0.6,2.1,0.308,1.7,3.3,0.518,0.496,0.8,1.2,0.661,1,2.7,3.7,2.2,1,0.4,0.9,1.6,6.2,20.849,2.579,0.257,0.02,22.772,-1.3,2.4,82.25,1.061,2.477
5,53.64,32.57,Daniel Gafford,2019,38,CHI,WAS,0,0.39,114,2.8,116.9,5.7,-3.3,101.4,111.1,0.7,113.9,3.5,-2.8,0.415,-2.9,"C,PF",0,20.73,82.5,238,Arkansas,2,2,0.529,75.3,72.3,11.75,8.78,104.2,100.1,32,32,1,28.7,6.7,10.1,0.66,0,0,0,3.6,6,0.591,5.8,2.8,8.7,0.7,0.9,2,2.4,2.8,16.9,28.7,0.652,0,0.596,469,11.1,22.5,16.8,6,1.8,8.7,15.5,26,2.8,1.8,4.6,0.199,5.7,2.6,8.3,9.3,14.1,0,0,5,8.4,4,8.1,12.1,1,1.3,2.8,3.3,3.8,23.6,13,19.7,0,0,6.9,11.7,5.5,11.3,16.8,1.4,1.8,3.9,4.6,5.3,32.9,116.3,95.7,6,378,215,19.8,3.8,5.4,0.709,0,0,0,3.8,5.4,0.71,0.709,1.6,2.3,0.672,2.2,3.5,5.6,1.1,0.5,1.5,1,2.5,9.3,56.878,0.292,0.483,0.07,23.584,1.4,4.1,86.25,1.045,2.885
0,23.32,13.81,Lavoy Allen,2011,50,PHI,PHI,1,0.5,99,-0.6,97.5,-2.1,1,91.7,106.6,-0.7,105,-2.3,1.6,0.549,1.5,"PF,C",0,22.38,81,225,Temple,0,4,0.765,70.6,62.5,12.35,4.23,106.6,94.3,33,33,1,33.9,4.7,9.7,0.48,0.2,0.5,0.294,2.1,3,0.697,5.9,2.7,8.6,2.3,0.7,1.8,1.6,2.3,11.6,20.3,0.519,0.053,0.308,397,9.3,20.2,14.8,13.6,1.3,5.4,12.8,19.8,2.2,2.4,4.6,0.163,2.6,3.1,5.6,5.5,11.5,0.2,0.6,2.5,3.5,3.1,7,10.1,2.7,0.8,2.2,1.9,2.7,13.6,8.4,17.5,0.3,0.9,3.8,5.4,4.8,10.6,15.4,4.1,1.3,3.3,2.9,4.1,20.8,110,93.1,6,388,87,17.8,2.1,4.5,0.471,0,0,0.133,2.1,4.5,0.474,0.472,0.5,0.7,0.682,1.8,2.9,4.8,1,0.3,0.6,0.7,1.8,4.8,22.423,1.437,0.458,0.053,24.036,-0.4,3,84,1.037,2.778
0,23.1,13.67,Eric Paschall,2019,41,GSW,GSW,4,0.695,117.7,6.5,111.2,0,6.42,100.9,115.9,5.5,109.5,-0.9,6.4,0.683,6.5,"SF,PF",0,22.64,79.25,254,Villanova,3,5,0.722,73.7,67.4,14.33,7.97,112.2,102.5,36,36,1,36.1,5.4,12.1,0.447,1.9,5.6,0.348,3.8,5,0.746,4.9,1.3,6.1,2.1,0.7,0.5,2.3,2.1,16.5,19,0.57,0.461,0.415,556,4.2,16.1,10.1,12.9,1.2,1.6,13.6,24.7,3.2,1.5,4.7,0.143,3.8,1,4.8,6,13.4,2.2,6.2,4.2,5.6,1.4,5.4,6.8,2.4,0.8,0.5,2.5,2.4,18.3,9.2,20.6,3.3,9.5,6.4,8.6,2.2,8.3,10.4,3.6,1.2,0.8,3.9,3.6,28.1,112.4,104.6,3,158,31,19.5,3.7,7.4,0.494,0.6,1.8,0.326,3.1,5.6,0.55,0.535,1.9,2.5,0.758,0.9,2.3,3.2,1.4,0.3,0.2,1,1.5,9.8,19.62,0.913,0.265,0.014,27.907,0.9,1.3,83.75,1.057,3.205
0,5.17,2.58,Admiral Schofield,2019,42,PHI,ORL,3,0.512,107.3,-3.9,106.6,-4.6,0.28,98.1,108.9,-1.5,108.1,-2.3,0.7,0.524,0.7,"PF,SF",0,22.24,77.25,241,Tennessee,2,4,0.838,82,69.7,21.55,10.16,116.1,98.7,37,37,1,31.8,6.4,13.6,0.474,2,4.8,0.418,1.6,2.3,0.698,5,1.2,6.1,2,0.9,0.5,1.9,2.5,16.5,20.1,0.562,0.353,0.171,543,4.5,16.4,10.9,12,1.6,1.7,11.4,26.2,2.7,1.9,4.6,0.156,4.7,1.6,6.3,8.1,17.1,2.5,6,2,2.9,1.5,6.3,7.7,2.6,1.1,0.6,2.4,3.2,20.8,11.7,24.6,3.6,8.7,2.9,4.2,2.1,9,11.1,3.7,1.6,0.8,3.4,4.6,29.9,110.6,99.6,4,131,3,10.5,1.2,2.8,0.417,0.6,1.8,0.326,0.6,1.1,0.568,0.519,0.3,0.4,0.782,0.4,1.3,1.6,0.6,0.2,0.1,0.4,1.4,3.3,2.29,1.053,0.24,0.016,27.803,-1.9,1.7,81.75,1.058,3.12
0,8.22,4.47,Jaylen Nowell,2019,43,MIN,MIN,2,0.439,112.5,1.3,114,2.8,-1.02,100.2,111.4,1,112.9,2.5,-1.5,0.451,-1.5,SG,0,19.96,76.25,202,Washington,0,2,0.75,69.8,64.8,12.01,7.01,103.2,95.8,36,36,1,34.4,6.1,12.1,0.502,1.4,3.2,0.44,2.6,3.4,0.779,4.3,1,5.3,3.1,1.3,0.3,2.9,2.3,16.2,20.3,0.592,0.267,0.281,567,3.5,14.9,9.3,20.8,2.2,0.8,17.7,25.3,2.9,2.1,5,0.162,3.3,1.6,4.9,7,14,1.6,3.7,3.1,3.9,1.1,5,6.1,3.6,1.5,0.3,3.4,2.6,18.8,10.4,20.8,2.4,5.6,4.5,5.8,1.7,7.4,9.1,5.4,2.2,0.4,5.1,3.9,27.9,110.3,98.5,6,205,4,17.2,3.4,7.7,0.442,1,3,0.316,2.4,4.6,0.525,0.504,1.1,1.4,0.792,0.4,1.7,2.2,1.9,0.5,0.2,0.7,1.4,8.9,1.951,1.069,0.233,0.009,24.162,0.2,1.8,79.25,1.039,2.649
3,23.34,13.82,Bol Bol,2019,44,MIA,ORL,3,0.512,107.3,-3.9,106.6,-4.6,0.28,98.1,108.9,-1.5,108.1,-2.3,0.7,0.524,0.7,"PF,C",1,19.61,86.5,208,Oregon,2,1,0.658,70,62.2,13.95,6.13,106.2,94.4,9,9,1,29.8,8.2,14.7,0.561,1.4,2.8,0.52,3.1,4.1,0.757,7.4,2.1,9.6,1,0.8,2.7,2,1.7,21,37.5,0.632,0.189,0.28,154,8.7,29,19.2,9.6,1.6,12.4,10.7,33.4,1.1,0.8,1.8,0.271,9.1,3.9,13,11,19.7,1.9,3.7,4.2,5.5,2.8,10,12.8,1.3,1,3.6,2.7,2.2,28.2,16.9,30.1,3,5.7,6.4,8.4,4.3,15.3,19.6,2.1,1.6,5.5,4.1,3.4,43.1,118.2,86.7,6,202,45,13.6,2.5,4.6,0.545,0.5,1.5,0.332,2,3.1,0.644,0.598,0.7,0.9,0.749,0.6,2.9,3.5,0.6,0.3,0.8,0.9,0.9,6.2,22.277,0.5,0.284,0.091,22.305,-1.9,4.6,91,1.052,2.405
0,40.86,24.66,Isaiah Roby,2019,45,DET,OKC,4,0.598,114.5,3.3,111.1,-0.1,3.56,102.8,110.3,-0.1,107,-3.4,3.3,0.61,3.4,"SF,PF",0,21.39,80.5,214,Nebraska,0,3,0.528,71.8,67.2,14.85,11.31,106.5,99.7,35,35,1,31.2,4.2,9.3,0.454,0.8,2.4,0.333,2.6,3.8,0.677,5,1.9,6.9,1.9,1.3,1.9,2,3.2,11.8,19.7,0.532,0.258,0.408,416,6.6,17.7,12.1,12.5,2.4,6.4,15.2,21.6,1.7,2.2,3.8,0.14,2.9,3.8,6.7,5.4,11.9,1,3.1,3.3,4.9,2.4,6.4,8.9,2.5,1.6,2.4,2.6,4.1,15.2,8.1,17.7,1.5,4.6,4.9,7.2,3.6,9.6,13.2,3.7,2.4,3.6,3.8,6.1,22.5,105.6,96,4,151,64,18.9,2.9,6,0.485,0.6,1.8,0.351,2.3,4.2,0.541,0.536,1.2,1.8,0.675,1.2,3.2,4.4,1.4,0.7,0.5,1.2,2.2,7.7,42.384,0.95,0.38,0.061,25.237,2.8,4,85,1.056,2.658
3,21.79,12.86,Talen Horton-Tucker,2019,46,ORL,LAL,2,0.451,111.8,0.6,113.5,2.3,-1.33,103.2,107.8,-2.6,109.5,-0.9,-1.7,0.451,-1.7,"SG,PG",0,18.58,76,235,Iowa State,0,1,0.657,76.9,68.1,18.07,9.3,112.7,99.9,35,34,0.971,27.2,4.4,10.9,0.406,1.4,4.5,0.308,1.6,2.5,0.625,4.2,0.7,4.9,2.3,1.3,0.7,1.7,2.3,11.8,17.2,0.488,0.416,0.23,403,2.9,16.7,10.2,16.2,2.8,2.7,12.4,26.2,1,1.7,2.7,0.114,1.7,2.5,4.2,6.5,16.1,2.1,6.7,2.3,3.7,1,6.2,7.1,3.4,1.9,1,2.5,3.3,17.4,9.5,23.5,3,9.8,3.4,5.4,1.4,9.1,10.5,5.1,2.8,1.4,3.7,4.9,25.5,100,98.2,6,305,55,19.5,3.4,8,0.427,0.8,2.7,0.299,2.6,5.2,0.494,0.478,1.6,2.1,0.771,0.5,2.1,2.6,2.8,0.8,0.4,1.4,1.8,9.2,18.033,1.353,0.167,0.026,28.189,3.2,2.9,85.25,1.122,3.092
0,5.59,2.84,Ignas Brazdeikis,2019,47,SAC,ORL,3,0.512,107.3,-3.9,106.6,-4.6,0.28,98.1,108.9,-1.5,108.1,-2.3,0.7,0.524,0.7,SF,0,20.46,79.25,221,Michigan,2,1,0.811,69.6,58.3,21.82,10.55,106.5,89.2,37,37,1,29.6,5.1,11,0.462,1.5,3.9,0.392,3.1,4.1,0.773,4.3,1.2,5.4,0.8,0.7,0.5,1.2,2.1,14.8,21.4,0.573,0.351,0.369,486,4.6,16.1,10.5,6.1,1.5,1.7,8.8,26.1,2.8,2.7,5.5,0.201,5.3,3.7,8.9,6.9,14.9,2,5.2,4.2,5.5,1.6,5.8,7.3,1.1,0.9,0.7,1.7,2.9,20,10.5,22.7,3.1,8,6.5,8.4,2.4,8.8,11.2,1.7,1.5,1,2.6,4.4,30.6,113.1,91,3,64,1,13.1,1.9,4.6,0.416,0.6,1.9,0.315,1.3,2.6,0.491,0.483,0.5,0.8,0.686,0.6,1.3,1.9,0.9,0.2,0.1,0.5,1.1,5,1.562,0.667,0.279,0.017,24.009,-1.9,1.6,81.25,1.025,2.789
3,39.82,24.02,Terance Mann,2019,48,LAC,LAC,1,0.585,115.1,3.9,114.3,3.1,1.09,101.7,112.4,2,111.5,1.1,0.8,0.524,0.8,"SG,SF",0,22.68,78.5,205,Florida State,1,4,0.784,74.9,67.2,17.99,10.26,106.3,95.3,37,36,0.973,31.7,4,7.9,0.505,0.8,2.1,0.39,2.6,3.4,0.79,4,2.5,6.5,2.5,0.7,0.3,1.8,2.2,11.4,18.9,0.603,0.265,0.426,450,9.1,14.3,11.7,15.6,1.2,1.2,15.7,17.5,3.2,1.9,5.1,0.174,4.9,2.8,7.7,5,9.9,1,2.6,3.3,4.2,3.1,5,8.2,3.2,0.9,0.4,2.2,2.8,14.4,7.2,14.3,1.5,3.8,4.8,6.1,4.5,7.3,11.8,4.6,1.2,0.6,3.2,4.1,20.7,122.5,99.7,6,412,169,22.1,3.1,6.2,0.502,0.8,2.1,0.372,2.3,4,0.571,0.567,1.1,1.4,0.781,1,2.5,3.5,1.9,0.6,0.2,0.8,1.9,8.1,41.019,1.389,0.625,0.009,24.009,1.7,1.3,79.75,1.016,2.611
0,2.47,0.91,Quinndary Weatherspoon,2019,49,SAS,SAS,4,0.585,111.7,0.5,110,-1.2,1.8,98.3,112.9,2.5,111.2,0.8,1.7,0.549,1.7,SG,0,22.79,76.25,207,Mississippi State,0,4,0.676,77.3,70.4,15.96,9.07,111.9,102,34,34,1,34,6.3,12.3,0.508,1.6,4.1,0.396,4.4,5.4,0.809,3.4,1.3,4.7,2.8,1.7,0.3,2.9,2.1,18.5,24,0.622,0.332,0.437,595,4.7,11.6,8.2,16.6,2.9,1,16.4,26.1,4,1.4,5.4,0.185,6,2.1,8.1,7.4,14.5,1.9,4.8,5.1,6.3,1.6,3.9,5.5,3.3,2,0.3,3.4,2.5,21.7,10.7,21.1,2.8,7,7.5,9.2,2.3,5.7,8,4.8,2.9,0.5,5,3.6,31.7,119.3,104.3,3,42,0,6.5,0.8,1.7,0.452,0.1,0.4,0.188,0.7,1.4,0.526,0.473,0.5,0.5,0.826,0.1,0.6,0.8,0.6,0.3,0.1,0.4,1,2.1,0,0.966,0.382,0.009,24.699,-1.7,2.3,81,1.062,2.715
0,2.96,1.21,Jarrell Brantley,2019,50,IND,UTA,1,0.61,111.7,0.5,106.5,-4.7,5.28,100.3,110.9,0.5,105.7,-4.7,5.2,0.659,5.2,"SF,PF",0,23.05,79,255,College of Charleston,0,4,0.727,74.3,68.6,2.36,-2.95,111.3,102.8,33,33,1,34,7.2,13.9,0.517,1.2,3.5,0.328,3.9,4.9,0.785,6.7,1.7,8.4,2.4,1.4,0.9,2.6,2.7,19.4,28.2,0.598,0.253,0.356,623,6.6,24.2,15.6,15.9,2.5,3.3,13.7,30,3.9,1.9,5.8,0.207,4.2,0.9,5.1,8.5,16.3,1.4,4.1,4.6,5.8,2,7.9,9.9,2.9,1.6,1,3,3.2,22.8,12.8,24.7,2,6.2,6.9,8.8,3.1,11.8,14.9,4.3,2.5,1.6,4.6,4.8,34.4,115.7,98.8,3,41,0,6.7,1,2.3,0.457,0.5,1.2,0.38,0.6,1.1,0.545,0.559,0.1,0.1,0.833,0.3,1,1.3,0.7,0.2,0.2,0.4,0.7,2.7,0,0.923,0.254,0.026,28.465,0.3,2.6,85,1.076,3.228
0,11.85,6.71,Tremont Waters,2019,51,BOS,BOS,4,0.598,112.4,1.2,108,-3.2,3.9,99.6,112.2,1.8,107.8,-2.6,4.4,0.634,4.4,PG,0,21.45,70.75,172,LSU,2,2,0.8,80.4,73.1,16.5,9.15,111.1,100.9,33,29,0.879,32.4,5.2,12.1,0.43,1.7,5.2,0.327,3.2,3.9,0.813,2.5,0.3,2.8,5.8,2.9,0.1,3.5,1.9,15.3,21.8,0.547,0.428,0.32,537,1.1,8.6,4.8,34,5.1,0.4,19.8,25.7,2.4,1.7,4.2,0.156,5.2,3.7,8.9,6.4,15,2.1,6.4,3.9,4.8,0.4,3.1,3.4,7.2,3.6,0.1,4.3,2.4,18.8,9.1,21.2,3,9,5.5,6.8,0.5,4.3,4.9,10.2,5.1,0.2,6,3.4,26.7,109,99.7,3,40,4,10.2,1.3,3.7,0.354,0.5,1.8,0.296,0.8,1.9,0.408,0.425,0.6,0.6,0.96,0.1,0.8,0.9,2.1,0.8,0.1,1.2,0.9,3.7,10,1.657,0.12,0.003,24.383,-0.4,3.7,74.25,1.049,2.431
0,20.14,11.84,Jalen McDaniels,2019,52,CHO,CHO,0,0.476,110.7,-0.5,111.8,0.6,-1.32,98.7,111.4,1,112.5,2.1,-1.1,0.463,-1.1,SF,1,21.4,81.75,192,San Diego State,2,2,0.618,71.7,67.4,5.29,2.47,104.1,97.9,34,34,1,31,6.2,13.4,0.466,0.7,2.2,0.32,2.7,3.7,0.732,6.3,2,8.3,2.1,1.1,0.5,2.4,2.9,15.9,20.7,0.525,0.165,0.279,515,7.3,22.6,15.1,16.2,2.1,1.8,13.7,28.7,1.8,2.2,4,0.151,1.7,1.6,3.3,8,17.3,0.9,2.8,3.5,4.8,2.5,8.1,10.7,2.7,1.4,0.6,3.1,3.8,20.5,11.7,25.1,1.3,4.1,5.1,7,3.7,11.8,15.5,4,2.1,0.9,4.5,5.5,29.8,103.9,95.1,6,252,45,18.1,2.5,5.6,0.449,0.7,2.1,0.322,1.8,3.5,0.527,0.511,1,1.3,0.777,0.7,2.6,3.3,1.2,0.7,0.3,0.9,1.9,6.7,17.857,0.875,0.317,0.016,20.34,-1.3,2,84.25,1.031,2.349
5,28.25,16.86,Onyeka Okongwu,2020,6,ATL,ATL,3,0.299,111.8,0,119.7,7.9,-7.71,103,107.2,-3.4,114.8,4.2,-7.6,0.269,-7.9,C,0,19.54,81,245,USC,2,1,0.71,70.3,66,11.51,7.22,99.3,93.2,28,28,1,30.6,6.3,10.1,0.616,0,0.1,0.25,3.7,5.1,0.72,5.4,3.3,8.6,1.1,1.2,2.7,2,2.7,16.2,31.1,0.645,0.014,0.504,418,12.4,18.4,15.5,8.4,2.3,9.8,13.7,23.6,3.2,2.1,5.4,0.251,6.7,4.9,11.6,8.2,13.2,0,0.2,4.8,6.7,4.3,7,11.3,1.4,1.6,3.5,2.6,3.5,21.2,11.7,18.9,0.1,0.3,6.9,9.5,6.1,10,16.1,2,2.3,5.1,3.7,5,30.2,122.8,88.5,5,307,76,22.5,3.8,6.3,0.614,0.2,0.8,0.322,3.6,5.5,0.655,0.634,1.7,2.3,0.755,2.5,4.2,6.7,1.3,0.7,1.1,0.9,2.8,9.6,24.756,0.55,0.611,0.088,26.157,2.7,5.1,86,1.062,3.025
0,3.04,1.26,Marial Shayok,2019,54,PHI,PHI,1,0.622,115.2,4,112.5,1.3,2.25,101.6,112.6,2.2,110,-0.4,2.6,0.585,2.7,SG,0,23.92,77.5,197,Iowa State,0,5,0.657,76.9,68.1,18.07,9.3,112.7,99.9,34,34,1,32.9,6.7,13.6,0.496,2.1,5.4,0.386,3.2,3.6,0.878,3.5,1.4,4.9,2,0.9,0.2,2.7,2.1,18.7,22.5,0.612,0.398,0.266,577,5.1,11.6,8.6,12.2,1.7,0.8,14.9,28.2,3.3,1.3,4.7,0.166,5.8,0.6,6.4,8.2,16.5,2.5,6.6,3.9,4.4,1.7,4.3,6,2.4,1.1,0.3,3.3,2.5,22.8,12,24.2,3.7,9.7,5.7,6.5,2.5,6.3,8.8,3.5,1.7,0.4,4.8,3.7,33.4,114,104.1,1,4,0,7,0.8,3,0.25,0.5,1.5,0.333,0.3,1.5,0.167,0.333,0.8,1,0.75,0.3,1.5,1.8,0.3,0,0.3,0.8,1,2.8,0,0.741,0.4,0.006,22.702,1.6,1.4,84.25,1.087,2.542
0,3.12,1.31,Kyle Guy,2019,55,NYK,SAC,0,0.476,114.2,3,115.3,4.1,-0.81,103.1,110.4,0,111.5,1.1,-1.1,0.463,-1.1,"SG,PG",0,21.87,74.25,168,Virginia,2,3,0.921,71.4,56.1,25.46,10.15,116.3,91.3,38,38,1,35.4,5.2,11.6,0.449,3.2,7.4,0.426,1.8,2.2,0.833,3.8,0.7,4.5,2.1,0.7,0.1,1.4,1,15.4,20.4,0.609,0.639,0.19,521,2.7,12.6,7.9,11.9,1.3,0.2,9.9,22.7,4.2,2.6,6.8,0.201,7.6,2.6,10.2,5.9,13.1,3.6,8.4,2.1,2.5,0.8,4.3,5.1,2.3,0.8,0.1,1.6,1.2,17.4,9.7,21.6,5.9,13.8,3.4,4.1,1.3,7,8.4,3.8,1.3,0.1,2.6,1.9,28.7,121.6,96.4,3,53,0,8.1,1.1,3,0.361,0.5,1.7,0.303,0.6,1.3,0.435,0.446,0.5,0.6,0.75,0.2,0.8,1,0.9,0.2,0,0.5,0.6,3.1,0,1.5,0.184,0.003,22.352,3.1,0.9,76.5,1.03,2.263
0,1,0,Jaylen Hands,2019,56,LAC,LAC,1,0.585,115.1,3.9,114.3,3.1,1.09,101.7,112.4,2,111.5,1.1,0.8,0.524,0.8,"PG,SG",0,20.36,75,180,UCLA,3,2,0.515,78.2,77.8,7.17,6.78,104.9,104.4,33,33,1,31.2,4.8,11.6,0.413,2,5.4,0.373,2.6,3.3,0.78,3.3,0.4,3.7,6.1,1.3,0.2,3.2,1.2,14.2,18.5,0.537,0.462,0.285,514,1.3,10.5,6.1,36.5,2.3,0.5,19.5,24.6,2,1,3,0.117,4.1,0.5,4.6,6.1,14.9,2.6,6.9,3.3,4.2,0.5,4.2,4.7,7.8,1.7,0.2,4.1,1.6,18.2,8.3,20.2,3.5,9.3,4.5,5.8,0.6,5.8,6.4,10.6,2.3,0.3,5.5,2.1,24.6,107.1,106.7,0,0,0,0,0,0,0,0,0,0,0,0,0,0,0,0,0,0,0,0,0,0,0,0,0,0,0,1.906,0.121,0.006,22.438,1.7,1.9,77.5,1.033,2.4
0,3.1,1.3,Jordan Bone,2019,57,NOP,ORL,3,0.512,107.3,-3.9,106.6,-4.6,0.28,98.1,108.9,-1.5,108.1,-2.3,0.7,0.524,0.7,PG,0,21.63,74.75,179,Tennessee,2,3,0.838,82,69.7,21.55,10.16,116.1,98.7,37,37,1,32.9,5,10.8,0.465,1.4,3.8,0.355,2.1,2.5,0.835,2.7,0.5,3.2,5.8,0.7,0.1,2,1.3,13.5,18.9,0.562,0.353,0.228,545,1.9,8.5,5.5,30.3,1.2,0.4,14.3,21.3,3.5,1.3,4.8,0.158,5.3,0.8,6,6.1,13.1,1.6,4.6,2.5,3,0.6,3.2,3.9,7.1,0.9,0.1,2.4,1.6,16.3,8.8,18.9,2.4,6.7,3.6,4.3,0.9,4.7,5.6,10.2,1.2,0.2,3.5,2.3,23.5,118.1,105.2,2,24,0,10.4,1.2,3.1,0.378,0.5,1.8,0.286,0.7,1.3,0.5,0.459,0,0,0,0.2,1,1.2,1.1,0.1,0,0.2,0.7,2.8,0,2.9,0.185,0.003,22.438,-1.9,1,75.25,1.007,2.395
0,3.51,1.55,Miye Oni,2019,58,GSW,UTA,1,0.61,111.7,0.5,106.5,-4.7,5.28,100.3,110.9,0.5,105.7,-4.7,5.2,0.659,5.2,"SG,SF",0,21.89,77.75,206,Yale,0,3,0.733,80.9,73.4,5.52,-1.24,109.7,99.5,29,28,0.966,31,5.8,13.1,0.441,1.9,5.2,0.371,3.7,4.7,0.793,5.6,0.7,6.3,3.6,0.9,1.3,2.6,2.7,17.1,22,0.561,0.398,0.356,485,2.6,18.6,11.3,20.9,1.6,4.3,14.5,28.4,2.1,1.6,3.7,0.165,3.3,0.9,4.2,7.4,16.9,2.5,6.7,4.8,6,0.8,7.3,8.1,4.6,1.2,1.6,3.3,3.5,22.1,10.2,23.2,3.4,9.2,6.5,8.3,1.2,10,11.1,6.3,1.6,2.3,4.6,4.8,30.4,109,98.4,3,80,1,8.4,0.6,1.8,0.35,0.5,1.4,0.33,0.1,0.3,0.44,0.486,0.1,0.2,0.75,0.4,1,1.4,0.5,0.2,0.1,0.3,1,1.8,1.25,1.385,0.125,0.042,24.232,0.3,2.8,82.75,1.064,2.65
0,3.02,1.25,Dewan Hernandez,2019,59,TOR,TOR,4,0.707,114.4,3.2,108.4,-2.8,5.49,100.2,113.1,2.7,107.1,-3.3,6,0.683,6,C,0,22.54,82.25,233,Miami (FL),2,2,0.688,73.8,67.9,12.83,6.96,107.9,99.4,32,32,1,25.8,4.6,8,0.576,0,0.1,0,2.2,3.2,0.689,4.6,2,6.7,0.4,0.5,1,1.4,1.9,11.4,22.1,0.6,0.012,0.404,339,9.3,20.8,15.1,3.4,1.1,4.1,12.6,21.7,2,1.5,3.5,0.169,2.7,1.8,4.5,7.1,12.4,0,0.1,3.4,5,3.2,7.2,10.3,0.7,0.8,1.5,2.1,2.9,17.7,10.5,18.2,0,0.2,5.1,7.4,4.6,10.6,15.2,1,1.1,2.2,3.1,4.3,26.1,116.5,98.9,1,6,0,4.7,0.8,2.3,0.357,0.2,0.3,0.5,0.7,2,0.333,0.393,0.5,0.8,0.6,0.8,1.5,2.3,0.5,0.2,0,0.5,1,2.3,0,0.286,0.435,0.039,23.809,0.2,2.3,85.75,1.043,2.833
7,92.66,56.71,Anthony Edwards,2020,1,MIN,MIN,2,0.297,113.2,1.4,117.5,5.7,-4.01,103.4,108.1,-2.5,112.2,1.6,-4.1,0.375,-4.3,SG,0,18.89,77,225,Georgia,1,1,0.5,75.9,75.6,8.28,8.06,103.7,103.3,32,32,1,33,6.3,15.8,0.402,2.3,7.7,0.294,4.1,5.3,0.772,4.5,0.8,5.2,2.8,1.3,0.6,2.7,2.2,19.1,20.8,0.52,0.485,0.339,573,2.5,14.8,8.7,17.9,2.3,1.7,12.9,30.4,2.5,1.1,3.6,0.136,4.8,0.7,5.5,7.7,19.1,2.7,9.3,5,6.5,0.9,5.4,6.3,3.4,1.6,0.7,3.3,2.6,23.1,10.7,26.5,3.8,12.9,6.9,9,1.3,7.5,8.8,4.8,2.3,0.9,4.6,3.7,32.1,105.8,103.6,5,381,363,34.8,8.4,18.8,0.446,2.9,8,0.364,5.5,10.8,0.507,0.524,4.2,5.2,0.804,0.7,4.6,5.3,4.2,1.3,0.6,2.9,2,23.9,95.276,1.037,0.178,0.018,26.551,3.1,2.3,81,1.052,2.922
0,37.48,22.57,James Wiseman,2020,2,GSW,DET,1,0.303,107.2,-4.6,110.8,-1,-4.38,97.6,109,-1.6,112.7,2.1,-3.6,0.394,-3.6,C,0,19.24,85,237,Memphis,1,1,0.677,72,64.9,12.16,5.07,97.7,88.1,3,3,1,23,6.7,8.7,0.769,0,0.3,0,6.3,9,0.704,6.3,4.3,10.7,0.3,0.3,3,1,1.7,19.7,52.7,0.76,0.038,1.038,48,21.8,26.5,24.4,4.4,0.8,13.6,7.2,29.1,0.5,0.2,0.7,0.434,13.1,4.9,18,11.6,15.1,0,0.6,11,15.7,7.5,11,18.6,0.6,0.6,5.2,1.7,2.9,34.2,15.9,20.6,0,0.8,15.1,21.4,10.3,15.1,25.4,0.8,0.8,7.1,2.4,4,46.8,149.8,80.8,4,148,55,18.9,3.8,6.9,0.56,0.1,0.4,0.262,3.7,6.5,0.579,0.568,1.3,1.9,0.683,1.6,4,5.6,0.7,0.2,0.7,1.2,2.5,9.1,37.162,0.3,0.683,0.13,23.148,-2.7,5.8,90,1.059,2.788
3,17.1,9.96,Obi Toppin,2020,8,NYK,NYK,2,0.318,105.8,-6,112.3,0.5,-6.72,98.6,106.5,-4.1,113,2.4,-6.5,0.303,-6.5,"SF,PF",1,22.31,81,220,Dayton,1,2,0.935,80,64.5,19.17,3.69,116.4,93.9,31,31,1,31.6,7.9,12.5,0.633,1,2.6,0.39,3.2,4.5,0.702,6.4,1.2,7.5,2.2,1,1.2,2.2,1.6,20,32.5,0.684,0.212,0.364,540,5.2,22,14.5,14.5,1.8,4.1,13,28.1,4.5,2.3,6.8,0.279,9,3.3,12.3,10,15.8,1.3,3.3,4,5.7,1.5,8,9.5,2.7,1.2,1.5,2.8,2.1,25.3,14.7,23.2,1.9,4.9,5.9,8.5,2.2,11.8,14,4,1.8,2.3,4.1,3.1,37.3,125.3,90.3,5,362,47,17.2,3.3,6.3,0.523,1,2.9,0.355,2.3,3.4,0.667,0.605,0.9,1.1,0.771,0.7,2.7,3.4,1.2,0.4,0.4,0.7,1.3,8.5,12.983,1,0.187,0.038,23.329,-1.7,2.7,86,1.062,2.716
0,1,0,Alex Oriakhi,2013,57,PHO,PHO,0,0.305,95.2,-2.9,101.6,3.5,-5.75,93.4,101.2,-4.6,108.1,2.3,-6.9,0.28,-6.4,C,0,23.01,81,250,Missouri,1,4,0.676,76.1,66.7,15.42,6.01,110.7,97,34,34,1,25.8,4.1,6.4,0.639,0,0,0,3.1,4.2,0.746,5.3,3.1,8.4,0.4,0.6,1.6,1.4,2.3,11.2,27.2,0.674,0,0.657,361,14.1,23.7,18.9,2.6,1.3,6.4,14.2,18.5,3.4,1.6,5.1,0.23,5.7,2.7,8.4,6.3,9.8,0,0,4.8,6.5,4.8,8.2,13,0.5,0.9,2.5,2.1,3.6,17.4,9.2,14.4,0,0,7.1,9.5,7.1,12,19.1,0.8,1.3,3.6,3.1,5.3,25.5,131.6,94.1,0,0,0,0,0,0,0,0,0,0,0,0,0,0,0,0,0,0,0,0,0,0,0,0,0,0,0,0.286,0.585,0.062,24.036,1.4,3.4,87,1.074,3.086
7,87.97,53.81,Brandon Ingram,2016,2,LAL,LAL,2,0.207,97.3,-5.4,106.9,4.2,-8.92,95.6,101.6,-4.8,111.6,5.2,-10,0.207,-9.6,"SF,PF",0,18.81,81,195,Duke,4,1,0.694,81.1,72.5,19.23,10.59,117.7,105.2,36,34,0.944,34.6,5.9,13.4,0.442,2.2,5.4,0.41,3.2,4.7,0.682,4.9,1.9,6.8,2,1.1,1.4,2,2.1,17.3,22.5,0.552,0.403,0.351,591,6,15.5,10.8,11.4,1.9,3.6,11.3,25.5,3.4,1.5,4.9,0.157,6,2,8,6.9,15.5,2.6,6.3,3.7,5.5,2.2,5.7,7.8,2.3,1.3,1.6,2.3,2.4,20,10,22.7,3.8,9.1,5.4,8,3.1,8.3,11.4,3.4,1.9,2.3,3.4,3.5,29.3,114.8,104.4,9,495,456,33,7.1,15.2,0.468,1.4,3.8,0.363,5.7,11.4,0.503,0.513,3.9,4.9,0.788,0.7,4.5,5.2,4.3,0.7,0.6,2.6,2.4,19.5,92.121,1,0.388,0.04,20.266,-0.2,2.9,87,1.074,2.407
0,2.52,0.94,Vernon Macklin,2011,52,DET,DET,1,0.366,97,-2.6,100.6,1,-3.78,89.2,107.7,0.4,111.7,4.4,-4,0.378,-3.6,C,0,24.76,81,245,Florida,2,5,0.784,72.1,63.4,16.27,7.57,110.3,96.9,37,35,0.946,24.5,5.2,8.7,0.593,0,0,0,1.2,2.8,0.451,3.2,2.2,5.4,0.8,0.4,0.7,1.7,2.5,11.6,22.2,0.578,0,0.317,382,10.9,15,13,7.7,0.9,3.1,14.5,25.1,2.2,1.4,3.6,0.16,3.1,1.4,4.5,8.4,14.2,0,0,2,4.5,3.6,5.2,8.8,1.3,0.6,1.1,2.8,4,18.9,13.2,22.3,0,0,3.2,7.1,5.7,8.1,13.8,2.1,0.9,1.8,4.4,6.3,29.6,110,98.5,1,23,0,5.9,0.8,1.5,0.543,0,0,0,0.8,1.5,0.543,0.543,0.3,0.6,0.571,0.6,0.9,1.5,0.2,0.2,0.2,0.1,0.4,2,0,0.471,0.688,0.029,26.157,-2.9,1.7,88,1.086,3.025
0,23.79,14.1,Jalen Smith,2020,10,PHO,IND,3,0.616,109.4,-2.4,107.5,-4.3,1.63,98.9,110,-0.6,108,-2.6,2,0.562,1.9,"C,PF",0,20.28,82.25,225,Maryland,1,2,0.774,71.8,64.5,17.82,10.5,106,95.2,31,31,1,31.3,5.4,10.1,0.538,1,2.8,0.368,3.6,4.8,0.75,7.3,3.2,10.5,0.8,0.7,2.4,1.7,2.4,15.5,29.3,0.626,0.279,0.474,444,11.5,25.6,18.6,6,1.3,8.2,12.2,22.8,3.6,2.4,6,0.249,7.7,4.3,12,6.9,12.9,1.3,3.6,4.6,6.1,4.1,9.4,13.4,1,0.9,3,2.2,3,19.8,10.2,19,1.9,5.3,6.8,9,6,13.8,19.8,1.5,1.3,4.4,3.2,4.4,29.2,123.9,88.9,5,271,56,16.1,3.2,6.3,0.505,0.9,2.6,0.332,2.3,3.7,0.624,0.572,1.2,1.6,0.754,1.6,3.7,5.3,0.8,0.3,0.7,0.7,1.8,8.5,20.664,0.471,0.438,0.077,23.576,-1.4,3.9,86.25,1.049,2.736
0,8.08,4.38,Josh Harrellson,2011,45,NOH,NYK,2,0.512,106.5,6.9,105.7,6.1,0.48,95.6,110.9,3.6,110.1,2.8,0.8,0.524,0.8,"C,PF",0,22.36,82,275,Kentucky,4,3,0.763,74.9,63.5,20.3,8.91,112.8,95.6,38,38,1,28.5,3.3,5.5,0.611,0.1,0.3,0.2,0.9,1.5,0.589,5,3.7,8.7,0.8,0.9,1.5,0.7,2.4,7.6,22.3,0.616,0.048,0.269,324,15.2,18.9,17.1,5.1,2,5.2,10.7,12.5,3.2,2.3,5.5,0.204,4.9,3.8,8.7,4.7,7.7,0.1,0.4,1.2,2.1,5.2,7,12.2,1.1,1.3,2.1,1,3.4,10.7,7.1,11.6,0.1,0.6,1.8,3.1,7.8,10.5,18.4,1.7,2,3.2,1.6,5.1,16.1,134.3,92.6,3,75,4,11.8,1.4,3.2,0.438,0.4,1.3,0.347,1,1.9,0.497,0.506,0.3,0.5,0.629,1.1,2,3,0.3,0.4,0.5,0.4,1.3,3.5,5.333,1.143,0.74,0.053,28.661,3.5,3.4,82,1,3.354
7,77.15,47.11,Domantas Sabonis,2016,11,ORL,IND,3,0.549,102.2,-0.5,100.5,-2.2,1.62,96.6,104.6,-1.8,102.9,-3.5,1.7,0.561,1.7,"C,PF",1,20.15,82,235,Gonzaga,3,2,0.778,78.9,65.6,16.92,4.23,115.4,95.9,36,31,0.861,31.9,6.6,10.9,0.611,0.1,0.4,0.357,4.2,5.4,0.769,8.8,3.1,11.8,1.8,0.6,0.9,2.6,3.2,17.6,29.3,0.654,0.036,0.499,616,11.7,28.3,20.7,11.3,1.1,2.7,16,25.5,4.6,2.8,7.5,0.26,5.7,2.5,8.2,8.3,13.6,0.2,0.5,5.2,6.8,3.8,11,14.8,2.2,0.8,1.1,3.2,4,22,12.2,20,0.3,0.7,7.7,10,5.6,16.2,21.8,3.3,1.1,1.6,4.7,5.9,32.4,124.7,91.2,9,646,506,30.8,6.3,11.2,0.56,0.5,1.4,0.347,5.8,9.9,0.59,0.581,3,4.1,0.729,2.7,7.9,10.7,4.9,0.8,0.5,2.6,3.1,16.1,78.328,0.692,0.352,0.028,24.038,0.8,1.9,82.5,1.006,2.866
0,4.52,2.18,Kira Lewis Jr.,2020,13,NOP,NOP,0,0.417,115.8,4,117.1,5.3,-0.55,103.7,110.7,0.1,111.9,1.3,-1.2,0.458,-1.3,PG,0,19.22,75,180,Alabama,3,2,0.516,82,79,11.12,8.12,106,102.2,31,31,1,37.6,6.6,14.5,0.459,1.8,4.9,0.366,3.4,4.2,0.802,3.9,0.8,4.8,5.2,1.8,0.6,3.5,2.6,18.5,19.8,0.56,0.341,0.292,593,2.3,10.6,6.5,27.7,2.5,1.5,17.7,24.3,2.9,1.2,4.1,0.142,3.7,1.7,5.5,7.1,15.4,1.9,5.2,3.6,4.5,0.9,4.2,5.1,5.6,1.9,0.6,3.8,2.8,19.6,9.3,20.2,2.5,6.9,4.7,5.9,1.2,5.5,6.7,7.3,2.5,0.8,5,3.6,25.8,109.8,103.5,4,131,0,13.3,2,5.1,0.397,0.5,1.9,0.294,1.5,3.2,0.457,0.451,0.7,0.8,0.848,0.3,1,1.3,1.8,0.5,0.1,0.6,1.1,5.2,0,1.486,0.205,0.016,20.499,3.4,2.5,77,1.027,2.4
0,7.47,4,Mitch McGary,2014,21,OKC,OKC,4,0.72,106.2,5.2,99.8,-1.2,6.66,95.4,110.5,3.9,103.9,-2.7,6.6,0.707,6.4,"PF,C",0,22.05,82,255,Michigan,2,2,0.757,73.9,65.1,18.52,9.65,117.5,103.4,8,4,0.5,24.8,3.8,6.9,0.545,0,0.3,0,2,3,0.667,5.4,2.9,8.3,1.5,1.9,0.8,1.6,3.1,9.5,26.2,0.572,0.036,0.436,84,15.5,27.1,21.5,12.6,4.9,3.2,16.4,22.5,0.5,0.5,1,0.208,3.7,4.9,8.6,6.1,11.1,0,0.4,3.2,4.8,4.6,8.7,13.3,2.4,3,1.2,2.6,5.1,15.4,9.7,17.8,0,0.6,5.2,7.8,7.4,13.9,21.3,3.9,4.9,1.9,4.2,8.1,24.6,116.3,91.3,2,52,2,10.7,1.9,3.6,0.527,0,0.1,0,1.9,3.5,0.544,0.527,0.6,1,0.58,1.1,2.4,3.5,0.3,0.3,0.3,0.7,1.6,4.4,3.846,0.938,0.537,0.032,26.581,1.5,4.2,84,1.024,3.11
3,41.25,24.9,Cole Anthony,2020,15,ORL,ORL,3,0.452,107.3,-4.5,108.3,-3.5,-0.93,98.6,108.5,-2.1,109.5,-1.1,-1,0.466,-1,PG,1,20.11,75,184,UNC,4,1,0.424,72.2,72.8,9.45,10.05,101.1,101.9,22,20,0.909,34.9,6,15.7,0.38,2.2,6.4,0.348,4.4,5.8,0.75,5.2,0.5,5.7,4,1.3,0.3,3.5,2.9,18.5,17.5,0.501,0.409,0.371,383,1.4,16.4,8.7,24.1,2.1,0.9,15.9,30,1.2,0.9,2.1,0.108,3.3,1.8,5.1,6.8,18,2.6,7.3,5,6.7,0.5,6,6.5,4.6,1.5,0.3,4,3.3,21.2,9.7,25.5,3.6,10.4,7.1,9.5,0.7,8.5,9.3,6.5,2.1,0.4,5.7,4.7,30.1,99.9,102.4,5,320,125,24.8,4.4,10.6,0.419,1.4,3.9,0.345,3.1,6.6,0.463,0.483,2.3,2.8,0.847,0.7,3.6,4.3,3.8,0.7,0.4,1.9,2.4,12.5,39.062,1.143,0.096,0.009,23.823,-1.7,1.8,75.5,1.007,2.453
3,55.53,33.74,Isaiah Stewart,2020,16,POR,DET,1,0.303,107.2,-4.6,110.8,-1,-4.38,97.6,109,-1.6,112.7,2.1,-3.6,0.394,-3.6,"C,PF",0,19.09,80.5,243,Washington,0,1,0.469,70.6,66.4,12.41,8.25,99.7,93.9,32,32,1,32.2,6,10.5,0.57,0.2,0.6,0.25,4.8,6.2,0.774,6,2.8,8.8,0.8,0.5,2.1,2.2,2.6,17,26.9,0.629,0.059,0.591,510,10.7,19.5,15.5,6.3,0.9,7,14.1,24.5,3.7,2,5.7,0.222,5,2.4,7.4,7.4,13.1,0.2,0.8,6,7.7,3.4,7.5,10.9,1,0.7,2.6,2.8,3.3,21.1,10.6,18.6,0.3,1.1,8.5,11,4.9,10.7,15.5,1.5,0.9,3.6,3.9,4.6,30,119.7,93.6,5,307,181,24.6,3.4,6.6,0.507,0.6,1.8,0.345,2.8,4.9,0.566,0.553,1.2,1.7,0.733,2.3,4.8,7.1,1.3,0.4,1.1,1.2,2.6,8.6,58.958,0.364,0.467,0.065,26.628,-2.7,3.3,88.75,1.102,3.019
3,41.42,25.01,Josh Green,2020,18,DAL,DAL,3,0.573,117,5.2,112.1,0.3,4.87,99.3,116.7,6.1,111.7,1.1,4.9,0.653,4.9,SG,0,19.61,77.5,214,Arizona,3,1,0.656,76.4,65.3,19.49,8.39,107.9,92.2,30,30,1,30.9,4.1,9.6,0.424,1,2.8,0.361,2.8,3.6,0.78,3.3,1.3,4.6,2.6,1.5,0.4,1.6,2.4,12,17.9,0.528,0.288,0.378,360,4.8,11.9,8.4,16,2.8,1.6,12.6,20.7,2,1.9,3.8,0.166,2.8,4.1,6.9,5.3,12.4,1.3,3.6,3.7,4.7,1.7,4.2,5.9,3.4,2,0.6,2.1,3.2,15.5,7.5,17.7,1.8,5.1,5.2,6.7,2.4,6,8.4,4.8,2.8,0.8,3,4.5,22.1,110.4,93.3,5,291,129,22,2.5,5.2,0.482,0.9,2.4,0.38,1.6,2.8,0.57,0.57,0.7,1,0.687,0.8,1.9,2.7,1.5,0.8,0.2,0.9,2,6.7,44.33,1.625,0.394,0.013,24.232,-1,2.6,81.75,1.055,2.761
7,84.66,51.76,Ben Simmons,2016,1,PHI,PHI,1,0.122,97.4,-5.3,107.6,4.9,-9.92,97.9,98.8,-7.6,109.2,2.8,-10.4,0.195,-10.2,PG,0,19.93,82,240,LSU,2,1,0.576,78.8,77.1,8.79,7,107.3,104.9,33,32,0.97,34.9,6.5,11.7,0.56,0,0.1,0.333,6,9,0.67,8.6,3.1,11.8,4.8,2,0.8,3.4,2.8,19.2,29,0.6,0.008,0.769,674,9.6,26.8,18.2,27.4,3.1,2.5,17.4,26.4,3.9,2.1,6,0.207,7,3.3,10.3,7.5,13.4,0,0.1,6.9,10.3,3.6,9.9,13.5,5.5,2.3,0.9,3.9,3.2,22,10.3,18.4,0,0.1,9.5,14.2,4.9,13.6,18.5,7.5,3.1,1.3,5.3,4.4,30.1,117.2,98.4,7,383,344,31.1,5.4,9.7,0.558,0,0.1,0.139,5.4,9.6,0.562,0.559,2.3,3.8,0.592,1.7,5.7,7.4,7.2,1.5,0.7,3,2.8,13.1,89.817,1.412,0.36,0.023,23.576,2.1,3.2,84,1.024,2.927
3,25.03,14.87,Precious Achiuwa,2020,20,MIA,TOR,4,0.736,112.8,1,106.5,-5.3,5.97,100.9,111.1,0.5,105,-5.6,6.1,0.694,6.3,"C,PF",0,20.77,80.75,234,Memphis,1,1,0.677,72,64.9,12.16,5.07,97.7,88.1,31,31,1,30.4,5.9,11.9,0.493,0.4,1.3,0.325,3.6,6,0.599,7.8,3,10.8,1,1.1,1.9,2.8,2.4,15.8,23.3,0.534,0.108,0.507,460,11.4,24.6,18.6,7.5,2,6.4,16,27.7,1.5,2.9,4.4,0.187,2.5,3.4,5.8,7.7,15.7,0.6,1.7,4.8,7.9,3.9,10.2,14.2,1.3,1.4,2.5,3.7,3.1,20.7,10.6,21.4,0.8,2.3,6.5,10.9,5.4,14,19.4,1.7,2,3.4,5,4.2,28.4,101.3,82.5,5,320,72,20,3.1,6.3,0.484,0.4,1.2,0.304,2.7,5.1,0.528,0.514,1,1.7,0.606,1.9,3.8,5.7,1,0.6,0.7,1,1.8,7.6,22.5,0.357,0.385,0.062,24.036,0.6,3.9,84.75,1.05,2.898
0,20.28,11.93,Jonah Bolden,2017,36,PHI,PHI,1,0.341,102.4,-3.2,108.1,2.5,-5.83,98.5,103.2,-5.6,108.9,0.1,-5.7,0.317,-5.7,"C,PF",0,21.48,82,220,,0,1,0.469,77.5,76.7,10.47,9.69,106.9,105.8,31,11,0.355,21.7,1.6,4,0.415,0.3,1.2,0.25,1.1,1.5,0.733,3.7,1.2,4.8,1.1,0.7,0.9,0.8,2.1,4.6,12.4,0.499,0.293,0.366,156,5.8,17.5,11.8,7.8,1.7,4.2,15.3,12.1,0.6,0.9,1.4,0.086,0.3,3.4,3.7,3,7.3,0.5,2.1,2,2.7,2.1,6.8,8.9,2,1.3,1.6,1.5,3.8,8.6,4.2,10.2,0.7,3,2.7,3.7,3,9.5,12.5,2.7,1.7,2.2,2.2,5.3,12,105.9,103.7,2,51,10,13.5,1.6,3.4,0.486,0.7,2,0.34,1,1.4,0.685,0.584,0.3,0.6,0.484,1,2.4,3.4,0.8,0.4,0.8,0.7,2.1,4.3,19.608,1.375,0.324,0.041,22.42,2.1,2.9,87,1.061,2.683
3,7.45,3.99,Zeke Nnaji,2020,22,DEN,DEN,3,0.63,111.3,-0.5,109.2,-2.6,2.35,97.1,113.1,2.5,111,0.4,2.1,0.562,2.1,"PF,C",0,19.46,82.5,247,Arizona,3,1,0.656,76.4,65.3,19.49,8.39,107.9,92.2,32,32,1,30.7,5.6,9.8,0.57,0.2,0.5,0.294,4.8,6.3,0.76,5.5,3.1,8.6,0.8,0.7,0.9,2.2,2.4,16.1,25.7,0.63,0.054,0.637,482,11.5,20.3,15.9,5.8,1.3,3.3,14.6,24.1,3.5,2.1,5.6,0.229,5.6,2.3,8,7.3,12.8,0.2,0.7,6.2,8.2,4,7.2,11.3,1.1,0.9,1.1,2.9,3.1,21,10.4,18.2,0.3,1,8.8,11.6,5.7,10.3,16,1.6,1.3,1.6,4.1,4.4,29.9,120.5,92.5,5,251,11,12,1.6,3.1,0.509,0.4,1.1,0.362,1.2,2,0.592,0.574,0.6,1,0.653,0.9,1.3,2.3,0.4,0.3,0.5,0.4,1.4,4.2,4.382,0.364,0.564,0.029,24.258,-3.2,2,86,1.042,2.994
3,34.52,20.74,Immanuel Quickley,2020,25,OKC,NYK,2,0.318,105.8,-6,112.3,0.5,-6.72,98.6,106.5,-4.1,113,2.4,-6.5,0.303,-6.5,"PG,SG",0,21.02,75,186,Kentucky,4,2,0.806,74.4,66.1,15.78,7.46,107.8,95.8,30,20,0.667,33,4.6,11,0.417,2.1,4.8,0.428,4.8,5.2,0.923,3.7,0.5,4.2,1.9,0.9,0.1,1.6,2.3,16.1,20.4,0.595,0.438,0.471,439,2.1,11.9,7.4,11.4,1.6,0.5,10.6,23.4,3.4,1.4,4.8,0.192,5.3,2,7.3,5.6,13.4,2.5,5.9,5.8,6.3,0.6,4.4,5.1,2.3,1.1,0.2,1.9,2.8,19.5,8.2,19.6,3.7,8.6,8.5,9.2,0.9,6.5,7.4,3.3,1.6,0.2,2.8,4.1,28.5,121.3,99.8,5,324,98,25.6,4.6,11,0.421,2.1,5.6,0.375,2.5,5.4,0.468,0.516,2.6,3.1,0.858,0.5,2.9,3.4,3.7,0.7,0.1,1.3,1.9,14,30.247,1.187,0.135,0.003,23.546,-1.7,1.3,80.25,1.07,2.48
3,11.05,6.22,Payton Pritchard,2020,26,BOS,BOS,4,0.667,113.7,1.9,107.3,-4.5,5.83,99.5,113.3,2.7,107,-3.6,6.3,0.694,6.4,"PG,SG",0,22.41,74,190,Oregon,2,4,0.774,75.9,66.7,18.22,9.09,111.7,98.2,31,31,1,36.6,7,14.9,0.468,2.8,6.8,0.415,3.7,4.5,0.821,3.6,0.7,4.3,5.5,1.5,0,2.7,2,20.5,27.1,0.601,0.459,0.303,640,2.3,11.5,7.1,31.5,2.5,0.1,13.9,28.2,5.3,1.4,6.7,0.235,9.2,1.9,11.1,7.6,16.3,3.1,7.5,4.1,4.9,0.7,4,4.7,6.1,1.7,0,3,2.2,22.4,11.5,24.6,4.7,11.3,6.1,7.5,1.1,6,7.1,9.2,2.5,0.1,4.5,3.3,33.9,122.9,101.5,5,347,17,20.2,3.3,7.3,0.454,1.9,4.8,0.399,1.4,2.5,0.556,0.584,0.5,0.6,0.856,0.8,2,2.7,2.5,0.5,0.1,0.8,1.2,9.1,4.899,2.037,0.194,0,24.332,-0.8,1.7,76,1.027,2.568
0,13.04,7.45,Udoka Azubuike,2020,27,UTA,UTA,1,0.611,111.3,-0.5,108.8,-3,2.52,98.6,112.3,1.7,109.9,-0.7,2.5,0.583,2.5,C,0,20.77,83.5,260,Kansas,4,4,0.903,74.6,60.7,24.96,11.63,109.4,89,31,30,0.968,27.7,5.8,7.8,0.748,0,0,0,2.1,4.7,0.441,7,3.5,10.5,0.9,0.5,2.6,2.5,2.4,13.7,31.3,0.685,0,0.599,397,15.3,26.9,21.5,7.1,1,10.9,19.6,22.9,2.9,2.6,5.5,0.254,7.2,5.2,12.4,8.4,11.3,0,0,3,6.8,5,10.1,15.1,1.4,0.7,3.7,3.5,3.5,19.8,12.4,16.6,0,0,4.4,9.9,7.3,14.9,22.2,2,1,5.5,5.2,5.1,29.2,118.2,82.9,4,84,10,8.6,1.4,1.8,0.758,0,0,0,1.4,1.8,0.758,0.758,0.3,0.6,0.444,0.8,2,2.8,0.2,0.1,0.4,0.4,1,3,11.905,0.36,0.5,0.094,26.891,-1.7,4.4,91.25,1.093,3.114
5,71.88,43.85,Jaden McDaniels,2020,28,LAL,MIN,2,0.297,113.2,1.4,117.5,5.7,-4.01,103.4,108.1,-2.5,112.2,1.6,-4.1,0.375,-4.3,"PF,SF",1,19.74,82,184,Washington,0,1,0.469,70.6,66.4,12.41,8.25,99.7,93.9,31,21,0.677,31.1,4.4,10.8,0.405,1.4,4.1,0.339,2.8,3.7,0.763,4.7,1.1,5.8,2.1,0.8,1.4,3.2,3.3,13,14.6,0.515,0.378,0.339,394,4.4,15.8,10.6,14.6,1.4,4.9,20.4,25.6,0.6,1.7,2.3,0.096,0.3,2.2,2.6,5.6,14,1.8,5.3,3.6,4.7,1.4,6.1,7.5,2.7,1,1.8,4.2,4.3,16.7,8,19.9,2.5,7.5,5.1,6.7,2,8.6,10.6,3.8,1.4,2.5,5.9,6.1,23.8,93.8,95.4,5,366,290,28.5,4.1,8.5,0.482,1.2,3.5,0.348,2.9,5,0.576,0.554,1,1.3,0.752,1.1,3.1,4.2,1.5,0.9,0.8,1.1,3,10.3,79.235,0.656,0.234,0.045,21.208,3.1,2.8,83.5,1.018,2.244
0,12.65,7.21,Malachi Flynn,2020,29,TOR,TOR,4,0.736,112.8,1,106.5,-5.3,5.97,100.9,111.1,0.5,105,-5.6,6.1,0.694,6.3,PG,0,22.13,73,185,San Diego State,2,4,0.938,74.8,59.5,18.38,3.92,113.3,90,32,32,1,33.4,5.8,13,0.441,2.4,6.4,0.373,3.8,4.4,0.857,3.8,0.6,4.5,5.1,1.8,0.1,1.8,1.8,17.6,27.7,0.583,0.489,0.336,580,2.3,13.3,8,30.7,3.2,0.4,10.5,26.8,4.9,2.5,7.4,0.278,7.6,4.1,11.7,6.9,15.6,2.8,7.6,4.5,5.2,0.7,4.6,5.3,6.1,2.1,0.1,2.1,2.1,21.1,10.4,23.6,4.3,11.5,6.8,7.9,1.1,7,8.1,9.2,3.2,0.2,3.2,3.2,31.9,124.5,90.3,5,217,21,14.2,2,5.1,0.387,0.9,2.6,0.333,1.1,2.5,0.443,0.472,0.7,0.9,0.747,0.3,1.5,1.7,1.9,0.6,0.1,0.7,1.1,5.5,9.677,2.833,0.158,0.003,24.251,0.6,2.2,75,1.027,2.534
0,2.54,0.95,Daniel Oturu,2020,33,MIN,LAC,1,0.681,116.3,4.5,109.9,-1.9,6.66,101.5,113.9,3.3,107.6,-3,6.3,0.694,6.4,C,0,20.76,82,240,Minnesota,0,2,0.484,71.1,66.3,16.39,11.55,104.9,97.7,31,31,1,33.9,7.7,13.6,0.563,0.6,1.7,0.365,4.1,5.8,0.707,7.5,3.7,11.3,1.1,0.5,2.5,2.8,2.7,20.1,30.7,0.612,0.123,0.428,562,12,23.3,17.8,7.9,1,7.1,14.7,28.8,3.7,2.2,5.9,0.226,7.7,3.4,11.1,9.1,16.1,0.7,2,4.9,6.9,4.4,8.9,13.3,1.3,0.6,2.9,3.4,3.2,23.7,13.5,23.9,1.1,2.9,7.2,10.2,6.6,13.2,19.8,1.9,1,4.3,5,4.7,35.3,115.1,92.9,2,33,0,5.7,0.8,1.8,0.431,0,0.2,0.167,0.7,1.6,0.462,0.44,0.4,0.5,0.706,0.7,0.9,1.6,0.3,0.1,0.3,0.3,0.8,1.9,0,0.393,0.493,0.074,24.963,1.2,3.5,87,1.061,2.927
0,1.81,0.5,Tyrell Terry,2020,31,DAL,DAL,3,0.573,117,5.2,112.1,0.3,4.87,99.3,116.7,6.1,111.7,1.1,4.9,0.653,4.9,PG,0,19.74,75,170,Stanford,0,1,0.625,69.5,62.5,13.35,6.38,100.3,90.3,31,31,1,32.6,4.7,10.7,0.441,2,4.9,0.408,3.2,3.5,0.891,4.1,0.4,4.5,3.2,1.4,0.1,2.6,2.1,14.6,19.3,0.589,0.456,0.33,447,1.4,14.4,8.3,20.3,2.5,0.2,17.5,24.5,2.3,2.3,4.5,0.179,3.4,2.7,6.1,5.8,13.2,2.5,6,3.9,4.4,0.4,5.1,5.5,3.9,1.7,0.1,3.2,2.5,18,8.5,19.2,3.6,8.8,5.6,6.3,0.6,7.4,8,5.7,2.5,0.1,4.7,3.7,26.2,108,91.3,2,13,0,4.5,0.5,1.3,0.353,0,0.5,0,0.5,0.8,0.6,0.353,0.1,0.2,0.333,0,0.5,0.5,0.5,0.4,0,0.2,0.2,1,0,1.231,0.098,0.003,21.037,-1,1.8,73.75,0.983,2.267
0,13.33,7.63,Vernon Carey Jr.,2020,32,CHO,CHO,0,0.354,102.9,-8.9,109.6,-2.2,-7.03,95.8,106.3,-4.3,113.3,2.7,-7,0.292,-6.7,C,0,19.33,82,265,Duke,4,1,0.806,82.5,68,22.55,8,111.4,91.8,31,30,0.968,24.9,6.4,11.1,0.577,0.3,0.7,0.381,4.7,7,0.67,6.1,2.7,8.8,1,0.7,1.6,2,2.7,17.8,34.1,0.615,0.061,0.632,499,12,26.1,19.2,8.2,1.6,5.8,12.3,31,3.6,2,5.6,0.288,7.9,3.4,11.3,10.3,17.9,0.4,1.1,7.6,11.3,4.3,9.8,14.1,1.6,1.1,2.5,3.3,4.4,28.6,14.1,24.5,0.6,1.5,10.4,15.5,5.9,13.4,19.3,2.1,1.6,3.5,4.5,6,39.2,121.2,88,3,37,5,5.1,0.7,1.5,0.474,0,0.2,0.143,0.7,1.4,0.52,0.482,0.5,0.7,0.654,0.5,0.9,1.4,0.1,0.1,0.2,0.3,0.6,1.9,13.514,0.5,0.443,0.064,28.199,-4.5,3.6,84,1.024,3.232
0,1,0,Ater Majok,2011,58,LAL,LAL,2,0.695,101.5,1.9,95.4,-4.2,6.01,90.7,111,3.7,104.3,-3,6.7,0.707,6.1,"PF,C",0,23.98,82,230,UConn,3,1,0.529,70,66.6,12.5,9.15,102.5,97.6,26,22,0.846,14.7,1,2.3,0.424,0,0,0,0.3,0.8,0.409,1.8,1.2,3,0.2,0.2,1.6,0.8,2,2.3,9.3,0.425,0,0.373,65,9.6,12.3,11,1.9,0.6,10.1,23.2,11.6,-0.1,0.6,0.5,0.051,0,0,0,2.6,6.2,0,0,0.9,2.3,3.3,4.9,8.3,0.4,0.4,4.4,2.2,5.3,6.2,3.8,9,0,0,1.4,3.4,4.9,7.2,12.1,0.6,0.6,6.4,3.2,7.8,9,84,98.4,0,0,0,0,0,0,0,0,0,0,0,0,0,0,0,0,0,0,0,0,0,0,0,0,0,0,0,0.25,0.667,0.109,24.27,-1.4,4.8,88,1.073,2.805
3,23.84,14.13,Xavier Tillman Sr.,2020,35,SAC,MEM,3,0.466,112.6,0.8,113.7,1.9,-0.91,102.8,109.2,-1.4,110.3,-0.3,-1,0.466,-1.1,"C,PF",0,21.45,80.5,267,Michigan State,3,3,0.71,75.9,64.7,21.92,10.76,109.4,93.3,31,31,1,32.1,5.3,9.7,0.55,0.4,1.6,0.26,2.6,4,0.667,7.6,2.7,10.3,3,1.2,2.1,2,2.6,13.7,26.5,0.593,0.167,0.41,432,9.9,23.9,17.5,18.1,2.1,6.9,14.5,21,3.1,2.7,5.8,0.234,6.3,6.2,12.6,6.6,12.1,0.5,2,3.3,4.9,3.3,9.5,12.9,3.7,1.5,2.6,2.5,3.3,17.1,9.6,17.4,0.8,2.9,4.8,7.1,4.8,13.7,18.5,5.4,2.1,3.8,3.5,4.7,24.6,119.5,86.5,5,260,60,16,2.3,4.4,0.509,0.2,0.9,0.252,2,3.5,0.577,0.536,0.6,1,0.577,1.3,2.5,3.8,1.2,0.8,0.5,0.7,1.4,5.3,23.077,1.5,0.355,0.065,26.936,2.5,4.1,86,1.068,3.317
0,1.91,0.56,Tyler Bey,2020,36,PHI,DAL,3,0.573,117,5.2,112.1,0.3,4.87,99.3,116.7,6.1,111.7,1.1,4.9,0.653,4.9,SF,0,22.37,79,213,Colorado,1,3,0.656,70.9,64.3,14.91,8.31,103.2,93.6,31,30,0.968,29,4.5,8.5,0.53,0.4,1,0.419,4.4,5.9,0.743,7,2,9,1.5,1.5,1.2,2.4,1.9,13.8,26.7,0.611,0.117,0.693,412,8.4,27.9,18.4,11.5,3.1,4.2,17.6,24.4,2.6,2.5,5.1,0.228,5.2,5,10.1,6.2,11.8,0.6,1.4,6.1,8.2,2.8,9.7,12.5,2,2.1,1.6,3.3,2.6,19.1,9.1,17.3,0.8,2,8.9,12,4.1,14.2,18.3,3,3.1,2.4,4.9,3.9,28,114,85.7,1,18,0,3.9,0.4,1.2,0.318,0.1,0.2,0.25,0.3,1,0.333,0.341,0.2,0.3,0.6,0.4,0.6,1.1,0.2,0,0.1,0.2,0.3,1,0,0.625,0.286,0.041,24.257,-1,3.7,85.25,1.079,2.696
0,1,0,Cady Lalanne,2015,55,SAS,SAS,4,0.671,103.2,3.2,97,-3,6.33,93.8,108.5,2.9,102,-3.6,6.5,0.707,6.2,C,0,23.17,82,253,UMass,0,4,0.531,69.4,70.5,3.59,4.68,100.7,102.3,32,32,1,29,4.3,7.8,0.552,0.1,0.6,0.167,2.8,4.5,0.636,6.1,3.4,9.5,0.3,0.6,1.9,2.5,2.7,11.6,20.8,0.582,0.072,0.572,352,13.5,23.4,18.5,2.4,1.2,6.4,20.1,21.3,1.4,1.5,2.9,0.126,1.6,0.8,2.4,5.9,10.8,0.1,0.8,3.9,6.2,4.7,8.4,13.1,0.4,0.8,2.6,3.4,3.7,15.9,8.7,15.7,0.2,1.1,5.7,9,6.9,12.2,19.2,0.6,1.2,3.8,5,5.5,23.3,104.8,98.7,0,0,0,0,0,0,0,0,0,0,0,0,0,0,0,0,0,0,0,0,0,0,0,0,0,0,0,0.12,0.557,0.066,26.35,-0.1,3.4,89,1.085,3.085
0,8.94,4.91,Elijah Hughes,2020,39,NOP,UTA,1,0.611,111.3,-0.5,108.8,-3,2.52,98.6,112.3,1.7,109.9,-0.7,2.5,0.583,2.5,"SG,SF",0,22.29,78.5,229,Syracuse,1,4,0.562,74.3,69.2,12.32,7.26,108,100.6,32,32,1,36.7,6.2,14.5,0.427,2.4,7.1,0.342,4.2,5.2,0.813,4.5,0.4,4.9,3.4,1.2,0.8,2.3,1.8,19,22.1,0.561,0.491,0.358,570,1.4,13.2,7.4,20.1,1.8,2.9,11.9,26.6,3.5,1.3,4.8,0.164,6.1,1.2,7.3,6.7,15.8,2.7,7.8,4.6,5.7,0.5,4.9,5.4,3.7,1.3,0.9,2.5,2,20.7,9.9,23.1,3.9,11.4,6.7,8.3,0.7,7.2,7.9,5.4,1.8,1.3,3.6,2.9,30.4,113.1,103,2,54,4,9.2,1.1,3.2,0.328,0.6,2.2,0.28,0.4,1,0.429,0.422,0.2,0.2,0.769,0.1,1.1,1.2,0.5,0.3,0.2,0.4,0.7,2.9,7.407,1.478,0.089,0.022,24.742,-1.7,2.2,79.5,1.013,2.917
0,1.95,0.59,Robert Woodard II,2020,40,MEM,SAC,0,0.431,110.1,-1.7,112.1,0.3,-1.58,98.9,110.2,-0.4,112.2,1.6,-2,0.431,-2,SF,0,20.76,79,230,Mississippi State,0,2,0.645,73.4,68.1,12.21,6.96,109,101.2,31,31,1,33.1,4.4,8.9,0.495,1,2.3,0.429,1.6,2.5,0.641,4.4,2.2,6.5,1.3,1.1,1,1.9,1.9,11.4,18.1,0.564,0.255,0.284,337,8.2,14.8,11.7,7.6,2,3.4,15.7,18.2,2,1.3,3.3,0.128,4.1,1.9,6,5.3,10.7,1.2,2.7,2,3,2.7,5.3,7.9,1.6,1.4,1.2,2.3,2.3,13.7,7.9,15.9,1.7,4.1,2.9,4.5,3.9,7.8,11.8,2.3,2,1.9,3.4,3.4,20.4,111.4,101.4,2,25,0,3.5,0.4,1.4,0.278,0.1,0.4,0.2,0.3,1,0.308,0.306,0.2,0.4,0.5,0.4,0.7,1.1,0.2,0,0.2,0.1,0.3,1.1,0,0.684,0.5,0.03,25.742,-1.4,2.6,86,1.089,2.911
3,43.96,26.58,Tre Jones,2020,41,SAS,SAS,4,0.451,114.1,2.3,115.2,3.4,-0.65,100.5,112.4,1.8,113.5,2.9,-1.1,0.465,-1.1,PG,1,20.46,74.5,185,Duke,4,2,0.806,82.5,68,22.55,8,111.4,91.8,29,29,1,35.4,5.6,13.2,0.423,1.3,3.7,0.361,3.7,4.8,0.771,3.6,0.7,4.2,6.4,1.8,0.3,2.7,1.8,16.2,21.2,0.524,0.282,0.366,513,2.1,10.8,6.5,31.4,2.8,0.9,14.8,24,3,2,4.9,0.192,5.1,3.1,8.2,6.3,14.9,1.5,4.2,4.2,5.4,0.7,4,4.8,7.2,2,0.4,3,2,18.3,8.6,20.4,2.1,5.8,5.8,7.5,1,5.6,6.6,9.9,2.8,0.5,4.2,2.7,25.1,113.2,94.6,5,297,134,21.7,3.3,6.7,0.488,0.5,1.5,0.311,2.8,5.2,0.54,0.523,1.3,1.6,0.839,0.6,2.2,2.8,4.7,0.9,0.1,1.1,1.1,8.4,45.118,2.37,0.194,0.008,22.992,0.2,2.4,76,1.02,2.483
3,40.6,24.5,Nick Richards,2020,42,NOP,CHO,0,0.354,102.9,-8.9,109.6,-2.2,-7.03,95.8,106.3,-4.3,113.3,2.7,-7,0.292,-6.7,"C,PF",0,22.57,83.5,242,Kentucky,4,3,0.806,74.4,66.1,15.78,7.46,107.8,95.8,31,30,0.968,29.6,5.3,8.2,0.642,0,0,0,3.5,4.7,0.752,5.2,2.6,7.8,0.2,0.1,2.1,1.6,3.2,14,25.8,0.674,0,0.571,394,11.3,18.6,15.3,1.7,0.2,8,13.2,20.7,3.4,1.6,5.1,0.222,4.6,2.4,7,7.1,11.1,0,0,4.7,6.3,3.5,7,10.5,0.3,0.1,2.9,2.1,4.3,18.9,10.4,16.1,0,0,6.9,9.2,5.1,10.2,15.3,0.4,0.2,4.2,3.1,6.2,27.7,127.8,95.8,5,257,108,18.1,2.8,4.4,0.64,0,0,0.2,2.8,4.4,0.642,0.64,1.7,2.2,0.738,2,3.9,5.9,0.6,0.2,0.9,0.9,2.1,7.3,42.023,0.125,0.5,0.071,25.157,-4.5,3,86.25,1.033,2.898
0,5.46,2.76,Jahmi'us Ramsey,2020,43,SAC,SAC,0,0.431,110.1,-1.7,112.1,0.3,-1.58,98.9,110.2,-0.4,112.2,1.6,-2,0.431,-2,SG,0,19.04,75.75,193,Texas Tech,1,1,0.581,71.9,63.5,16.82,8.4,103.8,91.6,27,27,1,31.2,5.5,12.4,0.442,2.2,5.2,0.426,1.9,2.9,0.641,3.3,0.7,4,2.2,1.3,0.7,2,2.2,15,19.1,0.546,0.421,0.233,364,3,12.4,7.8,16.1,2.5,2.5,12.7,26.2,1.6,1.7,3.3,0.156,4.3,2.4,6.7,7,15.9,2.9,6.7,2.4,3.7,1,4.2,5.1,2.9,1.7,0.9,2.6,2.8,19.3,10.3,23.3,4.2,9.8,3.5,5.4,1.4,6.1,7.5,4.2,2.5,1.3,3.8,4.1,28.3,104.6,93.2,3,39,1,8.9,1.5,3.5,0.416,0.4,1.5,0.271,1.1,2,0.526,0.474,0.4,0.6,0.68,0.3,0.9,1.2,0.5,0.3,0.1,0.4,0.7,3.8,2.564,1.1,0.212,0.022,23.625,-1.4,2.6,78,1.03,2.548
0,17.81,10.4,Jordan Nwora,2020,45,MIL,MIL,3,0.767,118.7,6.9,108.6,-3.2,9.41,105.1,112.4,1.8,102.9,-7.7,9.5,0.781,10.1,SF,0,21.79,79,223,Louisville,3,3,0.774,74.1,63.7,17.94,7.55,109.4,94.1,31,30,0.968,33.1,6.1,13.9,0.44,2.5,6.1,0.402,3.4,4.1,0.813,6,1.7,7.7,1.3,0.7,0.3,2.1,2.2,18,22.6,0.568,0.44,0.298,500,6,19.8,13.3,8.4,1.3,0.9,11.7,27.8,3.2,2,5.2,0.201,6.3,1.9,8.2,7.4,16.8,3,7.4,4.1,5,2,7.3,9.3,1.6,0.9,0.3,2.5,2.7,21.8,11,25,4.4,11,6,7.4,3,10.9,13.9,2.3,1.3,0.5,3.8,4,32.4,113.5,94.2,4,206,30,16.3,2.8,6.5,0.433,1.2,3.1,0.376,1.7,3.4,0.483,0.521,0.8,1,0.807,0.6,2.6,3.2,1,0.4,0.2,1,1.1,7.6,14.563,0.619,0.283,0.009,25.247,4.8,1.2,82.25,1.041,2.823
0,30.24,18.09,CJ Elleby,2020,46,POR,POR,1,0.473,115,3.2,116.1,4.3,-0.61,100.7,113.7,3.1,114.8,4.2,-1.1,0.459,-1.1,SF,0,20.02,78.25,199,Washington State,0,2,0.5,69.8,69.7,5.13,4.94,97.5,97.2,32,32,1,33.4,6.2,15.6,0.396,2.3,6.8,0.339,3.8,4.6,0.823,6.6,1.2,7.8,1.9,1.8,0.8,2.2,2.9,18.4,22.5,0.519,0.438,0.295,542,3.8,23.1,12.9,13.5,2.9,2.5,10.8,29.2,2.3,2.2,4.5,0.169,4.7,2.8,7.6,7.4,18.7,2.8,8.2,4.5,5.5,1.5,7.9,9.4,2.2,2.1,1,2.6,3.5,22.1,10.4,26.2,3.9,11.5,6.4,7.7,2.1,11.2,13.2,3.2,2.9,1.4,3.6,5,31,104.7,92.8,2,88,28,15.5,1.7,4.3,0.39,0.5,1.8,0.275,1.2,2.4,0.477,0.449,0.8,1.1,0.717,0.9,2.1,2.9,1.1,0.5,0.3,0.7,1.6,4.6,31.818,0.864,0.182,0.024,22.957,0.4,3.1,79.25,1.013,2.543
0,6.92,3.66,Nico Mannion,2020,48,GSW,GSW,4,0.231,106.3,-5.5,115,3.2,-8.12,100.3,105.2,-5.4,113.8,3.2,-8.6,0.246,-8.7,PG,1,19.28,75,179,Arizona,3,1,0.656,76.4,65.3,19.49,8.39,107.9,92.2,32,32,1,32.3,4.5,11.5,0.392,1.7,5.1,0.327,3.3,4.2,0.797,2.3,0.3,2.5,5.3,1.2,0,2.6,1.7,14,17.2,0.52,0.441,0.362,472,0.9,7.9,4.4,31.5,2.1,0,16,24.5,2.2,1.7,3.9,0.152,3.6,1.8,5.4,5.6,14.2,2.1,6.3,4.1,5.2,0.3,2.8,3.1,6.6,1.5,0,3.2,2.1,17.3,7.9,20.2,2.9,8.9,5.8,7.3,0.4,4,4.4,9.3,2.1,0,4.5,3,24.7,107.1,97.6,1,30,1,12.1,1.3,3.8,0.342,0.7,2,0.367,0.6,1.8,0.315,0.439,0.8,0.9,0.821,0.2,1.3,1.5,2.3,0.5,0,1,1,4.1,3.333,2.038,0.13,0,23.823,0,1.5,74.5,0.993,2.387
3,12.99,7.42,Isaiah Joe,2020,49,PHI,OKC,4,0.611,110.4,-1.4,108.4,-3.4,2.33,98.8,110.8,0.2,108.8,-1.8,2,0.569,2,SG,0,20.98,76.5,170,Arkansas,2,2,0.625,75.8,69.6,13.46,7.27,104.5,96,26,25,0.962,36.1,5.1,13.8,0.367,3.6,10.6,0.342,3.1,3.5,0.89,3.6,0.5,4.1,1.7,1.4,0.3,1.7,1.8,16.9,17.5,0.544,0.764,0.253,402,1.7,11.5,6.6,10,2.2,0.8,10,24.2,1.8,1.4,3.2,0.136,4,1.2,5.3,5.6,15.3,4,11.7,3.5,3.9,0.6,4,4.6,1.9,1.6,0.3,1.9,2,18.7,7.9,21.5,5.6,16.4,4.8,5.4,0.8,5.5,6.4,2.7,2.2,0.4,2.7,2.9,26.2,106.4,99.2,5,321,29,16.9,2.5,5.9,0.431,1.8,4.5,0.402,0.7,1.4,0.529,0.585,0.7,0.8,0.837,0.3,1.7,2,1.1,0.5,0.1,0.5,1.2,7.6,9.034,1,0.139,0.008,21.085,-1.5,1.9,79.5,1.039,2.222
0,16.34,9.49,Skylar Mays,2020,50,ATL,ATL,3,0.299,111.8,0,119.7,7.9,-7.71,103,107.2,-3.4,114.8,4.2,-7.6,0.269,-7.9,"SG,PG",0,22.8,76,204,LSU,2,4,0.677,80.5,73.3,14.43,7.2,112.8,102.7,31,31,1,34.4,5.5,11.1,0.491,1.6,4.1,0.394,4.2,4.9,0.854,4.5,0.5,5,3.2,1.8,0.2,2.3,1.7,16.7,23.7,0.622,0.369,0.439,494,1.6,13.8,8.1,17,2.9,0.7,14.4,22,3.9,1.2,5.1,0.19,5.8,2.5,8.3,6.3,12.9,1.9,4.8,4.8,5.7,0.6,5.3,5.8,3.7,2.1,0.3,2.6,1.9,19.4,9,18.2,2.6,6.7,6.8,8,0.8,7.5,8.3,5.3,2.9,0.4,3.7,2.8,27.4,123.7,102.6,4,105,16,10.6,1.6,3.7,0.445,0.5,1.4,0.345,1.2,2.3,0.504,0.509,0.5,0.6,0.859,0.3,0.9,1.2,1.7,0.5,0.1,0.5,0.6,4.3,15.238,1.391,0.111,0.006,24.699,2.7,2.4,78,1.026,2.684
0,1.58,0.36,Filip PetruÅ¡ev,2021,50,PHI,SAC,0,0.431,113.7,1.6,117.4,5.3,-3.45,100,113.6,1.3,117.2,4.9,-3.7,0.389,-3.7,C,0,21.19,83,225,Gonzaga,3,2,0.939,87.4,67.8,22.7,3.12,120.1,93.2,33,33,1,25.9,6.3,11.3,0.562,0.1,0.3,0.182,4.7,7.2,0.655,5.6,2.4,7.9,1.5,0.6,0.8,2.1,1.7,17.5,30.5,0.594,0.03,0.64,544,10.8,23.2,17.3,10.3,1.3,3,12.5,30.9,3.7,1.8,5.5,0.258,5.9,1,6.8,9.8,17.4,0.1,0.5,7.3,11.1,3.6,8.6,12.2,2.2,0.9,1.2,3.2,2.6,26.9,13.5,24,0.1,0.7,10.1,15.3,5,11.9,16.9,3.1,1.3,1.7,4.4,3.6,37.1,119,92.8,1,3,0,3.3,0.3,0.7,0.5,0,0,0,0.3,0.7,0.5,0.5,0.3,0.7,0.5,0,0.3,0.3,0,0,0,0,0.3,1,0,0.714,0.429,0.031,23.809,0.8,2.1,81.25,0.979,2.711
0,2.24,0.77,Cassius Winston,2020,53,OKC,WAS,0,0.347,114.4,2.6,119.1,7.3,-5.24,102.7,110.9,0.3,115.5,4.9,-4.5,0.361,-4.7,PG,0,22.32,73.5,196,Michigan State,3,4,0.71,75.9,64.7,21.92,10.76,109.4,93.3,30,30,1,32.7,6.2,13.8,0.448,2.4,5.6,0.432,3.8,4.5,0.852,2.3,0.2,2.5,5.9,1.2,0,3.2,2,18.6,23,0.585,0.409,0.327,553,0.7,7.1,4.2,36.5,2.1,0.1,16.8,29.1,3.5,1.5,5,0.204,7,1.9,8.9,7.6,16.9,3,6.9,4.7,5.5,0.2,2.8,3.1,7.2,1.5,0,3.9,2.4,22.8,10.9,24.3,4.3,9.9,6.8,7.9,0.4,4.1,4.4,10.4,2.1,0.1,5.6,3.5,32.8,114.5,98.5,2,29,0,4.7,0.6,1.5,0.409,0.3,0.8,0.435,0.3,0.7,0.381,0.523,0.3,0.3,0.9,0,0.3,0.3,0.7,0.1,0,0.3,0.6,1.9,0,1.844,0.087,0,24.251,2.4,1.5,78,1.061,2.667
0,5.22,2.61,Cassius Stanley,2020,54,IND,IND,3,0.616,109.4,-2.4,107.5,-4.3,1.63,98.9,110,-0.6,108,-2.6,2,0.562,1.9,SG,0,20.85,78.25,202,Duke,4,1,0.806,82.5,68,22.55,8,111.4,91.8,29,29,1,27.4,4.4,9.3,0.474,1.1,3,0.36,2.7,3.6,0.733,3,1.9,4.9,1,0.7,0.7,1.9,2.2,12.6,18.5,0.569,0.319,0.389,339,7.6,11.7,9.7,6.6,1.4,2.4,14.4,21.9,1.9,1.4,3.3,0.166,3.6,1.9,5.4,6.4,13.6,1.6,4.3,3.9,5.3,2.7,4.4,7.1,1.5,1,1.1,2.7,3.2,18.3,8.8,18.6,2.1,5.9,5.3,7.2,3.7,6,9.7,2.1,1.4,1.4,3.7,4.3,25.1,112.3,96.2,2,33,1,7.5,1,2.7,0.36,0.2,0.9,0.233,0.8,1.8,0.424,0.399,0.5,0.6,0.895,0.4,0.8,1.2,0.2,0.2,0.1,0.2,0.9,2.7,3.03,0.526,0.633,0.026,22.192,-1.4,2.1,79,1.01,2.581
0,2.42,0.88,Grant Riller,2020,56,CHO,CHO,0,0.354,102.9,-8.9,109.6,-2.2,-7.03,95.8,106.3,-4.3,113.3,2.7,-7,0.292,-6.7,PG,0,23.38,73,178,College of Charleston,0,4,0.548,70.2,68,0.53,-0.84,105,101.7,31,31,1,33.5,7.3,14.7,0.499,1.5,4.2,0.362,5.7,6.9,0.827,4.6,0.5,5.1,3.9,1.6,0.3,3.1,2.3,21.9,30.6,0.609,0.286,0.47,661,1.8,15.7,8.9,30.1,2.8,1.1,14.8,33.6,4.5,1.4,5.8,0.225,6,1.1,7.1,8.7,17.5,1.8,5,6.8,8.2,0.6,5.5,6.1,4.7,1.9,0.4,3.7,2.7,26.1,13.1,26.2,2.7,7.5,10.2,12.3,0.9,8.2,9.2,7,2.8,0.6,5.6,4,39,115.6,100.9,1,7,0,3.9,1.1,1.7,0.667,0.3,0.6,0.5,0.9,1.1,0.75,0.75,0,0,0,0,0.1,0.1,0.4,0.1,0,0.1,0,2.6,0,1.258,0.109,0.009,25.128,-4.5,2.3,77.25,1.058,2.438
0,6.82,3.6,Reggie Perry,2020,57,LAC,BRK,0,0.486,111.8,0,112.3,0.5,-1.01,101.4,108.9,-1.7,109.5,-1.1,-0.6,0.486,-0.5,"PF,C",0,20.26,81.25,250,Mississippi State,0,2,0.645,73.4,68.1,12.21,6.96,109,101.2,31,31,1,31.1,5.9,11.8,0.5,0.7,2.3,0.324,4.8,6.3,0.768,6.9,3.1,10.1,2.3,0.8,1.2,2.9,3.1,17.4,28.5,0.587,0.194,0.53,533,12.4,25.2,19.1,16.4,1.6,4.1,16.4,28.6,3.7,1.6,5.2,0.218,6.7,1.8,8.5,7.6,15.2,1,2.9,6.2,8.1,4,8.9,13,3,1.1,1.5,3.7,4,22.3,11.3,22.6,1.4,4.4,9.2,12,6,13.3,19.2,4.4,1.6,2.2,5.6,5.9,33.2,116.5,97.5,2,36,1,11.1,2,4.4,0.459,0.2,1,0.189,1.8,3.3,0.542,0.481,0.5,0.8,0.679,1.2,2.2,3.3,0.7,0.4,0.3,0.7,2,4.7,2.778,0.793,0.449,0.039,26.119,1.1,2.6,84.25,1.037,3.077
3,13.59,7.79,Paul Reed,2020,58,PHI,PHI,1,0.589,110.7,-1.1,108.4,-3.4,2.25,99,111.3,0.7,109,-1.6,2.4,0.575,2.3,"C,PF",0,21.03,81.25,219,DePaul,0,3,0.5,70.7,71.1,7.63,8.95,97.8,98.3,29,29,1,31.7,6.3,12.2,0.516,0.6,1.8,0.308,2,2.8,0.738,7.4,3.3,10.7,1.6,1.9,2.6,2.3,3,15.1,27.5,0.561,0.147,0.227,421,11.1,25.9,18.4,11.5,3.3,9.7,14.4,24,2.2,2.3,4.5,0.194,4.9,4.2,9.2,7.9,15.4,0.7,2.3,2.6,3.5,4.1,9.4,13.5,2,2.4,3.2,2.9,3.7,19.1,11.1,21.4,1,3.2,3.6,4.9,5.8,13.1,18.8,2.9,3.3,4.5,4,5.2,26.7,109.6,88.8,5,260,28,12.5,2.1,3.9,0.548,0.1,0.4,0.305,2,3.5,0.577,0.564,0.5,0.8,0.705,1.6,2.3,3.9,0.8,0.8,0.7,0.6,1.9,4.9,10.769,0.696,0.446,0.082,23.329,-1.3,5.6,86,1.058,2.695
0,17.89,10.45,Jalen Harris,2020,59,TOR,TOR,4,0.736,112.8,1,106.5,-5.3,5.97,100.9,111.1,0.5,105,-5.6,6.1,0.694,6.3,SG,0,21.86,76.25,193,Nevada,0,4,0.613,77.1,72.4,8.91,4.14,107.2,100.5,30,30,1,33,7.5,16.7,0.446,2.2,6.2,0.362,4.5,5.5,0.823,5.7,0.8,6.5,3.9,1.1,0.1,2.4,2.3,21.7,26.4,0.56,0.369,0.327,627,2.8,17.6,10.6,26.5,1.9,0.5,11,32.7,3.7,1.3,5,0.202,6.7,0.9,7.6,9,20.3,2.7,7.5,5.4,6.6,1,6.9,7.8,4.8,1.4,0.2,2.9,2.8,26.2,12.6,28.3,3.8,10.4,7.6,9.2,1.4,9.6,10.9,6.6,1.9,0.2,4.1,3.9,36.6,113.4,100.9,1,13,2,13.2,2.8,5.5,0.5,1.3,2.8,0.472,1.5,2.8,0.528,0.618,0.5,0.7,0.778,0.2,1.2,1.4,1.3,0.6,0,1.1,1.2,7.4,15.385,1.625,0.14,0.003,22.907,0.6,1.6,79,1.036,2.531
3,32.47,19.47,Santi Aldama,2021,30,UTA,MEM,3,0.528,113.3,1.2,112.3,0.2,1.07,100.4,112,-0.3,111,-1.3,1,0.528,1,"PF,C",0,20.45,83,224,Loyola (MD),0,2,0.353,72.1,70.9,-2.29,-3.47,100.9,99.3,17,17,1,35,7.9,15.5,0.513,1.9,5.1,0.368,3.5,5.1,0.686,8.3,1.8,10.1,2.3,1,1.7,3.2,1.9,21.2,28.6,0.594,0.331,0.327,329,6.1,27.9,16.9,15.5,1.7,5.6,15.3,30.5,1.9,1.2,3.1,0.208,6.2,1.5,7.7,9.1,17.7,2.2,5.8,4,5.8,2.1,9.5,11.6,2.6,1.1,1.9,3.7,2.2,24.3,13.3,25.8,3.1,8.5,5.8,8.4,3,13.9,16.9,3.8,1.7,2.8,5.4,3.1,35.5,111.3,94.3,4,235,71,22.6,3.7,8,0.459,1.4,4,0.345,2.3,4,0.575,0.546,1.1,1.5,0.692,1.2,4,5.2,1.9,0.6,0.6,0.9,1.5,9.8,30.213,0.719,0.217,0.049,21.787,1.2,3,83,1,2.699
3,12.28,6.98,Day'Ron Sharpe,2021,29,PHO,BRK,0,0.667,118.6,6.5,114.1,2,4.24,99.5,118.3,6,113.8,1.5,4.5,0.639,4.5,"C,PF",0,19.63,83,265,UNC,4,1,0.621,75.2,69.9,14.79,9.52,104.8,97.4,29,4,0.138,19.2,3.9,7.4,0.519,0,0.1,0,1.8,3.5,0.505,4.2,3.3,7.6,1.4,0.8,0.9,2,2,9.5,25.5,0.521,0.009,0.468,281,18.1,23.8,20.9,15.4,2.3,5.1,17.8,26.3,1.1,1.2,2.3,0.169,4.3,3.2,7.5,8.1,15.5,0,0.1,3.7,7.3,7,8.8,15.8,3,1.7,1.9,4.1,4.2,19.8,11.2,21.7,0,0.2,5.1,10.1,9.7,12.2,22,4.2,2.3,2.6,5.7,5.9,27.6,104.8,93,4,191,14,14.5,2.7,4.9,0.55,0.1,0.4,0.295,2.6,4.5,0.573,0.562,1,1.5,0.648,2.6,3.1,5.6,1.2,0.5,0.7,1.1,2.1,6.5,7.33,0.7,0.786,0.047,26.954,0.3,3.6,84,1.012,3.193
3,38.45,23.17,Jonathan Isaac,2017,6,ORL,ORL,3,0.354,101.1,-4.5,107.6,2,-6.61,96.8,103.7,-5.1,110.5,1.7,-6.7,0.293,-6.5,"SF,PF",0,19.73,83,205,Florida State,1,1,0.743,82.1,72.1,18.87,8.87,113.1,99.3,32,32,1,26.2,4.1,8,0.508,1,2.8,0.348,2.9,3.7,0.78,6.1,1.8,7.8,1.2,1.2,1.5,1.5,2.2,12,24.6,0.614,0.348,0.461,364,7.7,25.1,16.7,7.5,2.4,6.2,13.3,20.3,2.4,1.9,4.3,0.205,5.8,4.2,10,6.2,12.2,1.5,4.2,4.4,5.6,2.7,9.3,12,1.8,1.8,2.3,2.3,3.3,18.3,8.5,16.8,2,5.8,6,7.8,3.7,12.8,16.5,2.4,2.4,3.2,3.2,4.6,25.2,122.2,93.6,6,276,109,20.4,2.8,6.3,0.443,0.8,2.5,0.323,2,3.9,0.519,0.506,1.2,1.6,0.749,1.4,3.5,4.9,0.8,1,1.3,0.8,1.6,7.6,39.493,0.8,0.295,0.057,21.958,0.4,4.1,85,1.024,2.47
7,93.91,57.48,Scottie Barnes,2021,4,TOR,TOR,4,0.375,111.3,-0.8,111.7,-0.4,-0.54,99.2,112,-0.3,112.5,0.2,-0.5,0.486,-0.4,"SF,PF",0,19.9,80,225,Florida State,1,1,0.72,77.2,69.2,17.12,9.16,109.1,97.8,24,7,0.292,24.8,4.1,8.1,0.503,0.5,1.7,0.275,1.7,2.8,0.621,2.5,1.5,4,4.1,1.5,0.5,2.5,2.2,10.3,21.4,0.548,0.205,0.338,283,7.4,11.1,9.3,31.6,3.4,2.1,20.7,23.7,1.5,1,2.4,0.164,4.3,3.6,7.9,6.6,13.1,0.7,2.7,2.8,4.4,2.4,4.1,6.5,6.6,2.4,0.7,4,3.5,16.7,9.4,18.7,1.1,3.8,3.9,6.3,3.4,5.9,9.2,9.4,3.4,1.1,5.7,5,23.8,109.3,98.3,4,276,275,34.5,6.7,14.3,0.466,1.1,3.6,0.3,5.6,10.7,0.522,0.504,2.8,3.7,0.761,2.3,5.2,7.5,5,1.2,1,2.3,2.1,17.2,99.638,1.64,0.6,0.02,24.036,0,3.1,86.75,1.084,2.812
7,97.64,59.79,Karl-Anthony Towns,2015,1,MIN,MIN,2,0.195,97.8,-2.2,106.5,6.5,-8,94.4,102.9,-2.7,112.2,6.6,-9.3,0.232,-8.7,"C,PF",0,19.61,83,250,Kentucky,4,1,0.974,74.4,54.3,28.72,8.67,115.5,84.4,39,39,1,21.1,3.7,6.6,0.566,0.1,0.2,0.25,2.8,3.4,0.813,4.3,2.4,6.7,1.1,0.5,2.3,1.4,2.9,10.3,31.4,0.627,0.031,0.523,391,14.2,22.3,18.5,11.6,1.4,11.5,14.2,23.7,3.5,2.9,6.4,0.311,6.6,7.6,14.3,7.1,12.5,0.1,0.4,5.3,6.5,4.5,8.2,12.7,2.1,0.9,4.3,2.6,5.6,19.5,11.1,19.5,0.2,0.6,8.3,10.2,7,12.9,19.9,3.4,1.4,6.7,4,8.8,30.6,126.8,78.1,10,645,645,34.1,8.5,16.2,0.524,1.7,4.3,0.4,6.7,11.8,0.569,0.577,4.4,5.3,0.837,2.8,8.3,11.1,3.2,0.8,1.2,2.7,3.4,23.1,100,0.786,0.558,0.109,25.381,0.5,5.2,88,1.06,3.012
3,45.61,27.6,Jahlil Okafor,2015,3,PHI,PHI,1,0.22,92,-8,101,1,-9.04,95.7,95.5,-10.1,104.8,-0.8,-9.3,0.22,-9,C,0,19.53,83,272,Duke,4,1,0.897,79.3,64.2,24.97,9.87,119.4,96.7,38,38,1,30.1,7.3,11.1,0.664,0,0,0,2.6,5.1,0.51,4.9,3.5,8.5,1.3,0.8,1.4,2.5,2.1,17.3,30.7,0.641,0,0.462,609,14.8,18.2,16.6,9.4,1.5,4.5,15.6,27.6,4.5,2.2,6.7,0.235,7.7,2.7,10.4,9.8,14.7,0,0,3.5,6.8,4.7,6.6,11.3,1.7,1,1.9,3.3,2.8,23,14.8,22.3,0,0,5.3,10.3,7.1,10,17.1,2.6,1.5,2.9,5,4.3,34.9,119.9,95.4,7,248,116,19.5,4.4,8.1,0.542,0,0.1,0.222,4.4,8,0.546,0.543,1.5,2.2,0.676,1.5,3.2,4.7,0.9,0.3,0.8,1.4,2.1,10.3,46.774,0.52,0.714,0.047,27.403,1.8,2.9,89,1.072,3.277
3,24.86,14.76,Davion Mitchell,2021,9,SAC,SAC,0,0.431,113.7,1.6,117.4,5.3,-3.45,100,113.6,1.3,117.2,4.9,-3.7,0.389,-3.7,PG,0,22.8,73.25,202,Baylor,3,4,0.933,82.9,65.5,24.83,7.4,118.6,93.7,30,30,1,33,5.3,10.3,0.511,2.1,4.7,0.447,1.4,2.1,0.641,2.2,0.5,2.7,5.5,1.9,0.4,2.4,2.4,14,21.8,0.619,0.456,0.207,442,1.7,8,4.8,27.7,3.3,1.2,17.7,20.3,3.5,1.9,5.3,0.215,6.4,3.7,10.1,6.4,12.5,2.5,5.7,1.7,2.6,0.6,2.7,3.2,6.7,2.3,0.4,2.9,2.9,17,9.2,17.9,3.7,8.2,2.4,3.7,0.8,3.8,4.6,9.6,3.3,0.6,4.2,4.1,24.4,123,96,4,301,69,22.1,3,6.8,0.442,1,2.9,0.344,2,3.8,0.517,0.517,0.6,0.8,0.698,0.3,1.4,1.8,3.3,0.6,0.2,1.2,1.7,7.6,22.924,2.292,0.227,0.012,26.03,0.8,2.7,76.25,1.041,2.758
3,42.49,25.67,Ziaire Williams,2021,10,NOP,MEM,3,0.528,113.3,1.2,112.3,0.2,1.07,100.4,112,-0.3,111,-1.3,1,0.528,1,SF,0,19.78,81.75,188,Stanford,0,1,0.519,69.7,69.6,10.15,10.01,98.3,98.1,20,14,0.7,27.9,3.8,10.2,0.374,1.2,4,0.291,2,2.5,0.796,4.1,0.5,4.6,2.2,0.9,0.6,2.9,2.4,10.7,11.2,0.473,0.389,0.241,213,2.4,16.4,9.9,16.4,1.7,2.2,20.4,26.5,-0.2,0.9,0.6,0.046,-1.2,1.5,0.3,5.4,14.6,1.6,5.7,2.8,3.5,0.7,5.8,6.5,3.2,1.2,0.8,4.2,3.4,15.3,7.8,20.9,2.4,8.1,4,5,1,8.3,9.4,4.5,1.7,1.1,6,4.9,22,86.3,99.2,4,213,95,21.1,3,7.1,0.421,1.2,3.9,0.316,1.8,3.2,0.548,0.507,1,1.3,0.811,0.6,2.5,3.2,1.2,0.7,0.3,1,1.9,8.3,44.601,0.759,0.122,0.022,20.141,1.2,2,82.25,1.006,2.3
0,4.17,1.96,James Bouknight,2021,11,CHO,CHO,0,0.458,109.5,-2.6,111.4,-0.7,-1.94,98.3,110.9,-1.4,112.8,0.5,-2,0.444,-1.9,SG,0,20.77,76.75,190,UConn,3,2,0.652,71.7,64.6,15.77,8.59,107.8,97,15,14,0.933,31.7,6.5,14.6,0.447,1.5,5,0.293,4.2,5.4,0.778,4.1,1.5,5.7,1.8,1.1,0.3,2.8,1.9,18.7,23.3,0.546,0.342,0.37,253,5.3,15.1,10.1,12.8,2.2,0.9,14,31.6,1.3,0.8,2.1,0.179,6.1,2.5,8.6,8.3,18.4,1.9,6.3,5.3,6.8,1.9,5.2,7.2,2.3,1.4,0.3,3.5,2.4,23.7,12.5,27.9,2.8,9.5,8,10.3,2.9,7.9,10.8,3.4,2.2,0.5,5.3,3.6,35.7,108.7,98.4,3,79,0,11.4,1.7,4.7,0.363,0.8,2.4,0.335,0.9,2.4,0.39,0.447,0.6,0.8,0.762,0.4,1.3,1.7,0.9,0.3,0.1,0.6,1,4.8,0,0.643,0.366,0.009,22.387,-0.9,1.7,80.25,1.046,2.476
0,28.19,16.82,Joshua Primo,2021,12,SAS,SAS,4,0.458,111.1,-1,112.8,0.7,-1.58,98.9,111,-1.3,112.8,0.5,-1.7,0.444,-1.7,SG,0,18.5,77,189,Alabama,3,1,0.788,79.7,70.1,19.58,10.01,106.3,93.5,30,19,0.633,22.5,2.8,6.5,0.431,1.4,3.8,0.381,1.1,1.5,0.75,2.3,1,3.4,0.8,0.6,0.3,1.4,1.7,8.1,13.2,0.565,0.579,0.226,226,4.7,10.5,7.6,6.5,1.4,1.3,16,17.6,1,1.1,2.1,0.125,1.6,2.1,3.7,5,11.6,2.6,6.7,2,2.6,1.8,4.2,6,1.5,1,0.5,2.4,3,14.5,6.7,15.5,3.4,9,2.6,3.5,2.5,5.6,8,2,1.4,0.7,3.3,4,19.4,107.8,98.7,3,56,16,19.1,2,5.3,0.371,0.8,2.7,0.3,1.2,2.7,0.443,0.446,0.9,1.2,0.75,0.6,1.6,2.3,1.8,0.4,0.5,1.3,1.6,5.7,28.571,0.571,0.435,0.013,21.937,-0.3,1.5,81.25,1.055,2.455
7,88.75,54.29,Lauri Markkanen,2017,7,MIN,CHI,0,0.5,102.9,-2.7,102.4,-3.2,0.03,95.3,107.4,-1.4,107,-1.8,0.4,0.512,0.5,"SF,PF",0,20.09,84,225,Arizona,3,1,0.865,76.6,65.9,18.25,7.63,113.8,98,37,37,1,30.8,5,10.2,0.492,1.9,4.4,0.423,3.7,4.4,0.835,4.8,2.4,7.2,0.9,0.4,0.5,1.1,2,15.6,25,0.635,0.434,0.436,534,10,17.5,14,5.6,0.8,1.8,8.1,22.5,4.8,1.8,6.7,0.235,7.9,1.5,9.4,6.5,13.2,2.4,5.7,4.8,5.8,3.1,6.2,9.3,1.1,0.5,0.7,1.4,2.6,20.2,9.7,19.6,3.6,8.5,7.1,8.6,4.6,9.3,13.9,1.7,0.8,1,2.1,3.8,30,134.1,100.4,8,450,424,31,6.3,13.8,0.455,2.5,6.8,0.371,3.7,7,0.537,0.547,3.1,3.6,0.867,1.4,5.7,7.1,1.5,0.7,0.5,1.4,1.9,18.2,94.222,0.818,0.5,0.016,22.923,-1.1,1.2,84,1,2.679
3,23.47,13.9,Moses Moody,2021,14,GSW,GSW,4,0.542,113.7,1.6,112.7,0.6,1.1,102.2,111.1,-1.2,110.1,-2.2,1,0.528,1,SG,0,19.07,78,211,Arkansas,2,1,0.781,81.4,70.8,17.8,7.18,108,93.9,32,32,1,33.8,5.2,12.1,0.427,1.8,5.1,0.358,4.7,5.8,0.812,3.8,2,5.8,1.6,1,0.7,1.6,2.3,16.8,20.4,0.568,0.42,0.482,511,6.3,11.8,9,8.2,1.6,2,9.9,22.3,3.4,1.8,5.2,0.193,5.2,2.3,7.4,6.1,14.3,2.1,6,5.6,6.9,2.4,4.4,6.8,1.9,1.2,0.8,1.9,2.7,19.9,8.1,19,2.9,8,7.4,9.2,3.2,5.9,9.1,2.5,1.6,1,2.6,3.6,26.5,119.5,98.1,4,255,57,16.6,2.5,5.5,0.449,1.1,3.1,0.367,1.3,2.4,0.554,0.552,1,1.2,0.775,0.6,1.6,2.2,0.9,0.5,0.3,0.6,1.2,7,22.353,1,0.526,0.021,23.467,3,2,84.75,1.087,2.705
3,36.28,21.83,Corey Kispert,2021,15,WAS,WAS,0,0.472,116.6,4.5,118.5,6.4,-1.84,104.1,111.2,-1.1,113,0.7,-1.7,0.444,-1.9,SF,0,22.31,79.25,224,Gonzaga,3,4,0.969,91,69.7,27.2,5.92,121.5,93.1,32,32,1,31.8,6.5,12.3,0.529,2.8,6.5,0.44,2.7,3.1,0.878,4,0.9,5,1.8,0.9,0.4,1.3,1.7,18.6,25.4,0.674,0.524,0.248,518,3.8,13.9,9.3,9,1.5,1.4,8.7,22.7,4.6,1.8,6.4,0.251,9.1,2,11.1,8.2,15.5,3.6,8.1,3.4,3.8,1.2,5.1,6.2,2.3,1.1,0.5,1.6,2.1,23.4,11,20.8,4.8,10.9,4.5,5.2,1.6,6.8,8.4,3.1,1.5,0.7,2.2,2.8,31.3,133.1,96.6,4,292,103,25.9,4,8.4,0.474,2,5.2,0.382,2,3.2,0.622,0.592,1.1,1.4,0.805,0.5,2.3,2.8,1.5,0.5,0.2,0.9,1.5,11.1,35.274,1.385,0.225,0.013,24.504,4.9,1.6,79,0.997,2.826
5,54.57,33.14,Trey Murphy III,2021,17,MEM,NOP,0,0.431,114.6,2.5,114.9,2.8,-0.2,100.1,113.5,1.2,113.8,1.5,-0.3,0.486,-0.3,SF,0,21.02,81.25,206,Virginia,2,3,0.72,68.2,60.5,15.27,7.59,111.5,99,25,20,0.8,29.6,3.8,7.6,0.503,2.1,4.8,0.433,1.5,1.6,0.927,2.8,0.6,3.4,1.2,0.8,0.4,0.8,2,11.3,20.9,0.67,0.628,0.215,248,2.8,11.7,7.6,8.2,1.8,1.8,8.3,18.4,2.5,0.9,3.5,0.189,5.9,2.4,8.4,5.2,10.3,2.8,6.5,2.1,2.2,0.8,3.8,4.6,1.6,1.1,0.6,1,2.7,15.3,8.5,17,4.6,10.7,3.4,3.6,1.3,6.2,7.6,2.7,1.8,1,1.7,4.4,25.1,129.8,102,4,251,140,27.3,4.6,10.1,0.454,2.4,6.2,0.383,2.2,3.9,0.568,0.572,2.2,2.5,0.875,0.8,3.1,3.9,1.8,0.9,0.5,0.9,1.6,13.7,55.777,1.5,0.214,0.014,21.915,0.9,1.7,84,1.034,2.535
3,33.55,20.14,Tre Mann,2021,18,OKC,OKC,4,0.306,105,-7.1,115.6,3.5,-10.13,101,103.5,-8.8,114,1.7,-10.5,0.208,-10.6,PG,0,20.39,76.25,178,Florida,2,2,0.6,74.2,70.3,13.7,9.82,104.6,99.1,24,24,1,32.4,5.5,12.1,0.459,1.9,4.7,0.402,3.1,3.7,0.831,5,0.7,5.6,3.5,1.4,0.1,2.8,2.4,16,21.1,0.579,0.386,0.307,382,2.6,16.9,10.2,21.9,2.4,0.4,17,25.8,2.2,1.2,3.3,0.172,5,2,7,6.8,14.9,2.3,5.8,3.8,4.6,0.8,6.1,6.9,4.3,1.7,0.2,3.5,2.9,19.8,9.7,21.2,3.3,8.2,5.4,6.5,1.2,8.7,9.8,6.1,2.4,0.2,5,4.2,28.1,111.7,99.6,4,181,59,21.3,3.6,8.7,0.411,1.4,4,0.35,2.2,4.7,0.462,0.49,0.9,1.2,0.788,0.5,2.4,2.8,2.3,0.8,0.2,1.2,1.5,9.4,32.597,1.25,0.14,0.003,22.387,1.8,1.9,76,0.997,2.334
0,8.13,4.41,Kai Jones,2021,19,NYK,CHO,0,0.458,109.5,-2.6,111.4,-0.7,-1.94,98.3,110.9,-1.4,112.8,0.5,-2,0.444,-1.9,C,0,20.43,83.5,221,Texas,3,2,0.704,74.4,68.2,15.51,9.36,105.5,96.8,26,4,0.154,22.8,3.2,5.5,0.58,0.5,1.3,0.382,2,2.8,0.689,2.9,2,4.8,0.6,0.8,0.9,1.4,2.7,8.8,20.7,0.646,0.238,0.517,220,10,13.5,11.8,5.4,2.1,4.2,16.8,18,1.6,1.1,2.7,0.183,4,3.5,7.5,5.6,9.6,0.9,2.3,3.4,5,3.4,5.1,8.5,1.1,1.5,1.6,2.4,4.6,15.5,8,13.8,1.3,3.3,4.9,7.2,4.9,7.3,12.2,1.5,2.1,2.3,3.5,6.7,22.3,120.2,96.3,3,107,6,10.1,1.5,2.3,0.671,0.1,0.2,0.231,1.5,2,0.724,0.683,0.4,0.6,0.682,0.7,1.7,2.4,0.4,0.3,0.5,0.5,1.1,3.5,5.607,0.429,0.69,0.039,22.012,-0.9,3.1,85.75,1.027,2.647
7,50.49,30.62,Jalen Johnson,2021,20,ATL,ATL,3,0.569,113.7,1.6,111.4,-0.7,2.14,97.6,115.7,3.4,113.3,1,2.4,0.569,2.3,"SF,PF",0,19.52,81.25,210,Duke,4,1,0.542,76,71.3,13.04,8.33,108.8,102.1,13,8,0.615,21.4,4.4,8.4,0.523,0.6,1.4,0.444,1.8,2.9,0.632,4.5,1.5,6.1,2.2,1.2,1.2,2.5,2.2,11.2,25.8,0.575,0.165,0.349,143,8.3,25.2,16.6,20.5,3.1,6,20.6,28.6,0.6,0.5,1.1,0.162,4.3,4.2,8.5,8.2,15.7,1.2,2.6,3.5,5.5,2.9,8.5,11.4,4.2,2.2,2.3,4.7,4.2,21,11.9,22.7,1.7,3.7,5,7.9,4.2,12.3,16.4,6,3.1,3.3,6.9,6,30.4,104.3,95.4,4,184,94,23.6,4.4,8.7,0.504,0.8,2.5,0.323,3.6,6.2,0.576,0.55,1.4,1.9,0.712,1,5.3,6.3,2.6,0.9,0.6,1.4,1.8,11,51.087,0.88,0.333,0.056,23.329,-1.6,4.5,84.25,1.037,2.585
3,40.6,24.5,Keon Johnson,2021,21,NYK,BRK,0,0.667,118.6,6.5,114.1,2,4.24,99.5,118.3,6,113.8,1.5,4.5,0.639,4.5,SG,0,19.29,76.75,185,Tennessee,2,1,0.667,71.9,63.5,16.86,8.46,104.6,92.4,27,17,0.63,25.5,4.1,9.1,0.449,0.5,1.8,0.271,2.6,3.7,0.703,2.4,1.1,3.5,2.5,1.1,0.4,2.6,2.4,11.3,16.3,0.519,0.194,0.409,302,4.8,11,7.9,20.7,2.5,2,19.4,26.8,0.7,1.4,2.1,0.124,1,3.1,4.1,6.5,14.4,0.8,2.8,4.1,5.9,1.7,3.8,5.5,3.9,1.7,0.7,4.1,3.7,17.8,9.4,20.9,1.1,4.1,6,8.5,2.5,5.6,8,5.7,2.5,1,6,5.4,25.9,97.7,94.5,4,161,68,19.2,2.9,7.8,0.379,1.2,3.7,0.324,1.8,4.1,0.429,0.456,1.2,1.5,0.765,0.6,2,2.7,1.9,0.8,0.3,1.3,2,8.2,42.236,0.962,0.458,0.016,21.866,0.3,2.4,79.25,1.033,2.41
0,21.48,12.67,Isaiah Jackson,2021,22,LAL,IND,3,0.472,115.3,3.2,115.3,3.2,-0.12,101.6,112.4,0.1,112.4,0.1,0,0.5,0,C,0,19.46,82.5,206,Kentucky,4,1,0.36,70.4,70.2,11.77,11.49,99.7,99.3,25,18,0.72,20.8,3,5.5,0.54,0,0.1,0,2.5,3.6,0.7,4.5,2.1,6.6,0.7,0.8,2.6,1.5,3,8.4,25.3,0.587,0.015,0.657,208,11.2,23.3,17.3,7.4,2.1,12.7,17.5,20.5,1.2,1.2,2.4,0.187,2.3,6,8.3,5.7,10.6,0,0.2,4.9,6.9,4.1,8.6,12.7,1.4,1.5,5,2.9,5.8,16.3,8.2,15.1,0,0.2,6.9,9.9,5.8,12.3,18.2,2,2.1,7.2,4.2,8.3,23.2,111.9,90.7,4,163,31,15,2.8,4.8,0.595,0,0.2,0.206,2.8,4.6,0.613,0.599,1.4,2.1,0.671,1.7,2.6,4.3,0.7,0.6,1.3,0.8,2.4,7.2,19.018,0.467,0.467,0.125,21.496,2.4,6.5,86.5,1.048,2.497
0,7.35,3.93,Josh Christopher,2021,24,HOU,HOU,2,0.236,108.8,-3.3,116.7,4.6,-7.5,101.4,107.1,-5.2,114.9,2.6,-7.8,0.278,-7.9,SG,1,19.55,76.5,215,Arizona State,1,1,0.44,74.3,77.1,7.48,10.24,101.4,105.1,15,15,1,29.7,5.1,11.7,0.432,1.2,3.9,0.305,2.9,3.7,0.8,4.1,0.7,4.7,1.4,1.5,0.5,1.7,3.2,14.3,17.8,0.529,0.335,0.313,195,2.4,16.1,9,9.8,2.7,1.9,11.4,25.5,0.6,0.5,1.1,0.099,2.4,1.8,4.2,6.8,15.8,1.6,5.3,3.9,4.9,0.9,5.5,6.4,1.9,2,0.7,2.3,4.3,19.2,9.4,21.7,2.2,7.3,5.4,6.8,1.2,7.5,8.8,2.6,2.7,1,3.2,5.9,26.4,101.2,104.1,3,152,4,14.4,2.6,5.7,0.451,0.5,1.9,0.273,2,3.8,0.541,0.497,0.9,1.2,0.737,0.5,1.3,1.8,1.5,0.7,0.2,1.2,1,6.5,2.632,0.824,0.171,0.017,25.25,2.2,2.7,81.25,1.062,2.81
5,49.93,30.27,Quentin Grimes,2021,25,LAC,NYK,2,0.569,107,-5.1,104.7,-7.4,2.13,95.9,110.6,-1.7,108.2,-4.1,2.4,0.569,2.3,SG,0,21.13,77.25,205,Houston,3,3,0.875,76.1,58.2,21.66,5.37,115.1,88.1,30,30,1,32.8,5.8,14.2,0.406,3.3,8.3,0.403,3,3.8,0.788,4.1,1.6,5.7,2,1.4,0.3,1.8,2.2,17.8,23.5,0.558,0.582,0.265,483,5.4,14,9.6,12.2,2.6,1.2,10.3,26.9,3.7,2.4,6.1,0.25,7.9,2.9,10.8,7,17.3,4.1,10.1,3.6,4.6,2,5,7,2.4,1.7,0.4,2.2,2.7,21.7,10.6,26.2,6.2,15.3,5.5,7,3,7.6,10.5,3.6,2.6,0.6,3.4,4.1,32.9,120.3,90.1,4,243,127,24.5,3.6,8.2,0.444,1.9,5.2,0.375,1.7,3,0.562,0.563,1.2,1.5,0.763,0.6,2.5,3.1,2,0.8,0.3,1.1,1.9,10.4,52.263,1.111,0.39,0.009,23.948,-3.3,2.1,80,1.036,2.654
3,11.51,6.5,Bones Hyland,2021,26,DEN,DEN,3,0.653,115.1,3,110.1,-2,4.82,97.1,117.1,4.8,112.1,-0.2,5,0.653,5,"PG,SG",0,20.78,75.5,169,VCU,2,2,0.731,71.7,65.2,11.3,4.76,101.2,92,24,24,1,31.9,6.3,14.2,0.447,2.9,7.8,0.371,3.9,4.5,0.862,4.5,0.2,4.7,2.1,1.9,0.2,3.1,2.2,19.5,23.7,0.596,0.547,0.321,408,0.7,16.3,8.9,16,3.5,0.6,15.9,31.8,2,1.8,3.8,0.201,5.5,2.7,8.2,7.9,17.8,3.6,9.7,4.9,5.7,0.2,5.7,5.9,2.6,2.3,0.2,3.9,2.8,24.4,11.7,26.2,5.3,14.3,7.2,8.4,0.3,8.4,8.7,3.8,3.5,0.3,5.7,4.1,35.9,107.8,91.2,4,186,10,17.1,3.2,8.1,0.398,1.7,4.8,0.364,1.5,3.3,0.448,0.506,1.3,1.5,0.848,0.2,1.9,2.2,2.6,0.7,0.2,1.3,1.8,9.5,5.376,0.677,0.044,0.006,20.499,-2.1,2.5,81.25,1.076,2.238
0,2.07,0.66,Thomas Welsh,2018,58,DEN,DEN,3,0.561,110,3.7,108.5,2.2,1.57,96.8,112.5,3.9,111,2.4,1.5,0.549,1.5,C,0,22.39,84,255,UCLA,3,4,0.636,81.2,76,12.07,6.86,111.1,104,33,33,1,33.2,4.9,10.1,0.485,1.4,3.4,0.402,1.5,1.8,0.828,8.2,2.6,10.8,1.4,0.7,0.9,1,2.4,12.6,20.3,0.577,0.335,0.174,414,9.1,25.8,17.8,7.8,1.1,2.8,8.6,17.7,2.8,1.7,4.5,0.162,4.5,1.3,5.8,5.9,12.2,1.6,4.1,1.8,2.1,3.2,9.9,13.1,1.7,0.8,1.1,1.2,2.9,15.2,8.3,17.1,2.3,5.7,2.5,3,4.4,13.8,18.3,2.3,1.1,1.5,1.7,4,21.3,122.6,101.6,1,11,0,3.3,0.6,1.2,0.538,0.3,0.6,0.429,0.4,0.5,0.667,0.654,0.1,0.2,0.5,0,0.4,0.4,0.5,0,0,0.1,0.3,1.6,0,1.4,0.317,0.027,24.466,-0.5,1.9,84,1,3.036
0,7.53,4.04,Jaden Springer,2021,28,PHI,PHI,1,0.681,113.6,1.5,108.1,-4,5.28,99.5,113.2,0.9,107.6,-4.7,5.6,0.667,5.5,"SG,PG",0,18.75,76.25,202,Tennessee,2,1,0.667,71.9,63.5,16.86,8.46,104.6,92.4,25,15,0.6,25.9,4.2,9.1,0.467,0.8,1.8,0.435,3.2,4,0.81,2.5,1,3.5,2.9,1.2,0.4,2.4,2,12.5,20.9,0.57,0.203,0.441,309,4.6,10.9,7.8,24.1,2.7,2,17.9,26,1.6,1.3,2.9,0.18,3.6,3.3,6.9,6.5,14,1.2,2.8,5,6.2,1.6,3.8,5.4,4.5,1.9,0.7,3.7,3.1,19.3,9.5,20.4,1.8,4.1,7.3,9,2.3,5.6,7.9,6.6,2.7,1,5.4,4.6,28.1,108.8,94.2,4,110,6,8.8,1,2.5,0.409,0.2,0.9,0.238,0.8,1.6,0.509,0.453,0.6,0.8,0.773,0.5,0.9,1.4,0.8,0.6,0.2,0.5,1.1,2.9,5.455,1.208,0.4,0.015,24.699,0.3,2.6,79.75,1.046,2.649
0,19.23,11.28,Robert Sacre,2012,60,LAL,LAL,2,0.621,97.3,1,95.9,-0.4,1.96,90.5,106,1.4,104.4,-0.2,1.6,0.545,1.4,C,0,23.05,84,260,Gonzaga,3,5,0.788,73.8,63.2,13.86,3.25,110.7,94.8,33,33,1,26.3,3.5,6.9,0.511,0,0.1,0,4.5,6,0.761,4.3,2,6.3,0.7,0.4,1.4,1.8,2.2,11.6,22.3,0.595,0.009,0.86,370,9.9,20.2,15.1,5.7,0.8,5.8,15.7,22.9,2.6,1.6,4.2,0.194,2.4,2.2,4.6,5.4,10.6,0,0.1,6.9,9.1,3.1,6.5,9.6,1.1,0.6,2.2,2.8,3.3,17.7,8.1,15.9,0,0.1,10.4,13.7,4.6,9.8,14.4,1.7,0.8,3.3,4.2,5,26.6,116.8,95.1,4,189,35,14.5,1.7,3.9,0.436,0,0,0,1.7,3.9,0.437,0.436,0.8,1.2,0.671,1.1,2,3.1,0.7,0.3,0.6,0.5,1.8,4.2,18.519,0.389,0.465,0.053,25.789,-0.8,2.8,85,1.012,3.095
0,20.4,12,Justin Hamilton,2012,45,PHI,MIA,4,0.697,98.5,2.2,92.5,-3.8,5.72,91.2,106.6,2,100.2,-4.4,6.5,0.712,6,C,0,22.23,84,260,LSU,2,4,0.545,65.4,64.2,6.66,5.51,97.3,95.6,33,32,0.97,30,4.8,9.7,0.494,0.1,0.4,0.25,3.2,4.2,0.781,3.9,3.3,7.2,0.9,0.8,1.3,1.7,2.5,12.9,22.7,0.553,0.038,0.428,408,11.8,17.2,14.2,7,1.5,4.7,12.9,22.6,2.6,1.7,4.3,0.172,3.8,2.1,5.9,6.4,12.9,0.1,0.5,4.3,5.5,4.4,5.2,9.6,1.2,1,1.7,2.3,3.4,17.2,9.6,19.5,0.2,0.7,6.5,8.4,6.7,7.9,14.5,1.8,1.5,2.6,3.5,5.1,26,113.1,96.5,3,113,21,17.4,2.4,5.1,0.464,0.6,1.9,0.309,1.8,3.2,0.56,0.523,0.7,0.9,0.798,1.2,2.4,3.6,0.8,0.5,0.6,0.6,1.5,6.1,18.584,0.529,0.846,0.043,25.789,-0.1,2.7,86,1.024,3.095
0,32.7,19.61,Jeremiah Robinson-Earl,2021,32,NYK,NOP,0,0.431,114.6,2.5,114.9,2.8,-0.2,100.1,113.5,1.2,113.8,1.5,-0.3,0.486,-0.3,"PF,C",0,20.64,81,242,Villanova,3,2,0.72,74.8,66.5,17.47,9.19,113.3,100.8,25,25,1,34.5,6.2,12.5,0.497,0.9,3.3,0.28,2.4,3.4,0.714,6,2.5,8.5,2.2,1,0.6,1.6,2.3,15.7,23.4,0.558,0.263,0.269,388,8.6,21.3,14.8,13.5,1.7,2.3,10.2,24.3,2.7,1.3,4.1,0.189,5.5,2.1,7.6,7.2,14.5,1.1,3.8,2.8,3.9,2.9,7,9.8,2.6,1.1,0.7,1.9,2.6,18.2,11,22,1.6,5.8,4.2,5.9,4.4,10.6,15,3.9,1.7,1.1,2.8,4,27.8,116.2,99.2,4,197,66,17.6,2.3,5.1,0.441,0.8,2.4,0.342,1.4,2.7,0.529,0.522,0.7,0.8,0.796,1.4,2.9,4.3,1,0.5,0.2,0.6,1.3,6,33.503,1.375,0.417,0.017,24.507,0.9,1.8,81.75,1.009,2.988
0,3.47,1.53,Jason Preston,2021,33,ORL,LAC,1,0.653,114,1.9,107.8,-4.3,6.02,96.9,117.6,5.3,111.2,-1.1,6.4,0.681,6.2,PG,0,21.88,76,181,Ohio University,0,3,0.68,79.2,72.6,5.48,-0.56,110.6,101.4,20,20,1,34.6,6.4,12.4,0.514,1.6,4.1,0.39,1.4,2.4,0.596,6.2,1.1,7.3,7.3,1.5,0.3,3,1.4,15.7,24.1,0.583,0.332,0.19,352,3.6,20.6,12.2,38.6,2.3,0.8,18.2,23.4,2.2,1,3.2,0.186,5.4,1.8,7.2,7.4,14.3,1.9,4.7,1.6,2.7,1.2,7.2,8.4,8.4,1.7,0.3,3.5,1.6,18.2,10.3,20,2.6,6.6,2.3,3.8,1.7,10,11.7,11.7,2.3,0.4,4.9,2.2,25.4,115.1,100,2,21,0,9.3,1.1,2.9,0.4,0.2,1,0.238,0.9,1.9,0.487,0.442,0,0.1,0,0.4,1.5,1.9,2,0.2,0,0.6,0.5,2.5,0,2.433,0.177,0.009,22.551,-2.3,2,80.5,1.059,2.382
5,85.73,52.42,Herbert Jones,2021,35,NOP,NOP,0,0.431,114.6,2.5,114.9,2.8,-0.2,100.1,113.5,1.2,113.8,1.5,-0.3,0.486,-0.3,"SF,PF",0,22.72,79.25,206,Alabama,3,4,0.788,79.7,70.1,19.58,10.01,106.3,93.5,33,33,1,27.3,3.9,8.8,0.446,0.6,1.7,0.351,2.8,3.9,0.713,4.1,2.5,6.6,3.3,1.7,1.1,2.8,2.8,11.2,20.6,0.528,0.197,0.446,419,9.4,15.1,12.3,21.7,3.4,4,21,22.7,1.7,2.2,3.9,0.172,3.4,5.3,8.7,5.7,12.8,0.9,2.5,4.1,5.7,3.6,6,9.6,4.8,2.5,1.6,4.1,4.2,16.4,7.7,17.2,1.2,3.4,5.5,7.7,4.9,8,12.9,6.4,3.4,2.2,5.5,5.6,22,105.5,90.6,4,240,231,30.2,3.7,7.7,0.477,1,2.8,0.366,2.6,4.8,0.543,0.545,1.8,2.2,0.824,1.2,2.6,3.8,2.5,1.6,0.7,1.3,3.1,10.1,96.25,1.179,0.61,0.04,23.053,0.9,4.1,84.25,1.063,2.599
3,14.71,8.48,Miles McBride,2021,36,OKC,NYK,2,0.569,107,-5.1,104.7,-7.4,2.13,95.9,110.6,-1.7,108.2,-4.1,2.4,0.569,2.3,PG,0,20.79,74.5,195,West Virginia,0,2,0.655,77.3,72,15.36,10.05,108.2,100.8,29,28,0.966,34.2,5.4,12.6,0.431,1.6,3.8,0.414,3.4,4.2,0.813,2.7,1.2,3.9,4.8,1.9,0.3,1.8,1.7,15.9,22.8,0.544,0.305,0.338,474,3.7,9.2,6.3,28.5,3.1,1,11.1,22.9,3.4,1.2,4.7,0.189,6.5,3,9.5,6.3,14.7,1.9,4.5,4,5,1.4,3.2,4.6,5.7,2.2,0.4,2.1,2,18.6,9,20.8,2.6,6.3,5.7,7,1.9,4.5,6.5,8,3.1,0.5,3,2.8,26.3,120.3,102.3,4,236,28,17.2,2.3,5.6,0.405,1.2,3.3,0.36,1.1,2.3,0.469,0.511,0.6,0.7,0.78,0.4,1.1,1.5,1.8,0.7,0.1,0.4,1.4,6.3,11.864,2.667,0.444,0.009,25.464,-3.3,2.6,80.75,1.084,2.617
0,8.19,4.45,JT Thor,2021,37,DET,CHO,0,0.458,109.5,-2.6,111.4,-0.7,-1.94,98.3,110.9,-1.4,112.8,0.5,-2,0.444,-1.9,"PF,C",0,18.83,81.25,203,Auburn,2,1,0.481,77.2,76.4,10.02,9.28,104.1,103.1,27,27,1,23,3.1,7.1,0.44,0.8,2.7,0.297,2.3,3.1,0.741,3.4,1.6,5,0.9,0.8,1.4,1.6,2,9.4,18.3,0.547,0.387,0.445,240,7.7,15.4,11.7,7.1,1.9,5.9,15.4,20.4,1.2,0.8,2,0.127,2.4,2.2,4.7,5.4,12.3,1.4,4.8,4.1,5.5,2.8,5.9,8.7,1.5,1.4,2.4,2.7,3.5,16.3,7.4,16.7,1.9,6.5,5.5,7.4,3.9,8.1,11.9,2,1.9,3.2,3.7,4.8,22.2,108.6,101.6,4,185,11,12.2,1.2,2.9,0.419,0.4,1.4,0.317,0.8,1.5,0.509,0.493,0.4,0.6,0.651,0.6,1.5,2.1,0.5,0.3,0.4,0.4,0.9,3.2,5.946,0.562,0.471,0.061,21.265,-0.9,3.8,87.25,1.074,2.498
3,52.56,31.9,Ayo Dosunmu,2021,38,CHI,CHI,0,0.431,110.7,-1.4,111.6,-0.5,-0.94,99,111.1,-1.2,112,-0.3,-0.9,0.472,-0.9,SG,0,21.44,77,194,Illinois,2,3,0.774,80.5,68.6,23.25,11.34,111.7,95.2,28,28,1,35.1,7.5,15.4,0.488,1.1,2.9,0.39,4,5.1,0.783,5.2,1.1,6.3,5.3,1.1,0.2,3.3,2.1,20.1,24,0.566,0.191,0.333,572,3.9,15.9,10.4,29.2,1.8,0.6,15.7,29.5,3.3,1.8,5.1,0.207,6.4,3.1,9.5,8.5,17.5,1.3,3.3,4.6,5.8,1.3,5.9,7.2,6,1.3,0.2,3.8,2.4,22.9,12,24.5,1.8,4.7,6.4,8.2,1.8,8.3,10.1,8.4,1.8,0.3,5.3,3.3,32.2,112.9,96.8,4,279,154,28,4.1,8.1,0.502,1.1,3.1,0.361,3,5.1,0.587,0.57,1,1.2,0.773,0.5,2.4,2.9,3.3,0.8,0.4,1.4,2.3,10.2,55.197,1.606,0.212,0.006,23.428,-0.2,1.5,82.25,1.068,2.519
0,9.08,5,Neemias Queta,2021,39,SAC,BOS,4,0.5,112.6,0.5,111.2,-0.9,1.31,98.3,114,1.7,112.5,0.2,1.5,0.542,1.4,C,0,21.95,84.5,248,Utah State University,0,3,0.69,72.6,62.3,10.99,1.32,104.4,89.7,29,29,1,30,5.8,10.3,0.559,0,0.1,0,3.4,4.8,0.707,7.3,2.9,10.1,2.7,1.1,3.3,2.4,2.4,14.9,30.5,0.592,0.007,0.468,426,10.8,27,19,18.6,2,13.2,15.9,24.3,2.8,2.9,5.8,0.265,5.2,6.9,12.2,7.7,13.7,0,0.1,4.5,6.4,3.8,9.7,13.5,3.5,1.4,4.5,3.2,3.2,19.9,11,19.8,0,0.1,6.5,9.3,5.5,13.9,19.4,5.1,2,6.4,4.6,4.6,28.6,116.4,80.6,4,110,6,12.2,2,3.2,0.627,0,0,0,2,3.2,0.632,0.627,0.7,1,0.713,1.5,2.2,3.6,0.7,0.3,0.7,0.5,1.6,4.7,5.455,1.125,0.397,0.11,24.466,-0.9,5.9,88,1.041,2.935
0,16.02,9.29,Jared Butler,2021,40,NOP,WAS,0,0.472,116.6,4.5,118.5,6.4,-1.84,104.1,111.2,-1.1,113,0.7,-1.7,0.444,-1.9,"PG,SG",0,20.83,75.75,193,Baylor,3,3,0.933,82.9,65.5,24.83,7.4,118.6,93.7,30,30,1,30.3,5.9,12.5,0.471,2.6,6.2,0.416,2.4,3,0.78,2.9,0.4,3.3,4.8,2,0.4,2.8,2.4,16.7,25,0.599,0.492,0.242,498,1.7,11.4,6.5,27.9,3.7,1.3,16.9,27,3.5,1.9,5.4,0.239,7.6,4.1,11.7,7.8,16.5,3.4,8.1,3.1,4,0.6,3.8,4.4,6.3,2.6,0.5,3.7,3.2,22.1,11.2,23.8,4.9,11.7,4.5,5.7,0.8,5.4,6.3,9.1,3.7,0.7,5.4,4.6,31.7,118.6,93.7,4,148,19,13.8,2.5,5.7,0.45,0.8,2.4,0.341,1.7,3.3,0.529,0.522,0.8,1,0.818,0.3,1.2,1.5,2.8,0.6,0.2,1.1,1.4,6.7,12.838,1.714,0.138,0.013,24.377,4.9,3.1,76,1.003,2.548
0,2.13,0.7,Joe Wieskamp,2021,41,SAS,SAS,4,0.458,111.1,-1,112.8,0.7,-1.58,98.9,111,-1.3,112.8,0.5,-1.7,0.444,-1.7,SG,0,21.84,79.25,205,Iowa,2,3,0.71,83.7,72.7,21.4,10.43,117.5,102.1,31,31,1,29.3,5.2,10.6,0.491,2.4,5.1,0.462,2.1,3.1,0.677,5.5,1.2,6.6,1.7,0.9,0.3,1.4,1.5,14.8,22.7,0.616,0.482,0.293,399,4.5,18.7,11.9,10.4,1.8,1.1,10.3,22.4,2.9,1.2,4.1,0.181,7.4,1.9,9.3,7.1,14.5,3.2,7,2.9,4.2,1.6,7.5,9.1,2.3,1.3,0.4,1.9,2.1,20.3,10,20.4,4.5,9.8,4,6,2.3,10.5,12.8,3.3,1.8,0.6,2.7,3,28.6,120.5,101.4,2,38,0,6.7,0.6,1.8,0.329,0.4,1.4,0.309,0.2,0.4,0.4,0.45,0.2,0.3,0.538,0.1,0.4,0.5,0.3,0.1,0.1,0.1,0.4,1.8,0,1.214,0.218,0.01,24.487,-0.3,1.7,83,1.047,2.587
0,33.5,20.11,Isaiah Livers,2021,42,DET,DET,1,0.278,106.6,-5.5,111.1,-1,-4.38,97.9,108,-4.3,112.5,0.2,-4.5,0.361,-4.5,"PF,SF",0,22.91,79.25,232,Michigan,2,4,0.821,75.8,65.1,22,11.25,111.3,95.5,23,23,1,31.6,4.4,9.7,0.457,2.2,5,0.431,2,2.3,0.87,4.9,1.1,6,2,0.6,0.7,1.1,1.6,13.1,20.5,0.605,0.52,0.242,280,4.5,16.6,11.1,11.6,1.1,2.3,9.5,19.8,2.3,1.3,3.6,0.196,6.7,3.6,10.4,5.6,12.3,2.8,6.4,2.6,3,1.4,6.2,7.6,2.5,0.7,0.9,1.4,2,16.6,8.3,18.1,4.1,9.4,3.8,4.4,2,9.2,11.2,3.7,1.1,1.4,2.1,3,24.4,123.6,97.1,3,94,33,21.8,2.1,5.3,0.407,1.3,3.7,0.358,0.8,1.6,0.52,0.531,0.6,0.8,0.789,0.6,2,2.6,0.9,0.6,0.4,0.6,1.9,6.2,35.106,1.818,0.224,0.022,25.742,-1.3,1.6,81.25,1.025,2.927
0,10.71,6.01,Greg Brown III,2021,43,NOP,POR,1,0.583,116.1,4,114.3,2.2,1.8,98.4,117.8,5.5,116,3.7,1.8,0.556,1.8,"PF,SF",0,19.81,80.5,206,Texas,3,1,0.704,74.4,68.2,15.51,9.36,105.5,96.8,26,24,0.923,20.6,3.1,7.4,0.42,1.2,3.5,0.33,2,2.8,0.708,5,1.2,6.2,0.4,0.6,1,2.3,3,9.3,16,0.535,0.472,0.373,220,6.7,26,16.8,3.8,1.6,5,20.9,26.9,0.3,1.2,1.5,0.113,-0.2,2.7,2.5,6.1,14.4,2.2,6.8,3.8,5.4,2.3,9.7,12,0.7,1.1,1.9,4.5,5.8,18.2,8.7,20.8,3.2,9.8,5.5,7.7,3.3,14,17.3,1.1,1.6,2.8,6.5,8.3,26.1,93.6,91.6,3,70,6,11,1.4,3.3,0.424,0.3,1,0.296,1.1,2.3,0.481,0.469,0.8,1.2,0.616,0.6,1.7,2.3,0.6,0.4,0.5,0.7,1.5,3.8,8.571,0.174,0.24,0.049,21.68,-0.8,3,84.25,1.047,2.559
0,24.08,14.28,Kessler Edwards,2021,44,BRK,SAC,0,0.431,113.7,1.6,117.4,5.3,-3.45,100,113.6,1.3,117.2,4.9,-3.7,0.389,-3.7,SF,0,20.88,80,203,Pepperdine,0,3,0.556,76.9,73.6,5.65,5.01,104.5,100.1,27,26,0.963,33.9,6.1,12.4,0.491,1.7,4.4,0.378,3.4,3.9,0.876,5.6,1.2,6.8,1.2,1,1.2,1.8,2.1,17.2,21.8,0.606,0.356,0.314,410,4.4,18.4,11.6,7.2,1.6,3.9,11.3,23.6,2.5,1.4,3.9,0.169,4.5,1,5.6,7.2,14.6,2,5.2,4,4.6,1.4,6.6,8,1.4,1.1,1.4,2.1,2.5,20.3,9.9,20.2,2.7,7.2,5.6,6.3,2,9.1,11.1,2,1.6,2,3,3.5,28.1,114.6,99.7,4,178,45,12.7,1.4,3.2,0.428,0.6,1.7,0.36,0.8,1.6,0.5,0.521,0.2,0.3,0.786,0.6,1.6,2.2,0.6,0.4,0.3,0.4,1.2,3.6,25.281,0.667,0.214,0.035,21.84,0.8,2.5,83.25,1.041,2.538
0,2.65,1.02,A.J. Hammons,2016,46,DAL,DAL,3,0.512,102.3,-0.4,102.6,-0.1,-0.02,94.3,106.7,0.3,107,0.6,-0.3,0.488,-0.3,C,0,23.83,84,250,Purdue,2,4,0.743,77.9,65.2,20.17,7.46,113.7,95.2,33,20,0.606,24.6,6,10.2,0.592,0.2,0.3,0.545,2.7,3.8,0.709,5.8,2.3,8.2,1.1,0.3,2.5,2,2.4,15,31,0.623,0.033,0.378,431,11.5,24.9,18.7,10.5,0.7,10.4,14.1,28.6,2.7,2.2,4.9,0.241,6.5,5.3,11.9,9.8,16.5,0.3,0.5,4.4,6.2,3.8,9.5,13.3,1.8,0.4,4.1,3.2,3.8,24.3,14.4,24.4,0.4,0.8,6.5,9.2,5.6,14,19.6,2.7,0.7,6.1,4.7,5.7,35.9,117.7,88.7,1,22,0,7.4,0.8,1.9,0.405,0.2,0.5,0.5,0.5,1.5,0.375,0.464,0.4,0.9,0.45,0.4,1.3,1.6,0.2,0,0.6,0.5,1,2.2,0,0.55,0.397,0.102,26.009,-1.5,4.5,87,1.036,2.976
0,1,0,David Johnson,2021,47,TOR,TOR,4,0.375,111.3,-0.8,111.7,-0.4,-0.54,99.2,112,-0.3,112.5,0.2,-0.5,0.486,-0.4,"PG,SG",0,20.33,76.75,203,Louisville,3,2,0.65,68,66.5,10.35,8.9,102.3,100.1,19,19,1,35.1,4.7,11.5,0.411,1.7,4.4,0.386,1.5,2.1,0.7,4.9,0.9,5.8,3.2,1.1,0.3,3.2,2.7,12.6,13.4,0.504,0.379,0.183,239,2.9,15.4,9.3,18.8,1.8,0.9,20.4,23.3,0.4,1,1.4,0.083,1.1,1.9,3.1,5.4,13.1,1.9,5,1.7,2.4,1,5.6,6.6,3.6,1.2,0.3,3.7,3.1,14.4,8.2,19.9,2.9,7.5,2.5,3.6,1.5,8.4,10,5.5,1.8,0.5,5.5,4.6,21.8,94.6,100.1,1,2,0,1,0,0.5,0,0,0.5,0,0,0,0,0,0,0,0,0,0,0,0,0,0,0,0,0,0,1,0.184,0.009,24.729,0,1.5,82.5,1.075,2.645
7,93.62,57.3,Evan Mobley,2021,3,CLE,CLE,3,0.306,103.8,-8.3,112.3,0.2,-8.19,97.3,105.8,-6.5,114.4,2.1,-8.6,0.25,-8.5,"PF,C",1,20.02,84,215,USC,2,1,0.758,74.9,65.1,20.5,10.65,109,94.7,33,33,1,33.9,6,10.3,0.578,0.4,1.2,0.3,4.1,5.8,0.694,5.9,2.7,8.7,2.4,0.8,2.9,2.2,1.8,16.4,29.1,0.624,0.117,0.566,532,9.6,18.9,14.5,14.1,1.4,8.8,14.6,22.8,4.3,2.6,6.9,0.248,7.9,5.8,13.7,7,12.2,0.4,1.4,4.8,6.9,3.2,7,10.2,2.8,0.9,3.4,2.6,2.1,19.3,10.4,18,0.6,2.1,7.1,10.2,4.7,10.3,15.1,4.2,1.4,5,3.9,3.1,28.5,123.2,90.9,4,269,269,32.5,6.6,12,0.548,0.6,1.8,0.315,6,10.2,0.589,0.571,2.7,3.8,0.694,2.2,6.7,9,2.9,0.8,1.6,1.9,2.4,16.4,100,1.091,0.458,0.086,20.939,-1.9,4.3,88,1.048,2.56
0,1,0,Marcus Zegarowski,2021,49,BRK,BRK,1,0.667,118.6,6.5,114.1,2,4.24,99.5,118.3,6,113.8,1.5,4.5,0.639,4.5,PG,1,22.89,74,181,Creighton,2,3,0.71,76,68.2,16.28,8.54,108.3,97.3,29,29,1,33.6,5.6,12,0.464,2.8,6.6,0.421,1.9,2.4,0.786,3.3,0.3,3.6,4.3,1.3,0.1,2.1,1.9,15.8,20.9,0.6,0.544,0.201,451,1.1,10.4,6,23.9,2.2,0.2,14,23.5,2.9,1.4,4.3,0.178,5.8,2.3,8.1,6.7,14.3,3.3,7.8,2.3,2.9,0.4,3.9,4.3,5.1,1.5,0.1,2.5,2.3,18.9,9.6,20.6,4.7,11.2,3.2,4.1,0.5,5.7,6.2,7.4,2.2,0.1,3.7,3.2,27.1,115.8,100.7,0,0,0,0,0,0,0,0,0,0,0,0,0,0,0,0,0,0,0,0,0,0,0,0,0,0,0,2.048,0.091,0.003,22.918,0.3,1.6,74.75,1.01,2.446
7,100,61.25,Joel Embiid,2014,3,PHI,PHI,1,0.232,99.5,-1.5,109.9,8.9,-10.66,99.2,99.4,-7.2,109.9,3.3,-10.4,0.195,-10.4,C,0,20.28,84,240,Kansas,4,1,0.714,79,70.1,20.25,11.4,114.3,101.5,28,20,0.714,23.1,3.8,6.1,0.626,0,0.2,0.2,3.5,5.1,0.685,5.8,2.3,8.1,1.4,0.9,2.6,2.4,3.4,11.2,28.2,0.655,0.029,0.836,307,12.7,27.3,20.5,11.5,2.3,11.7,21.6,23.4,1.8,1.7,3.4,0.213,5,6.9,11.9,6.6,10.6,0.1,0.3,6.1,8.8,4,10,14,2.3,1.5,4.5,4.1,5.8,19.4,9.6,15.4,0.1,0.5,8.8,12.9,5.9,14.6,20.5,3.4,2.3,6.5,5.9,8.5,28.2,116.6,90.9,9,452,452,31.9,9.1,18.2,0.501,1.2,3.5,0.339,7.9,14.7,0.54,0.534,8.3,10,0.828,2.2,8.8,11,3.7,0.9,1.6,3.4,3,27.7,100,0.583,0.397,0.113,24.907,5.3,6,89,1.06,2.857
3,11.78,6.67,Brandon Boston Jr.,2021,51,MEM,LAC,1,0.653,114,1.9,107.8,-4.3,6.02,96.9,117.6,5.3,111.2,-1.1,6.4,0.681,6.2,"SG,SF",0,19.57,79,188,Kentucky,4,1,0.36,70.4,70.2,11.77,11.49,99.7,99.3,25,24,0.96,30.4,4.1,11.6,0.355,1.2,4,0.3,2,2.6,0.785,3.2,1.3,4.5,1.6,1.3,0.2,1.4,2,11.5,13.3,0.447,0.345,0.224,276,4.8,11.2,8,11.1,2.5,0.5,10.1,23,0.7,1,1.6,0.087,1,2.1,3.1,5.4,15.3,1.6,5.3,2.7,3.4,1.7,4.2,5.9,2.1,1.7,0.2,1.9,2.6,15.1,7.8,21.8,2.3,7.5,3.8,4.9,2.5,6,8.4,3,2.5,0.3,2.7,3.7,21.6,97.9,102.1,4,147,11,16,2.8,6.7,0.412,0.7,2.3,0.328,2,4.5,0.454,0.467,1.2,1.6,0.781,0.5,1.7,2.2,1.2,0.7,0.2,0.8,1.2,7.5,7.483,1.143,0.406,0.007,20.544,-2.3,1.9,82.75,1.047,2.38
0,7.42,3.97,Luka Garza,2021,52,DET,MIN,2,0.319,112.1,0,117.7,5.6,-5.25,101.6,109.5,-2.8,115,2.7,-5.4,0.333,-5.6,C,0,22.49,83.25,243,Iowa,2,4,0.71,83.7,72.7,21.4,10.43,117.5,102.1,31,31,1,31.5,9.1,16.4,0.553,1.4,3.2,0.44,4.5,6.4,0.709,5.7,3,8.7,1.7,0.7,1.6,1.5,2.3,24.1,35.6,0.62,0.197,0.392,655,10.5,18.3,14.6,12.2,1.2,5.3,7.2,32.5,5.5,1.4,6.9,0.282,11.9,1.8,13.7,11.5,20.8,1.8,4.1,5.8,8.2,3.8,7.3,11.1,2.2,0.9,2.1,1.9,2.9,30.6,16.2,29.4,2.5,5.8,8.2,11.5,5.4,10.3,15.7,3.1,1.2,2.9,2.7,4,43.2,127.3,100.5,4,124,5,7.8,1.8,3.6,0.49,0.4,1.3,0.314,1.4,2.3,0.585,0.545,1,1.4,0.699,1.1,0.9,2,0.4,0.2,0.1,0.4,1.2,4.9,4.032,1.133,0.526,0.051,26.954,2.4,3,85.5,1.027,2.919
0,6.88,3.64,Charles Bassey,2021,53,PHI,SAS,4,0.458,111.1,-1,112.8,0.7,-1.58,98.9,111,-1.3,112.8,0.5,-1.7,0.444,-1.7,C,0,20.66,82.25,230,Western Kentucky,0,3,0.724,72.7,68,5.19,0.5,104.4,97.6,28,28,1,30.4,6.9,11.8,0.59,0.6,2.1,0.305,3.1,4.1,0.759,8.3,3.3,11.6,0.7,0.4,3.1,2.2,2.4,17.6,32.7,0.643,0.179,0.353,441,13.2,30.8,22.4,5.6,0.7,11.5,13.9,26.4,3.3,2.1,5.4,0.254,6.5,2.6,9.1,9.1,15.5,0.8,2.8,4.1,5.5,4.3,11,15.3,0.9,0.5,4.1,2.9,3.1,23.2,13.2,22.4,1.2,4,6,7.9,6.3,15.9,22.1,1.3,0.7,5.9,4.2,4.6,33.6,121.1,90.5,4,113,3,11.1,1.9,3,0.631,0,0.1,0.231,1.9,2.9,0.647,0.636,0.5,0.8,0.648,1.6,2.7,4.3,0.8,0.4,0.9,0.8,1.7,4.3,2.655,0.318,0.398,0.102,23.809,-0.3,4.6,87,1.058,2.796
0,11.17,6.29,Sandro Mamukelashvili,2021,54,IND,SAS,4,0.458,111.1,-1,112.8,0.7,-1.58,98.9,111,-1.3,112.8,0.5,-1.7,0.444,-1.7,"C,PF",0,22.09,82,240,Seton Hall,1,4,0.519,71.3,69.7,11.12,9.53,103.7,101.4,27,27,1,35.6,6.2,14.3,0.434,1.6,4.6,0.336,3.5,4.9,0.714,5.7,1.9,7.6,3.2,1.1,0.6,3.3,1.7,17.5,20.2,0.525,0.323,0.344,470,6.1,18.5,12.4,20.6,1.8,1.7,16.5,28.8,1.8,1.3,3.1,0.127,4.9,1.2,6.2,7,16.1,1.7,5.2,4,5.5,2.1,6.4,8.5,3.6,1.2,0.6,3.7,2,19.7,10.3,23.8,2.6,7.7,5.8,8.2,3.1,9.5,12.5,5.3,1.8,0.9,5.5,2.9,29,102.7,101.6,4,191,15,11.5,1.9,4.1,0.471,0.7,2,0.348,1.2,2.1,0.585,0.555,0.7,0.9,0.731,1.1,2,3.1,0.9,0.3,0.3,0.5,0.9,5.2,7.853,0.97,0.333,0.017,24.258,-0.3,1.8,85.25,1.04,2.927
3,29.93,17.9,Aaron Wiggins,2021,55,OKC,OKC,4,0.306,105,-7.1,115.6,3.5,-10.13,101,103.5,-8.8,114,1.7,-10.5,0.208,-10.6,SG,0,22.48,77,190,Maryland,1,3,0.548,68.9,65.6,13.94,11.97,104.4,99.5,31,30,0.968,33,5.3,11.9,0.446,1.8,5.2,0.356,2,2.5,0.772,4.7,1.1,5.8,2.5,1.1,0.5,2,2,14.5,19.9,0.55,0.432,0.214,441,4.4,16.1,10.6,17.3,2.1,2,13,25.4,2.1,1.6,3.7,0.145,4.9,2.1,7,6.5,14.5,2.2,6.3,2.4,3.1,1.4,5.7,7.1,3.1,1.4,0.7,2.4,2.5,17.5,9.8,21.9,3.4,9.5,3.6,4.7,2.1,8.7,10.7,4.7,2.1,1,3.6,3.7,26.6,106.1,99.2,4,274,79,20,3.3,6.6,0.504,1,2.6,0.389,2.3,3.9,0.581,0.582,0.9,1.2,0.794,0.9,2.2,3.2,1.3,0.7,0.2,0.9,1.4,8.6,28.832,1.25,0.234,0.015,22.957,1.8,2.1,81.75,1.062,2.468
0,1.4,0.25,Scottie Lewis,2021,56,CHO,CHO,0,0.458,109.5,-2.6,111.4,-0.7,-1.94,98.3,110.9,-1.4,112.8,0.5,-2,0.444,-1.9,SG,0,21.29,77.25,188,Florida,2,2,0.6,74.2,70.3,13.7,9.82,104.6,99.1,21,9,0.429,25.6,2.7,6.1,0.445,0.7,2.1,0.318,1.8,2.6,0.673,2.3,0.8,3.1,1.5,1.6,1,1.9,2.5,7.9,14.5,0.535,0.344,0.43,166,4,9.8,7.1,10.4,3.5,4.4,20.2,18,0.5,0.9,1.4,0.104,1.3,4.5,5.8,4.2,9.5,1,3.3,2.8,4.1,1.3,3.6,4.8,2.3,2.5,1.6,2.9,3.9,12.3,6,13.5,1.5,4.6,3.9,5.8,1.8,5.1,6.8,3.3,3.5,2.3,4.1,5.5,17.4,100.2,98.1,1,2,0,3.5,0,0,0,0,0,0,0,0,0,0,0.5,1,0.5,0,0,0,0.5,0.5,0,0,0,0.5,0,0.789,0.348,0.039,22.126,-0.9,4.1,84,1.087,2.434
0,1,0,BalÅ¡a Koprivica,2021,57,CHO,CHO,0,0.458,109.5,-2.6,111.4,-0.7,-1.94,98.3,110.9,-1.4,112.8,0.5,-2,0.444,-1.9,C,0,21.15,85,240,Florida State,1,2,0.72,77.2,69.2,17.12,9.16,109.1,97.8,24,20,0.833,19.5,3.7,6.1,0.599,0,0,1,1.8,2.5,0.689,3.5,2.1,5.6,0.8,0.3,1.4,1.3,2.6,9.1,24.8,0.622,0.007,0.415,211,13.6,19.4,16.7,7.7,0.9,8,15.4,21.9,1.5,0.8,2.3,0.2,3.8,2.9,6.7,7.5,12.6,0.1,0.1,3.6,5.2,4.4,7.2,11.5,1.5,0.6,2.8,2.7,5.4,18.7,10.7,17.9,0.1,0.1,5.1,7.4,6.2,10.3,16.5,2.2,0.9,4,3.9,7.7,26.7,119.9,97.1,0,0,0,0,0,0,0,0,0,0,0,0,0,0,0,0,0,0,0,0,0,0,0,0,0,0,0,0.615,0.6,0.072,23.148,-0.9,3.4,87.25,1.026,2.824
0,19.28,11.31,Jericho Sims,2021,58,NYK,NYK,2,0.569,107,-5.1,104.7,-7.4,2.13,95.9,110.6,-1.7,108.2,-4.1,2.4,0.569,2.3,"C,PF",0,22.68,82,250,Texas,3,4,0.704,74.4,68.2,15.51,9.36,105.5,96.8,26,26,1,24.5,3.6,5.2,0.696,0,0,0,2,3.8,0.52,5.1,2.2,7.2,0.7,0.7,1.1,1.6,2.5,9.2,21.7,0.658,0,0.741,227,10.2,22.1,16.4,5.4,1.7,4.6,18.7,17.6,1.5,1.4,2.9,0.181,3.6,3.4,6.9,5.9,8.5,0,0,3.3,6.3,3.5,8.3,11.8,1.1,1.2,1.8,2.6,4.1,15,8.5,12.2,0,0,4.7,9,5,11.9,17,1.5,1.7,2.5,3.8,6,21.6,117,93.5,4,191,37,13.5,1.1,1.5,0.714,0,0,0,1.1,1.5,0.717,0.714,0.3,0.4,0.585,1.5,2.5,4,0.5,0.2,0.5,0.5,1.4,2.4,19.372,0.437,0.431,0.045,25.656,-3.3,3,87.25,1.064,3.049
0,8.11,4.4,RaiQuan Gray,2021,59,BRK,SAS,4,0.458,111.1,-1,112.8,0.7,-1.58,98.9,111,-1.3,112.8,0.5,-1.7,0.444,-1.7,"SF,PF",0,21.97,79.75,269,Florida State,1,3,0.72,77.2,69.2,17.12,9.16,109.1,97.8,25,24,0.96,26.3,4.4,8.4,0.517,0.3,1.2,0.267,2.8,3.7,0.763,4.9,1.5,6.4,2.2,1.2,0.7,2.2,2.6,11.9,22.2,0.582,0.142,0.441,297,7,20.2,14.1,16.1,2.6,3.1,17.7,23.3,1.7,1.3,3,0.183,3.7,3.7,7.4,6.6,12.8,0.5,1.8,4.3,5.7,2.2,7.5,9.7,3.3,1.8,1.1,3.3,4,18.1,9.5,18.3,0.7,2.6,6.2,8.1,3.2,10.7,13.9,4.8,2.6,1.6,4.8,5.6,25.8,112.5,95.1,2,4,0,18.5,4,7.3,0.552,1.3,3,0.417,2.8,4.3,0.647,0.638,0.5,0.5,1,1.3,2.8,4,3.3,0.3,0.5,1.3,1.3,9.8,0,1,0.306,0.027,28.392,-0.3,2.9,82.75,1.038,3.373
